{"type":"FeatureCollection","features":[{"type":"Feature","properties":{"name":"Aarau","cantonId":"aargau","municipalityId":"aarau-4001"},"geometry":{"type":"Polygon","coordinates":[[[8.11347,47.40474],[8.0913,47.40418],[8.08766,47.39811],[8.08316,47.39674],[8.06869,47.39753],[8.06462,47.39466],[8.0649,47.38887],[8.059,47.38507],[8.05837,47.38139],[8.06382,47.3798],[8.06744,47.37263],[8.0549,47.36965],[8.05663,47.37251],[8.05045,47.37101],[8.04859,47.37559],[8.03906,47.37742],[8.02734,47.37113],[8.03138,47.38368],[8.02647,47.39597],[8.03244,47.40099],[8.04408,47.40001],[8.07231,47.41062],[8.10401,47.41227],[8.1039,47.4083],[8.11347,47.40478],[8.11347,47.40474]]]}},{"type":"Feature","properties":{"name":"Aarburg","cantonId":"aargau","municipalityId":"aarburg-4271"},"geometry":{"type":"Polygon","coordinates":[[[7.90835,47.3074],[7.89176,47.31574],[7.89811,47.31982],[7.89686,47.32766],[7.90791,47.33948],[7.90782,47.34172],[7.9182,47.33531],[7.91763,47.33209],[7.92723,47.32932],[7.91709,47.32708],[7.91688,47.32313],[7.91122,47.32072],[7.91076,47.31494],[7.91649,47.31222],[7.90871,47.30757],[7.90835,47.3074]]]}},{"type":"Feature","properties":{"name":"Abtwil","cantonId":"aargau","municipalityId":"abtwil-4221"},"geometry":{"type":"Polygon","coordinates":[[[8.33927,47.18425],[8.36271,47.18522],[8.36292,47.17822],[8.36688,47.17832],[8.36768,47.17304],[8.36432,47.16965],[8.3651,47.16576],[8.35803,47.16279],[8.36119,47.16153],[8.35812,47.15679],[8.34762,47.16454],[8.34912,47.166],[8.34646,47.16997],[8.34095,47.17376],[8.33846,47.18457],[8.33927,47.18425]]]}},{"type":"Feature","properties":{"name":"Ammerswil","cantonId":"aargau","municipalityId":"ammerswil-4191"},"geometry":{"type":"Polygon","coordinates":[[[8.18966,47.36251],[8.19507,47.37186],[8.20629,47.37698],[8.21467,47.37726],[8.22285,47.37455],[8.21533,47.36754],[8.21648,47.36277],[8.21446,47.36151],[8.20933,47.36214],[8.20603,47.3591],[8.20007,47.35797],[8.19882,47.36132],[8.19037,47.36238],[8.18966,47.36251]]]}},{"type":"Feature","properties":{"name":"Aristau","cantonId":"aargau","municipalityId":"aristau-4222"},"geometry":{"type":"Polygon","coordinates":[[[8.36108,47.27367],[8.3562,47.27655],[8.35568,47.28052],[8.35297,47.28044],[8.35461,47.28738],[8.34849,47.28766],[8.34953,47.28989],[8.34733,47.29132],[8.34074,47.28919],[8.33489,47.29717],[8.34018,47.29972],[8.3387,47.30142],[8.3432,47.30431],[8.34505,47.30271],[8.3478,47.30488],[8.35006,47.3038],[8.3535,47.30759],[8.36493,47.30397],[8.36558,47.30152],[8.36658,47.30346],[8.37511,47.3035],[8.37681,47.29801],[8.39161,47.28649],[8.38401,47.27925],[8.36186,47.27647],[8.36134,47.2737],[8.36108,47.27367]]]}},{"type":"Feature","properties":{"name":"Arni (AG)","cantonId":"aargau","municipalityId":"arni-ag-4061"},"geometry":{"type":"Polygon","coordinates":[[[8.43274,47.3264],[8.42976,47.3197],[8.43289,47.31843],[8.43194,47.31537],[8.43621,47.31472],[8.42928,47.30724],[8.43075,47.30498],[8.4281,47.30136],[8.41887,47.31146],[8.41719,47.31061],[8.41305,47.3148],[8.40778,47.31428],[8.40719,47.31687],[8.41376,47.32078],[8.40706,47.32671],[8.41087,47.32971],[8.41629,47.32446],[8.43167,47.32697],[8.43274,47.3264]]]}},{"type":"Feature","properties":{"name":"Auenstein","cantonId":"aargau","municipalityId":"auenstein-4091"},"geometry":{"type":"Polygon","coordinates":[[[8.11223,47.42591],[8.12434,47.4266],[8.12752,47.42391],[8.14786,47.42379],[8.15821,47.41925],[8.16062,47.41709],[8.15714,47.41565],[8.12194,47.41061],[8.10402,47.41235],[8.10099,47.41829],[8.09741,47.41996],[8.09845,47.42335],[8.11101,47.42568],[8.11223,47.42591]]]}},{"type":"Feature","properties":{"name":"Auw","cantonId":"aargau","municipalityId":"auw-4223"},"geometry":{"type":"Polygon","coordinates":[[[8.32733,47.21079],[8.33644,47.20843],[8.34447,47.21395],[8.34933,47.21473],[8.34927,47.21922],[8.35773,47.21961],[8.35653,47.22617],[8.35856,47.22706],[8.35859,47.23394],[8.36912,47.23243],[8.37397,47.23453],[8.37748,47.23027],[8.37888,47.22125],[8.38246,47.22153],[8.38637,47.21792],[8.38643,47.21447],[8.38315,47.21497],[8.38501,47.20777],[8.38168,47.20745],[8.38114,47.20417],[8.37458,47.20282],[8.37416,47.19938],[8.37079,47.20366],[8.36337,47.20335],[8.35915,47.20554],[8.35696,47.20276],[8.34689,47.20406],[8.34021,47.20162],[8.33009,47.20234],[8.32743,47.21048],[8.32733,47.21079]]]}},{"type":"Feature","properties":{"name":"Baden","cantonId":"aargau","municipalityId":"baden-4021"},"geometry":{"type":"MultiPolygon","coordinates":[[[[8.31083,47.46003],[8.31014,47.45746],[8.30765,47.45798],[8.30766,47.45565],[8.30443,47.45426],[8.31202,47.44953],[8.30853,47.44549],[8.29873,47.44782],[8.29287,47.44348],[8.28871,47.44629],[8.28069,47.44737],[8.27367,47.45597],[8.27459,47.4576],[8.27126,47.45857],[8.27002,47.46805],[8.26566,47.47649],[8.26719,47.47986],[8.25532,47.48281],[8.25226,47.48551],[8.25339,47.48788],[8.24816,47.4899],[8.24715,47.49398],[8.25667,47.49676],[8.25773,47.49158],[8.2694,47.48813],[8.27225,47.48338],[8.29449,47.48505],[8.30184,47.48221],[8.31388,47.48178],[8.31005,47.47607],[8.3105,47.47308],[8.31937,47.47317],[8.31198,47.46875],[8.31118,47.46491],[8.30854,47.4656],[8.30973,47.46044],[8.31083,47.46003]]],[[[8.27332,47.44261],[8.27605,47.4405],[8.27546,47.43773],[8.26863,47.43291],[8.26124,47.43643],[8.26592,47.44167],[8.2718,47.44399],[8.27332,47.44267],[8.27332,47.44261]]]]}},{"type":"Feature","properties":{"name":"Beinwil am See","cantonId":"aargau","municipalityId":"beinwil-am-see-4131"},"geometry":{"type":"Polygon","coordinates":[[[8.22249,47.25875],[8.21975,47.25216],[8.2078,47.24734],[8.20326,47.25823],[8.19958,47.26134],[8.19543,47.2609],[8.19715,47.26273],[8.19372,47.26727],[8.19577,47.27152],[8.19201,47.27831],[8.20348,47.28179],[8.21657,47.27979],[8.22331,47.26071],[8.22249,47.25875]]]}},{"type":"Feature","properties":{"name":"Beinwil (Freiamt)","cantonId":"aargau","municipalityId":"beinwil-freiamt-4224"},"geometry":{"type":"Polygon","coordinates":[[[8.31484,47.23973],[8.32501,47.24305],[8.3257,47.24595],[8.33918,47.24305],[8.3421,47.24588],[8.35088,47.24614],[8.3537,47.23924],[8.35817,47.23831],[8.36089,47.23915],[8.36159,47.24225],[8.37107,47.24247],[8.37397,47.23453],[8.36912,47.23243],[8.35859,47.23394],[8.35856,47.22706],[8.35653,47.22617],[8.35812,47.21993],[8.34927,47.21922],[8.34933,47.21473],[8.34447,47.21395],[8.3408,47.21006],[8.33579,47.20837],[8.32672,47.21083],[8.32521,47.21471],[8.31946,47.21561],[8.32093,47.22113],[8.317,47.22497],[8.31474,47.23969],[8.31484,47.23973]]]}},{"type":"Feature","properties":{"name":"Bellikon","cantonId":"aargau","municipalityId":"bellikon-4022"},"geometry":{"type":"Polygon","coordinates":[[[8.35811,47.40395],[8.35815,47.39761],[8.36412,47.38206],[8.35194,47.37515],[8.34359,47.38194],[8.33224,47.39665],[8.33502,47.39967],[8.33352,47.40122],[8.34977,47.40579],[8.35802,47.40405],[8.35811,47.40395]]]}},{"type":"Feature","properties":{"name":"Bergdietikon","cantonId":"aargau","municipalityId":"bergdietikon-4023"},"geometry":{"type":"Polygon","coordinates":[[[8.40037,47.37051],[8.39457,47.37291],[8.39403,47.37569],[8.38937,47.37867],[8.38285,47.37625],[8.36671,47.37805],[8.3577,47.40007],[8.35811,47.40395],[8.36639,47.39882],[8.37872,47.40003],[8.38315,47.39458],[8.39191,47.39584],[8.39647,47.39399],[8.39403,47.39116],[8.39495,47.38072],[8.40078,47.3742],[8.40034,47.37118],[8.40037,47.37051]]]}},{"type":"Feature","properties":{"name":"Berikon","cantonId":"aargau","municipalityId":"berikon-4062"},"geometry":{"type":"Polygon","coordinates":[[[8.37536,47.34116],[8.36864,47.34835],[8.37009,47.35032],[8.35877,47.35845],[8.35838,47.36029],[8.36413,47.36503],[8.37765,47.35973],[8.39757,47.35905],[8.398,47.36119],[8.40494,47.3641],[8.40672,47.36176],[8.40731,47.35569],[8.40928,47.35507],[8.40677,47.35189],[8.37539,47.34117],[8.37536,47.34116]]]}},{"type":"Feature","properties":{"name":"Besenbüren","cantonId":"aargau","municipalityId":"besenbueren-4226"},"geometry":{"type":"Polygon","coordinates":[[[8.35021,47.32206],[8.3538,47.31731],[8.35457,47.30886],[8.35006,47.3038],[8.3478,47.30488],[8.34505,47.30271],[8.3432,47.30431],[8.34093,47.30275],[8.33794,47.30538],[8.34041,47.30671],[8.33466,47.31245],[8.33675,47.31836],[8.33506,47.32037],[8.3502,47.32202],[8.35021,47.32206]]]}},{"type":"Feature","properties":{"name":"Bettwil","cantonId":"aargau","municipalityId":"bettwil-4227"},"geometry":{"type":"Polygon","coordinates":[[[8.25478,47.29774],[8.25876,47.29653],[8.27134,47.29991],[8.27589,47.29513],[8.28109,47.29602],[8.28588,47.28829],[8.29902,47.27525],[8.29798,47.272],[8.27865,47.28212],[8.27322,47.28064],[8.27069,47.28347],[8.26174,47.28254],[8.25475,47.29772],[8.25478,47.29774]]]}},{"type":"Feature","properties":{"name":"Biberstein","cantonId":"aargau","municipalityId":"biberstein-4002"},"geometry":{"type":"Polygon","coordinates":[[[8.07049,47.41022],[8.06777,47.41473],[8.06917,47.4174],[8.06745,47.41894],[8.06753,47.42919],[8.09845,47.42335],[8.09741,47.41996],[8.10099,47.41829],[8.10402,47.41235],[8.07068,47.41028],[8.07049,47.41022]]]}},{"type":"Feature","properties":{"name":"Birmenstorf (AG)","cantonId":"aargau","municipalityId":"birmenstorf-ag-4024"},"geometry":{"type":"Polygon","coordinates":[[[8.27332,47.44261],[8.2718,47.44399],[8.26476,47.44102],[8.26124,47.43643],[8.26475,47.43424],[8.26423,47.43252],[8.25988,47.43524],[8.25355,47.43064],[8.24885,47.43064],[8.24889,47.43897],[8.2552,47.44365],[8.25758,47.44964],[8.24657,47.45831],[8.22754,47.45933],[8.2329,47.4653],[8.23317,47.4713],[8.24487,47.47348],[8.25189,47.46809],[8.26554,47.4664],[8.27002,47.46805],[8.27126,47.45857],[8.27459,47.4576],[8.27367,47.45597],[8.28069,47.44737],[8.27414,47.44331],[8.27332,47.44261]]]}},{"type":"Feature","properties":{"name":"Birr","cantonId":"aargau","municipalityId":"birr-4092"},"geometry":{"type":"Polygon","coordinates":[[[8.23049,47.44016],[8.23369,47.43672],[8.23295,47.43437],[8.23078,47.43469],[8.23108,47.43046],[8.22639,47.4265],[8.2272,47.42459],[8.22366,47.42321],[8.21776,47.42302],[8.21654,47.42626],[8.20869,47.42593],[8.20757,47.42331],[8.18793,47.42632],[8.18771,47.43046],[8.19524,47.43531],[8.19447,47.43706],[8.22895,47.44172],[8.23049,47.44016]]]}},{"type":"Feature","properties":{"name":"Birrhard","cantonId":"aargau","municipalityId":"birrhard-4093"},"geometry":{"type":"Polygon","coordinates":[[[8.22865,47.42701],[8.23108,47.43046],[8.23078,47.43469],[8.23295,47.43437],[8.23369,47.43672],[8.23049,47.44016],[8.24238,47.44567],[8.24769,47.44423],[8.25094,47.44783],[8.25761,47.4489],[8.25464,47.44299],[8.24889,47.43897],[8.24803,47.43147],[8.25215,47.43039],[8.24942,47.42714],[8.23705,47.4238],[8.23507,47.42944],[8.22867,47.427],[8.22865,47.42701]]]}},{"type":"Feature","properties":{"name":"Birrwil","cantonId":"aargau","municipalityId":"birrwil-4132"},"geometry":{"type":"Polygon","coordinates":[[[8.19074,47.30242],[8.19678,47.29805],[8.19686,47.30371],[8.20642,47.30855],[8.21657,47.27979],[8.20348,47.28179],[8.19372,47.27938],[8.18784,47.28531],[8.18194,47.28526],[8.17892,47.29045],[8.17956,47.29523],[8.18858,47.30257],[8.19074,47.30242]]]}},{"type":"Feature","properties":{"name":"Böttstein","cantonId":"aargau","municipalityId":"boettstein-4303"},"geometry":{"type":"Polygon","coordinates":[[[8.20569,47.55798],[8.21508,47.56144],[8.22142,47.56063],[8.22113,47.5628],[8.22329,47.56301],[8.22143,47.56752],[8.22682,47.57315],[8.22395,47.57519],[8.22557,47.57793],[8.24118,47.58161],[8.25328,47.57202],[8.25395,47.5685],[8.25068,47.56172],[8.2315,47.55808],[8.22714,47.55544],[8.22532,47.55147],[8.23089,47.54391],[8.22898,47.54159],[8.21395,47.54681],[8.20691,47.54684],[8.20469,47.5509],[8.2057,47.55796],[8.20569,47.55798]]]}},{"type":"Feature","properties":{"name":"Bözberg","cantonId":"aargau","municipalityId":"boezberg-4124"},"geometry":{"type":"Polygon","coordinates":[[[8.15291,47.51175],[8.15686,47.50765],[8.17404,47.51063],[8.18187,47.50971],[8.17893,47.50379],[8.18334,47.50201],[8.17336,47.49882],[8.16562,47.4907],[8.1727,47.48957],[8.16951,47.48636],[8.18171,47.48584],[8.18092,47.48243],[8.16128,47.47735],[8.14454,47.48121],[8.13659,47.47507],[8.1348,47.47013],[8.13906,47.46754],[8.13364,47.4688],[8.13252,47.4662],[8.11806,47.46009],[8.1139,47.46631],[8.11533,47.47026],[8.1059,47.47629],[8.11054,47.47639],[8.11106,47.48032],[8.11801,47.4853],[8.12367,47.48418],[8.12739,47.48708],[8.1266,47.49001],[8.12873,47.48999],[8.12974,47.49462],[8.12761,47.49838],[8.13146,47.49934],[8.13233,47.50195],[8.12795,47.50987],[8.14925,47.50957],[8.15194,47.51125],[8.15291,47.51175]]]}},{"type":"Feature","properties":{"name":"Böztal","cantonId":"aargau","municipalityId":"boeztal-4185"},"geometry":{"type":"Polygon","coordinates":[[[8.06842,47.48172],[8.06444,47.48373],[8.06647,47.48539],[8.05666,47.48915],[8.05491,47.49374],[8.04992,47.49325],[8.03752,47.49928],[8.0389,47.50522],[8.04573,47.50536],[8.04293,47.50812],[8.04636,47.51123],[8.04493,47.51399],[8.04892,47.51476],[8.05513,47.50858],[8.05901,47.50801],[8.06308,47.51465],[8.08138,47.51411],[8.08006,47.51586],[8.08172,47.51832],[8.08841,47.52024],[8.11195,47.5176],[8.12769,47.51069],[8.13233,47.50195],[8.13146,47.49934],[8.12761,47.49838],[8.12974,47.49462],[8.12873,47.48999],[8.1266,47.49001],[8.12739,47.48708],[8.12367,47.48418],[8.11801,47.4853],[8.11303,47.48265],[8.11054,47.47639],[8.10302,47.47663],[8.10491,47.47255],[8.09807,47.47599],[8.09992,47.47724],[8.09549,47.48031],[8.08657,47.48217],[8.07539,47.48934],[8.07225,47.48726],[8.07557,47.48365],[8.06876,47.48183],[8.06842,47.48172]]]}},{"type":"Feature","properties":{"name":"Boniswil","cantonId":"aargau","municipalityId":"boniswil-4192"},"geometry":{"type":"Polygon","coordinates":[[[8.19074,47.30242],[8.17161,47.32242],[8.17962,47.31581],[8.18332,47.31878],[8.18424,47.31739],[8.19829,47.32078],[8.20642,47.30855],[8.19686,47.30371],[8.19678,47.29805],[8.19076,47.30236],[8.19074,47.30242]]]}},{"type":"Feature","properties":{"name":"Boswil","cantonId":"aargau","municipalityId":"boswil-4228"},"geometry":{"type":"Polygon","coordinates":[[[8.3139,47.28001],[8.3061,47.27459],[8.29994,47.2776],[8.29899,47.27456],[8.28398,47.29158],[8.28709,47.29493],[8.2868,47.30105],[8.29704,47.30429],[8.29655,47.30727],[8.30135,47.30894],[8.29741,47.32158],[8.28847,47.32598],[8.29127,47.32846],[8.30135,47.32276],[8.30365,47.32349],[8.30522,47.32086],[8.30738,47.32171],[8.30899,47.31911],[8.31099,47.31993],[8.31721,47.31365],[8.31296,47.31144],[8.31532,47.30577],[8.32028,47.30704],[8.32171,47.3052],[8.32536,47.30724],[8.32747,47.30523],[8.33191,47.30702],[8.34093,47.30275],[8.33866,47.30127],[8.34018,47.29972],[8.32262,47.28874],[8.32389,47.28734],[8.3213,47.28576],[8.32128,47.28284],[8.31454,47.28025],[8.3139,47.28001]]]}},{"type":"Feature","properties":{"name":"Bottenwil","cantonId":"aargau","municipalityId":"bottenwil-4273"},"geometry":{"type":"Polygon","coordinates":[[[8.00482,47.27119],[8.0048,47.27437],[7.99767,47.27976],[8.00005,47.28026],[7.99763,47.2809],[7.99991,47.28305],[7.99552,47.28404],[7.98822,47.28143],[7.9787,47.28539],[7.99604,47.29639],[8.00484,47.29676],[8.02001,47.29124],[8.01935,47.28802],[8.01428,47.28479],[8.0172,47.28213],[8.01621,47.27583],[8.02007,47.26992],[8.00486,47.27118],[8.00482,47.27119]]]}},{"type":"Feature","properties":{"name":"Bremgarten (AG)","cantonId":"aargau","municipalityId":"bremgarten-ag-4063"},"geometry":{"type":"Polygon","coordinates":[[[8.35021,47.32206],[8.34053,47.32053],[8.32825,47.3325],[8.32,47.33496],[8.31908,47.33982],[8.32108,47.34093],[8.31107,47.35277],[8.301,47.35946],[8.30251,47.36202],[8.30599,47.3629],[8.31411,47.35918],[8.31815,47.36278],[8.31731,47.36537],[8.32163,47.36622],[8.32096,47.368],[8.32385,47.36836],[8.32733,47.36502],[8.3329,47.37219],[8.33536,47.37093],[8.3349,47.36566],[8.34252,47.36166],[8.34548,47.35762],[8.34731,47.35829],[8.34517,47.36359],[8.34687,47.36363],[8.35179,47.35648],[8.35041,47.35163],[8.35258,47.34938],[8.3496,47.34487],[8.33773,47.33894],[8.35502,47.33024],[8.36373,47.32923],[8.36077,47.32581],[8.35275,47.32454],[8.35361,47.32316],[8.35025,47.32209],[8.35021,47.32206]]]}},{"type":"Feature","properties":{"name":"Brittnau","cantonId":"aargau","municipalityId":"brittnau-4274"},"geometry":{"type":"Polygon","coordinates":[[[7.96161,47.25457],[7.93349,47.23589],[7.92118,47.23791],[7.91011,47.24394],[7.89467,47.24261],[7.89568,47.24936],[7.89152,47.25793],[7.89415,47.26018],[7.91626,47.26783],[7.9245,47.26458],[7.94098,47.27505],[7.95065,47.27478],[7.94917,47.27254],[7.95166,47.26569],[7.96149,47.25463],[7.96161,47.25457]]]}},{"type":"Feature","properties":{"name":"Brugg","cantonId":"aargau","municipalityId":"brugg-4095"},"geometry":{"type":"Polygon","coordinates":[[[8.18092,47.48243],[8.20739,47.48957],[8.20526,47.49192],[8.21016,47.49348],[8.20685,47.49558],[8.20793,47.49651],[8.21639,47.49529],[8.2206,47.49764],[8.22001,47.50242],[8.22201,47.49823],[8.23463,47.50794],[8.2371,47.49241],[8.22904,47.48751],[8.21387,47.48649],[8.21445,47.48398],[8.21009,47.4812],[8.21165,47.47985],[8.20318,47.47652],[8.20461,47.47523],[8.19341,47.46779],[8.17685,47.46521],[8.17656,47.46171],[8.17258,47.46142],[8.17089,47.45752],[8.17349,47.45722],[8.17221,47.45325],[8.17569,47.45403],[8.17171,47.4515],[8.17535,47.44587],[8.17263,47.44159],[8.16506,47.44253],[8.16242,47.46007],[8.15876,47.46014],[8.15986,47.46374],[8.14752,47.46487],[8.1456,47.46756],[8.13936,47.46742],[8.13477,47.47029],[8.13659,47.47507],[8.14481,47.4813],[8.16128,47.47735],[8.18019,47.4822],[8.18092,47.48243]]]}},{"type":"Feature","properties":{"name":"Brunegg","cantonId":"aargau","municipalityId":"brunegg-4193"},"geometry":{"type":"Polygon","coordinates":[[[8.22865,47.42701],[8.23507,47.42944],[8.23602,47.42752],[8.22169,47.41455],[8.21628,47.41269],[8.21601,47.41435],[8.2102,47.41446],[8.21246,47.41611],[8.20757,47.42331],[8.20869,47.42593],[8.21654,47.42626],[8.21776,47.42302],[8.22121,47.42245],[8.22851,47.42681],[8.22865,47.42701]]]}},{"type":"Feature","properties":{"name":"Buchs (AG)","cantonId":"aargau","municipalityId":"buchs-ag-4003"},"geometry":{"type":"Polygon","coordinates":[[[8.11347,47.40474],[8.11559,47.40418],[8.11661,47.40019],[8.10837,47.39645],[8.08697,47.39306],[8.09158,47.3896],[8.10237,47.39112],[8.10499,47.3884],[8.07422,47.38047],[8.06374,47.38995],[8.06462,47.39466],[8.06869,47.39753],[8.08316,47.39674],[8.08766,47.39811],[8.0913,47.40418],[8.1134,47.40475],[8.11347,47.40474]]]}},{"type":"Feature","properties":{"name":"Bünzen","cantonId":"aargau","municipalityId":"buenzen-4229"},"geometry":{"type":"Polygon","coordinates":[[[8.3005,47.32404],[8.30789,47.32668],[8.30688,47.331],[8.30861,47.33214],[8.31612,47.33252],[8.32185,47.33546],[8.32883,47.33206],[8.34007,47.32131],[8.33506,47.32037],[8.33675,47.31836],[8.33466,47.31245],[8.34041,47.30671],[8.32732,47.30523],[8.32536,47.30724],[8.32171,47.3052],[8.313,47.30788],[8.31494,47.30932],[8.31296,47.31144],[8.31721,47.31365],[8.31099,47.31993],[8.30118,47.32294],[8.3005,47.32404]]]}},{"type":"Feature","properties":{"name":"Büttikon","cantonId":"aargau","municipalityId":"buettikon-4064"},"geometry":{"type":"Polygon","coordinates":[[[8.28636,47.32332],[8.28558,47.31917],[8.28306,47.31857],[8.27897,47.32407],[8.26747,47.32202],[8.26514,47.31983],[8.25328,47.32668],[8.25689,47.33033],[8.25431,47.33162],[8.25651,47.33259],[8.25527,47.33446],[8.25969,47.33424],[8.2665,47.33809],[8.28671,47.32376],[8.28636,47.32332]]]}},{"type":"Feature","properties":{"name":"Buttwil","cantonId":"aargau","municipalityId":"buttwil-4230"},"geometry":{"type":"Polygon","coordinates":[[[8.3139,47.28001],[8.31675,47.27104],[8.3189,47.27121],[8.32284,47.26653],[8.32604,47.2673],[8.32116,47.2581],[8.31678,47.25658],[8.31727,47.25404],[8.30666,47.25075],[8.30115,47.25226],[8.29451,47.26476],[8.30027,47.27148],[8.29798,47.272],[8.29944,47.27736],[8.3061,47.27459],[8.31163,47.27859],[8.3139,47.28001]]]}},{"type":"Feature","properties":{"name":"Densbüren","cantonId":"aargau","municipalityId":"densbueren-4004"},"geometry":{"type":"Polygon","coordinates":[[[8.09242,47.45683],[8.08535,47.45532],[8.08491,47.44834],[8.07646,47.44833],[8.07733,47.44217],[8.06442,47.44006],[8.06812,47.43355],[8.0671,47.43173],[8.05592,47.43354],[8.05398,47.43602],[8.0441,47.43415],[8.0429,47.43704],[8.03525,47.43776],[8.03016,47.43589],[8.03387,47.4427],[8.0298,47.44282],[8.0325,47.44689],[8.03009,47.44758],[8.03182,47.45068],[8.02858,47.45552],[8.02849,47.4619],[8.04305,47.46599],[8.05208,47.46572],[8.05129,47.46391],[8.05885,47.46678],[8.08005,47.46613],[8.08571,47.4638],[8.09189,47.45727],[8.09242,47.45683]]]}},{"type":"Feature","properties":{"name":"Dietwil","cantonId":"aargau","municipalityId":"dietwil-4231"},"geometry":{"type":"Polygon","coordinates":[[[8.4053,47.13747],[8.37609,47.13925],[8.37483,47.14304],[8.37715,47.14579],[8.374,47.14657],[8.38355,47.15364],[8.38267,47.1608],[8.39828,47.15869],[8.3984,47.15316],[8.41453,47.15739],[8.41196,47.1536],[8.41426,47.14323],[8.40566,47.1376],[8.4053,47.13747]]]}},{"type":"Feature","properties":{"name":"Dintikon","cantonId":"aargau","municipalityId":"dintikon-4194"},"geometry":{"type":"Polygon","coordinates":[[[8.2277,47.37724],[8.23635,47.36479],[8.22792,47.3608],[8.23081,47.35716],[8.22615,47.35594],[8.2287,47.35341],[8.22325,47.34801],[8.21661,47.3492],[8.21177,47.3455],[8.21335,47.35102],[8.20679,47.35991],[8.20933,47.36214],[8.21312,47.36092],[8.21648,47.36277],[8.21533,47.36754],[8.22742,47.37739],[8.2277,47.37724]]]}},{"type":"Feature","properties":{"name":"Döttingen","cantonId":"aargau","municipalityId":"doettingen-4304"},"geometry":{"type":"Polygon","coordinates":[[[8.27754,47.57501],[8.26912,47.56502],[8.26837,47.55862],[8.26268,47.55122],[8.26398,47.54842],[8.24035,47.5476],[8.23357,47.5433],[8.22532,47.55147],[8.23063,47.55775],[8.25068,47.56172],[8.25404,47.56941],[8.251,47.57456],[8.25535,47.57802],[8.27095,47.57782],[8.27748,47.57537],[8.27754,47.57501]]]}},{"type":"Feature","properties":{"name":"Dottikon","cantonId":"aargau","municipalityId":"dottikon-4065"},"geometry":{"type":"Polygon","coordinates":[[[8.2315,47.37964],[8.22659,47.39011],[8.22927,47.39184],[8.22709,47.39362],[8.23461,47.3972],[8.24303,47.3858],[8.24767,47.38471],[8.25184,47.37937],[8.2608,47.37782],[8.26361,47.37529],[8.26436,47.37291],[8.26084,47.37427],[8.25527,47.36859],[8.25137,47.37048],[8.24897,47.36711],[8.24299,47.37002],[8.24033,47.37394],[8.23559,47.37346],[8.23152,47.37961],[8.2315,47.37964]]]}},{"type":"Feature","properties":{"name":"Dürrenäsch","cantonId":"aargau","municipalityId":"duerrenaesch-4134"},"geometry":{"type":"Polygon","coordinates":[[[8.1302,47.31912],[8.13776,47.3187],[8.1378,47.3209],[8.14322,47.32307],[8.14805,47.32835],[8.14604,47.33229],[8.15523,47.33322],[8.16614,47.32895],[8.17224,47.32407],[8.17149,47.3223],[8.17437,47.31935],[8.16576,47.31431],[8.16714,47.31268],[8.1618,47.3083],[8.16096,47.30299],[8.15528,47.29945],[8.15155,47.30722],[8.14262,47.313],[8.13084,47.31484],[8.13218,47.31627],[8.13025,47.31877],[8.1302,47.31912]]]}},{"type":"Feature","properties":{"name":"Eggenwil","cantonId":"aargau","municipalityId":"eggenwil-4066"},"geometry":{"type":"Polygon","coordinates":[[[8.34715,47.36371],[8.34517,47.36359],[8.34731,47.35829],[8.34548,47.35762],[8.34252,47.36166],[8.3349,47.36566],[8.3344,47.3719],[8.33088,47.37151],[8.32917,47.36782],[8.32498,47.36805],[8.32446,47.37252],[8.32881,47.3758],[8.32765,47.38024],[8.33094,47.38106],[8.33475,47.37754],[8.3405,47.37849],[8.34315,47.37683],[8.34894,47.37879],[8.35194,47.37515],[8.34976,47.37012],[8.3445,47.3679],[8.34721,47.36383],[8.34715,47.36371]]]}},{"type":"Feature","properties":{"name":"Egliswil","cantonId":"aargau","municipalityId":"egliswil-4195"},"geometry":{"type":"Polygon","coordinates":[[[8.18966,47.36251],[8.19882,47.36132],[8.20007,47.35797],[8.20679,47.35991],[8.21354,47.34981],[8.21177,47.3455],[8.19926,47.34161],[8.19623,47.34283],[8.19556,47.33961],[8.19403,47.34094],[8.1824,47.33834],[8.16958,47.35362],[8.17444,47.35911],[8.17172,47.36445],[8.18941,47.36253],[8.18966,47.36251]]]}},{"type":"Feature","properties":{"name":"Ehrendingen","cantonId":"aargau","municipalityId":"ehrendingen-4049"},"geometry":{"type":"Polygon","coordinates":[[[8.33742,47.50809],[8.34184,47.51225],[8.36123,47.5101],[8.35769,47.50252],[8.3631,47.50114],[8.35828,47.49748],[8.36267,47.49056],[8.36328,47.48085],[8.36144,47.48036],[8.34161,47.4786],[8.34035,47.48128],[8.3355,47.4805],[8.3319,47.48606],[8.32655,47.48641],[8.32829,47.48797],[8.3257,47.49174],[8.33108,47.49453],[8.33349,47.49998],[8.33602,47.49962],[8.33761,47.50718],[8.33742,47.50809]]]}},{"type":"Feature","properties":{"name":"Eiken","cantonId":"aargau","municipalityId":"eiken-4161"},"geometry":{"type":"Polygon","coordinates":[[[8.00809,47.55459],[8.0082,47.53525],[7.99789,47.52303],[7.98925,47.5276],[7.98356,47.52267],[7.97368,47.52364],[7.96937,47.52673],[7.97316,47.54141],[7.97172,47.54885],[7.97937,47.54967],[7.9794,47.54807],[7.99539,47.54627],[7.99687,47.5498],[8.00806,47.55317],[8.00809,47.55459]]]}},{"type":"Feature","properties":{"name":"Endingen","cantonId":"aargau","municipalityId":"endingen-4305"},"geometry":{"type":"Polygon","coordinates":[[[8.28225,47.51496],[8.27928,47.51834],[8.27415,47.5186],[8.26671,47.52535],[8.26609,47.52769],[8.27096,47.53358],[8.26463,47.53887],[8.26301,47.54451],[8.29211,47.55425],[8.30087,47.55211],[8.30063,47.54878],[8.31724,47.54811],[8.32212,47.54491],[8.31441,47.54118],[8.3143,47.53428],[8.30718,47.52951],[8.30623,47.52659],[8.30185,47.52658],[8.29636,47.5214],[8.2957,47.51287],[8.28728,47.51073],[8.28255,47.51497],[8.28225,47.51496]]]}},{"type":"Feature","properties":{"name":"Ennetbaden","cantonId":"aargau","municipalityId":"ennetbaden-4026"},"geometry":{"type":"Polygon","coordinates":[[[8.31072,47.4819],[8.31272,47.48584],[8.33186,47.48607],[8.3355,47.4805],[8.34035,47.48128],[8.34161,47.4786],[8.3113,47.47315],[8.31005,47.47607],[8.31476,47.48074],[8.3118,47.482],[8.31072,47.4819]]]}},{"type":"Feature","properties":{"name":"Erlinsbach (AG)","cantonId":"aargau","municipalityId":"erlinsbach-ag-4005"},"geometry":{"type":"Polygon","coordinates":[[[8.03592,47.40178],[8.02807,47.3989],[8.02657,47.39562],[8.01124,47.39487],[8.00728,47.40658],[7.99148,47.4112],[7.98949,47.41415],[7.98191,47.41361],[7.97423,47.41946],[7.96321,47.42235],[7.98272,47.42833],[7.98548,47.42276],[7.98728,47.42874],[8.01534,47.43101],[8.01536,47.4233],[8.02314,47.42246],[8.03068,47.40302],[8.03592,47.40178]]]}},{"type":"Feature","properties":{"name":"Fahrwangen","cantonId":"aargau","municipalityId":"fahrwangen-4196"},"geometry":{"type":"Polygon","coordinates":[[[8.23492,47.30729],[8.24022,47.30498],[8.24095,47.30211],[8.25478,47.29774],[8.25894,47.28721],[8.25073,47.28608],[8.24867,47.2812],[8.24224,47.27872],[8.24239,47.27231],[8.22859,47.27341],[8.22331,47.26071],[8.21657,47.27979],[8.23181,47.27768],[8.2371,47.27989],[8.23586,47.29919],[8.23126,47.30575],[8.23269,47.306],[8.23492,47.30729]]]}},{"type":"Feature","properties":{"name":"Fischbach-Göslikon","cantonId":"aargau","municipalityId":"fischbach-goeslikon-4067"},"geometry":{"type":"Polygon","coordinates":[[[8.29285,47.36159],[8.30168,47.36617],[8.29784,47.37104],[8.2995,47.37198],[8.29835,47.37349],[8.30294,47.37588],[8.30173,47.37802],[8.31622,47.37496],[8.3283,47.37704],[8.3242,47.37052],[8.32509,47.36797],[8.32846,47.36761],[8.32793,47.36575],[8.32096,47.368],[8.32163,47.36622],[8.31731,47.36537],[8.31815,47.36278],[8.31515,47.35958],[8.30599,47.3629],[8.30065,47.35913],[8.29888,47.3615],[8.29288,47.36156],[8.29285,47.36159]]]}},{"type":"Feature","properties":{"name":"Fisibach","cantonId":"aargau","municipalityId":"fisibach-4306"},"geometry":{"type":"Polygon","coordinates":[[[8.41741,47.54588],[8.41113,47.5461],[8.40511,47.54185],[8.40422,47.53821],[8.40102,47.54003],[8.40385,47.53345],[8.3998,47.53654],[8.39513,47.54457],[8.39945,47.54812],[8.39864,47.55212],[8.39162,47.55567],[8.39548,47.55987],[8.39286,47.56177],[8.39452,47.56708],[8.39899,47.56979],[8.39405,47.57145],[8.39211,47.5749],[8.39424,47.57628],[8.39971,47.57698],[8.41626,47.57064],[8.41408,47.56639],[8.41883,47.56518],[8.41445,47.55389],[8.41727,47.54605],[8.41741,47.54588]]]}},{"type":"Feature","properties":{"name":"Fislisbach","cantonId":"aargau","municipalityId":"fislisbach-4027"},"geometry":{"type":"Polygon","coordinates":[[[8.27332,47.44261],[8.28069,47.44737],[8.28871,47.44629],[8.29287,47.44348],[8.29873,47.44782],[8.30703,47.44675],[8.31422,47.44154],[8.30885,47.43997],[8.31044,47.43755],[8.30151,47.43352],[8.30128,47.43094],[8.29813,47.43039],[8.29811,47.42727],[8.29526,47.42822],[8.28971,47.42484],[8.27522,47.42911],[8.27572,47.4337],[8.26885,47.43359],[8.27546,47.43773],[8.27605,47.4405],[8.27337,47.44258],[8.27332,47.44261]]]}},{"type":"Feature","properties":{"name":"Freienwil","cantonId":"aargau","municipalityId":"freienwil-4028"},"geometry":{"type":"Polygon","coordinates":[[[8.2929,47.50957],[8.31441,47.50631],[8.322,47.50624],[8.33188,47.51024],[8.33143,47.50735],[8.33742,47.50809],[8.33602,47.49962],[8.33349,47.49998],[8.33108,47.49453],[8.3257,47.49174],[8.32829,47.48797],[8.32655,47.48641],[8.32086,47.49127],[8.32267,47.49325],[8.31587,47.49428],[8.31312,47.49246],[8.30066,47.50521],[8.29423,47.50624],[8.29047,47.50908],[8.29253,47.50956],[8.2929,47.50957]]]}},{"type":"Feature","properties":{"name":"Frick","cantonId":"aargau","municipalityId":"frick-4163"},"geometry":{"type":"Polygon","coordinates":[[[7.97825,47.5092],[7.98404,47.5158],[7.98012,47.51916],[7.98291,47.52011],[7.9877,47.52765],[8.00347,47.52178],[8.00377,47.51662],[8.01239,47.51693],[8.01516,47.51392],[8.02243,47.51351],[8.02496,47.51855],[8.03618,47.52138],[8.04642,47.51177],[8.04292,47.50842],[8.04574,47.50539],[8.03822,47.50463],[8.03733,47.49453],[8.0336,47.49415],[8.02585,47.48812],[8.02229,47.49417],[8.01166,47.49985],[8.01027,47.50442],[8.00743,47.50613],[7.99144,47.50583],[7.97864,47.50901],[7.97825,47.5092]]]}},{"type":"Feature","properties":{"name":"Full-Reuenthal","cantonId":"aargau","municipalityId":"full-reuenthal-4307"},"geometry":{"type":"Polygon","coordinates":[[[8.19803,47.59236],[8.19657,47.59727],[8.19317,47.59994],[8.19447,47.60166],[8.18472,47.60299],[8.18462,47.605],[8.19404,47.61635],[8.20456,47.62097],[8.21468,47.61986],[8.2213,47.61561],[8.21384,47.61322],[8.21518,47.60878],[8.21285,47.60038],[8.20868,47.59985],[8.20244,47.59356],[8.19822,47.59238],[8.19803,47.59236]]]}},{"type":"Feature","properties":{"name":"Gansingen","cantonId":"aargau","municipalityId":"gansingen-4164"},"geometry":{"type":"Polygon","coordinates":[[[8.15282,47.52618],[8.13849,47.52268],[8.12932,47.52304],[8.12629,47.52634],[8.11733,47.52426],[8.11788,47.52598],[8.11443,47.52636],[8.10952,47.53436],[8.11193,47.53627],[8.11086,47.53904],[8.11351,47.54048],[8.11057,47.54284],[8.11292,47.54419],[8.11012,47.55165],[8.11261,47.55519],[8.11992,47.5511],[8.1365,47.54868],[8.13926,47.55036],[8.14919,47.54716],[8.15296,47.53847],[8.15086,47.53615],[8.15883,47.53159],[8.15864,47.52852],[8.15311,47.52636],[8.15282,47.52618]]]}},{"type":"Feature","properties":{"name":"Gebenstorf","cantonId":"aargau","municipalityId":"gebenstorf-4029"},"geometry":{"type":"Polygon","coordinates":[[[8.23451,47.50608],[8.24261,47.50081],[8.24215,47.49551],[8.24715,47.49398],[8.24816,47.4899],[8.25339,47.48788],[8.25226,47.48551],[8.25532,47.48281],[8.26719,47.47986],[8.266,47.47479],[8.27002,47.46805],[8.26554,47.4664],[8.25189,47.46809],[8.24487,47.47348],[8.23317,47.4713],[8.22451,47.47927],[8.22681,47.48125],[8.23335,47.48048],[8.24035,47.48744],[8.23726,47.49187],[8.23451,47.50607],[8.23451,47.50608]]]}},{"type":"Feature","properties":{"name":"Geltwil","cantonId":"aargau","municipalityId":"geltwil-4232"},"geometry":{"type":"Polygon","coordinates":[[[8.31484,47.23973],[8.30666,47.25075],[8.31727,47.25404],[8.31678,47.25658],[8.32157,47.25863],[8.32457,47.25911],[8.32862,47.25267],[8.33984,47.25522],[8.34482,47.24785],[8.35104,47.24604],[8.3421,47.24588],[8.33918,47.24305],[8.3257,47.24595],[8.32501,47.24305],[8.31612,47.24009],[8.31484,47.23973]]]}},{"type":"Feature","properties":{"name":"Gipf-Oberfrick","cantonId":"aargau","municipalityId":"gipf-oberfrick-4165"},"geometry":{"type":"Polygon","coordinates":[[[7.97825,47.5092],[7.99144,47.50583],[8.00743,47.50613],[8.01027,47.50442],[8.01166,47.49985],[8.02229,47.49417],[8.02675,47.4873],[8.02281,47.48462],[8.02182,47.4799],[8.01915,47.48126],[8.01515,47.47811],[8.0162,47.47486],[8.01933,47.4737],[8.01422,47.47462],[8.01174,47.47084],[8.00767,47.47132],[8.00414,47.47687],[7.99879,47.47818],[7.99795,47.48107],[7.99479,47.48205],[7.99598,47.48816],[7.99187,47.488],[7.98531,47.49219],[7.97325,47.49117],[7.95958,47.49406],[7.94959,47.49117],[7.95774,47.49807],[7.96869,47.49983],[7.9688,47.50199],[7.97729,47.50822],[7.97825,47.5092]]]}},{"type":"Feature","properties":{"name":"Gontenschwil","cantonId":"aargau","municipalityId":"gontenschwil-4135"},"geometry":{"type":"Polygon","coordinates":[[[8.16509,47.26893],[8.16729,47.2646],[8.15457,47.25966],[8.15688,47.2552],[8.14377,47.2541],[8.14601,47.25229],[8.1427,47.24725],[8.13399,47.24648],[8.12971,47.24333],[8.1309,47.24799],[8.12412,47.25644],[8.12518,47.25963],[8.11837,47.26451],[8.11969,47.26677],[8.12641,47.2672],[8.12982,47.27103],[8.12515,47.27613],[8.12597,47.27957],[8.12276,47.28142],[8.13655,47.2879],[8.1436,47.28768],[8.14301,47.28588],[8.15103,47.28325],[8.15097,47.28023],[8.16477,47.26914],[8.16509,47.26893]]]}},{"type":"Feature","properties":{"name":"Gränichen","cantonId":"aargau","municipalityId":"graenichen-4006"},"geometry":{"type":"Polygon","coordinates":[[[8.11427,47.37827],[8.12477,47.37108],[8.12526,47.3679],[8.12102,47.36075],[8.13652,47.35701],[8.13604,47.34719],[8.14297,47.3347],[8.1281,47.33252],[8.11453,47.33535],[8.11322,47.33348],[8.11011,47.3345],[8.10978,47.33851],[8.10635,47.33845],[8.0914,47.33452],[8.08634,47.33039],[8.08334,47.33515],[8.071,47.34335],[8.07062,47.34789],[8.07513,47.35465],[8.0868,47.36072],[8.08481,47.36168],[8.08551,47.36547],[8.11338,47.37793],[8.11427,47.37827]]]}},{"type":"Feature","properties":{"name":"Habsburg","cantonId":"aargau","municipalityId":"habsburg-4099"},"geometry":{"type":"Polygon","coordinates":[[[8.19611,47.45245],[8.1911,47.45244],[8.19055,47.45499],[8.18394,47.45715],[8.17221,47.45325],[8.17349,47.45722],[8.17089,47.45752],[8.17258,47.46142],[8.17656,47.46171],[8.17713,47.46541],[8.19269,47.46751],[8.19905,47.47148],[8.19945,47.46585],[8.19211,47.45867],[8.19245,47.45551],[8.19611,47.45245]]]}},{"type":"Feature","properties":{"name":"Hägglingen","cantonId":"aargau","municipalityId":"haegglingen-4068"},"geometry":{"type":"Polygon","coordinates":[[[8.23347,47.40224],[8.24514,47.40332],[8.24999,47.40649],[8.2703,47.39836],[8.27702,47.38905],[8.27975,47.3883],[8.28073,47.38541],[8.27647,47.38122],[8.27845,47.38095],[8.28069,47.37519],[8.2644,47.37295],[8.2608,47.37782],[8.25141,47.37961],[8.24784,47.38458],[8.24303,47.3858],[8.23746,47.39102],[8.23582,47.3968],[8.23294,47.3973],[8.23333,47.4018],[8.23347,47.40224]]]}},{"type":"Feature","properties":{"name":"Hallwil","cantonId":"aargau","municipalityId":"hallwil-4197"},"geometry":{"type":"Polygon","coordinates":[[[8.16448,47.32981],[8.177,47.33652],[8.18785,47.32808],[8.18556,47.32681],[8.1886,47.31953],[8.17962,47.31581],[8.16457,47.32979],[8.16448,47.32981]]]}},{"type":"Feature","properties":{"name":"Hausen (AG)","cantonId":"aargau","municipalityId":"hausen-ag-4100"},"geometry":{"type":"Polygon","coordinates":[[[8.19611,47.45245],[8.19245,47.45551],[8.19211,47.45867],[8.19945,47.46585],[8.19905,47.47148],[8.20879,47.4723],[8.21123,47.46732],[8.22061,47.46452],[8.21722,47.46242],[8.22206,47.45991],[8.22429,47.45587],[8.21966,47.4535],[8.20646,47.45317],[8.2005,47.45608],[8.19629,47.45254],[8.19611,47.45245]]]}},{"type":"Feature","properties":{"name":"Hellikon","cantonId":"aargau","municipalityId":"hellikon-4251"},"geometry":{"type":"Polygon","coordinates":[[[7.89417,47.50572],[7.89576,47.50458],[7.89656,47.5065],[7.89844,47.51648],[7.90518,47.51827],[7.91474,47.51657],[7.93297,47.52368],[7.93322,47.52112],[7.94161,47.51625],[7.93991,47.51435],[7.94374,47.51316],[7.93673,47.50641],[7.92876,47.50528],[7.92977,47.50334],[7.92062,47.49786],[7.90478,47.49217],[7.89959,47.49617],[7.89833,47.50121],[7.89447,47.50252],[7.89412,47.50572],[7.89417,47.50572]]]}},{"type":"Feature","properties":{"name":"Hendschiken","cantonId":"aargau","municipalityId":"hendschiken-4198"},"geometry":{"type":"Polygon","coordinates":[[[8.2315,47.37964],[8.22285,47.37455],[8.21467,47.37726],[8.2035,47.37579],[8.20421,47.38432],[8.19981,47.39337],[8.21984,47.39108],[8.22709,47.39362],[8.22927,47.39184],[8.22659,47.39011],[8.2312,47.38044],[8.2315,47.37964]]]}},{"type":"Feature","properties":{"name":"Herznach-Ueken","cantonId":"aargau","municipalityId":"herznach-ueken-4186"},"geometry":{"type":"Polygon","coordinates":[[[8.06842,47.48172],[8.07827,47.47435],[8.07615,47.47434],[8.07319,47.46877],[8.07422,47.46579],[8.05885,47.46678],[8.05129,47.46391],[8.05208,47.46572],[8.04305,47.46599],[8.02894,47.46196],[8.02813,47.4644],[8.02292,47.46555],[8.02047,47.47271],[8.0162,47.47486],[8.01515,47.47811],[8.01915,47.48126],[8.02182,47.4799],[8.02573,47.48811],[8.0336,47.49415],[8.03733,47.49453],[8.03666,47.49745],[8.03865,47.49874],[8.04992,47.49325],[8.05491,47.49374],[8.05666,47.48915],[8.06647,47.48539],[8.06444,47.48373],[8.06816,47.48191],[8.06842,47.48172]]]}},{"type":"Feature","properties":{"name":"Hirschthal","cantonId":"aargau","municipalityId":"hirschthal-4007"},"geometry":{"type":"Polygon","coordinates":[[[8.08214,47.30963],[8.06512,47.31185],[8.04332,47.31854],[8.04421,47.32452],[8.04618,47.32551],[8.05361,47.32516],[8.06515,47.32088],[8.08586,47.32206],[8.08761,47.31782],[8.08648,47.31359],[8.08211,47.30973],[8.08214,47.30963]]]}},{"type":"Feature","properties":{"name":"Holderbank (AG)","cantonId":"aargau","municipalityId":"holderbank-ag-4199"},"geometry":{"type":"Polygon","coordinates":[[[8.18458,47.42679],[8.17709,47.42738],[8.17056,47.42095],[8.16254,47.4229],[8.16208,47.43378],[8.16506,47.44253],[8.17263,47.44159],[8.17154,47.4397],[8.17401,47.43536],[8.18137,47.43295],[8.18463,47.42709],[8.18458,47.42679]]]}},{"type":"Feature","properties":{"name":"Holziken","cantonId":"aargau","municipalityId":"holziken-4136"},"geometry":{"type":"Polygon","coordinates":[[[8.04224,47.33017],[8.0446,47.32188],[8.04105,47.31815],[8.04228,47.31378],[8.03529,47.30809],[8.0269,47.3097],[8.02226,47.3167],[8.0251,47.3216],[8.02978,47.32307],[8.02943,47.32871],[8.03273,47.33071],[8.04219,47.33017],[8.04224,47.33017]]]}},{"type":"Feature","properties":{"name":"Hunzenschwil","cantonId":"aargau","municipalityId":"hunzenschwil-4200"},"geometry":{"type":"Polygon","coordinates":[[[8.11427,47.37827],[8.10613,47.3884],[8.11707,47.39201],[8.13612,47.3916],[8.1355,47.38382],[8.13726,47.38198],[8.12608,47.37486],[8.12351,47.37533],[8.12446,47.37288],[8.11504,47.37792],[8.11427,47.37827]]]}},{"type":"Feature","properties":{"name":"Islisberg","cantonId":"aargau","municipalityId":"islisberg-4084"},"geometry":{"type":"Polygon","coordinates":[[[8.43621,47.31519],[8.43194,47.31537],[8.43289,47.31843],[8.42976,47.3197],[8.43274,47.3264],[8.44208,47.32742],[8.44985,47.33049],[8.45101,47.33362],[8.45511,47.33408],[8.44852,47.32597],[8.44917,47.32335],[8.44053,47.31784],[8.44132,47.31582],[8.43632,47.31524],[8.43621,47.31519]]]}},{"type":"Feature","properties":{"name":"Jonen","cantonId":"aargau","municipalityId":"jonen-4071"},"geometry":{"type":"Polygon","coordinates":[[[8.41466,47.2936],[8.40359,47.29176],[8.39723,47.2879],[8.39271,47.29091],[8.38865,47.29002],[8.37611,47.29905],[8.37544,47.3013],[8.38114,47.30321],[8.38035,47.30524],[8.38859,47.30412],[8.39404,47.30622],[8.39545,47.30369],[8.40199,47.30809],[8.40893,47.30727],[8.41887,47.31146],[8.42914,47.30067],[8.41496,47.29373],[8.41466,47.2936]]]}},{"type":"Feature","properties":{"name":"Kaiseraugst","cantonId":"aargau","municipalityId":"kaiseraugst-4252"},"geometry":{"type":"Polygon","coordinates":[[[7.75065,47.52549],[7.73799,47.52733],[7.73324,47.53276],[7.72718,47.53293],[7.72364,47.53676],[7.71597,47.53582],[7.71354,47.53964],[7.7553,47.5463],[7.75824,47.53979],[7.76294,47.54101],[7.76347,47.53781],[7.7588,47.53578],[7.76001,47.52923],[7.75011,47.5257],[7.75065,47.52549]]]}},{"type":"Feature","properties":{"name":"Kaisten","cantonId":"aargau","municipalityId":"kaisten-4169"},"geometry":{"type":"Polygon","coordinates":[[[8.04605,47.55532],[8.05432,47.5521],[8.05638,47.55402],[8.06512,47.5491],[8.07308,47.54891],[8.07785,47.54598],[8.07775,47.53588],[8.08099,47.53246],[8.07578,47.53094],[8.07815,47.52914],[8.07804,47.52451],[8.0841,47.51905],[8.08006,47.51586],[8.08138,47.51411],[8.06308,47.51465],[8.05939,47.50821],[8.05644,47.50783],[8.04892,47.51476],[8.04367,47.51363],[8.0409,47.51601],[8.03205,47.52926],[8.02741,47.5294],[8.01908,47.53625],[8.00808,47.53503],[8.00819,47.55455],[8.02099,47.55035],[8.04168,47.55397],[8.04605,47.55532]]]}},{"type":"Feature","properties":{"name":"Kallern","cantonId":"aargau","municipalityId":"kallern-4233"},"geometry":{"type":"Polygon","coordinates":[[[8.27895,47.30323],[8.27885,47.3065],[8.28151,47.30635],[8.28341,47.30185],[8.28346,47.30714],[8.28848,47.30888],[8.28478,47.31726],[8.28915,47.31834],[8.28761,47.3226],[8.29027,47.32205],[8.29077,47.32418],[8.29741,47.32158],[8.30135,47.30894],[8.29655,47.30727],[8.29704,47.30429],[8.2868,47.30105],[8.28709,47.29493],[8.28368,47.29287],[8.27848,47.30012],[8.2787,47.30288],[8.27895,47.30323]]]}},{"type":"Feature","properties":{"name":"Killwangen","cantonId":"aargau","municipalityId":"killwangen-4030"},"geometry":{"type":"Polygon","coordinates":[[[8.3413,47.41799],[8.32907,47.42779],[8.34097,47.43428],[8.3451,47.43439],[8.3462,47.43712],[8.35768,47.43439],[8.35987,47.43319],[8.35282,47.42928],[8.35018,47.42044],[8.34193,47.41779],[8.3413,47.41799]]]}},{"type":"Feature","properties":{"name":"Kirchleerau","cantonId":"aargau","municipalityId":"kirchleerau-4275"},"geometry":{"type":"Polygon","coordinates":[[[8.09121,47.27005],[8.08656,47.26647],[8.08835,47.26396],[8.08429,47.26726],[8.07684,47.26703],[8.0668,47.27187],[8.06276,47.27123],[8.05474,47.2779],[8.05472,47.28084],[8.05896,47.28258],[8.05621,47.28694],[8.06074,47.28542],[8.06824,47.28965],[8.07333,47.28263],[8.08556,47.28531],[8.08938,47.2842],[8.08788,47.28256],[8.09086,47.27707],[8.0902,47.27068],[8.09121,47.27005]]]}},{"type":"Feature","properties":{"name":"Klingnau","cantonId":"aargau","municipalityId":"klingnau-4309"},"geometry":{"type":"Polygon","coordinates":[[[8.22111,47.59755],[8.22753,47.5969],[8.22996,47.60269],[8.23591,47.6007],[8.24067,47.59534],[8.24733,47.59598],[8.24633,47.59713],[8.24889,47.59898],[8.26197,47.59554],[8.26889,47.59899],[8.26939,47.58905],[8.26648,47.58909],[8.2768,47.58352],[8.2734,47.58087],[8.27329,47.57718],[8.25535,47.57802],[8.251,47.57456],[8.22129,47.59695],[8.22111,47.59755]]]}},{"type":"Feature","properties":{"name":"Koblenz","cantonId":"aargau","municipalityId":"koblenz-4310"},"geometry":{"type":"Polygon","coordinates":[[[8.26132,47.61352],[8.25248,47.61051],[8.25226,47.60825],[8.26131,47.60686],[8.26393,47.5984],[8.2625,47.59575],[8.24966,47.59902],[8.24633,47.59713],[8.24733,47.59598],[8.24067,47.59534],[8.23591,47.6007],[8.22996,47.60269],[8.22753,47.5969],[8.22111,47.59755],[8.22399,47.60709],[8.2289,47.60551],[8.23848,47.61283],[8.25729,47.61529],[8.26106,47.61407],[8.26132,47.61352]]]}},{"type":"Feature","properties":{"name":"Kölliken","cantonId":"aargau","municipalityId":"koelliken-4276"},"geometry":{"type":"Polygon","coordinates":[[[8.00108,47.33475],[8.00737,47.3393],[8.00385,47.34531],[8.01183,47.34981],[8.02896,47.34976],[8.03679,47.34782],[8.03597,47.34607],[8.04577,47.34476],[8.04115,47.33963],[8.04387,47.33024],[8.03273,47.33071],[8.02943,47.32871],[8.02978,47.32307],[8.02318,47.3191],[8.02217,47.31635],[8.02662,47.31027],[8.01805,47.31114],[8.00781,47.31645],[8.00755,47.32136],[8.01056,47.32281],[8.00512,47.32464],[8.00549,47.32736],[7.99998,47.32995],[8.0012,47.33469],[8.00108,47.33475]]]}},{"type":"Feature","properties":{"name":"Künten","cantonId":"aargau","municipalityId":"kuenten-4031"},"geometry":{"type":"Polygon","coordinates":[[[8.30783,47.38423],[8.31853,47.39049],[8.31665,47.39251],[8.32075,47.39358],[8.31594,47.39591],[8.32357,47.39838],[8.32237,47.40048],[8.32788,47.40091],[8.33278,47.39884],[8.33263,47.39604],[8.34691,47.37856],[8.34315,47.37683],[8.3405,47.37849],[8.33475,47.37754],[8.32958,47.38094],[8.32765,47.38024],[8.328,47.37723],[8.31121,47.37529],[8.30613,47.37789],[8.30806,47.38387],[8.30783,47.38423]]]}},{"type":"Feature","properties":{"name":"Küttigen","cantonId":"aargau","municipalityId":"kuettigen-4008"},"geometry":{"type":"Polygon","coordinates":[[[8.03592,47.40178],[8.03068,47.40302],[8.02314,47.42246],[8.01536,47.4233],[8.01534,47.43101],[8.01964,47.43119],[8.0235,47.43587],[8.03525,47.43776],[8.0429,47.43704],[8.0441,47.43415],[8.05398,47.43602],[8.05592,47.43354],[8.0671,47.43173],[8.06886,47.42488],[8.06745,47.41894],[8.06917,47.4174],[8.06777,47.41473],[8.07049,47.41022],[8.04408,47.40001],[8.03596,47.40174],[8.03592,47.40178]]]}},{"type":"Feature","properties":{"name":"Laufenburg","cantonId":"aargau","municipalityId":"laufenburg-4170"},"geometry":{"type":"Polygon","coordinates":[[[8.04605,47.55532],[8.05939,47.56354],[8.06788,47.56451],[8.08262,47.55775],[8.08977,47.5578],[8.09706,47.56085],[8.11201,47.55641],[8.11012,47.55165],[8.11292,47.54419],[8.11057,47.54284],[8.11351,47.54048],[8.11086,47.53904],[8.11193,47.53627],[8.10955,47.53422],[8.11443,47.52636],[8.12201,47.5242],[8.121,47.51739],[8.08841,47.52024],[8.08371,47.51842],[8.07804,47.52451],[8.07815,47.52914],[8.07578,47.53094],[8.08099,47.53246],[8.07775,47.53588],[8.07785,47.54598],[8.07308,47.54891],[8.06512,47.5491],[8.05638,47.55402],[8.05432,47.5521],[8.04644,47.55472],[8.04605,47.55532]]]}},{"type":"Feature","properties":{"name":"Leibstadt","cantonId":"aargau","municipalityId":"leibstadt-4311"},"geometry":{"type":"Polygon","coordinates":[[[8.19803,47.59236],[8.19438,47.58957],[8.19596,47.58789],[8.19127,47.58417],[8.19175,47.58191],[8.17905,47.57655],[8.17836,47.57147],[8.17535,47.57144],[8.17152,47.57635],[8.1656,47.57845],[8.16775,47.58248],[8.15919,47.58429],[8.15636,47.58836],[8.15752,47.59349],[8.16494,47.59418],[8.17519,47.60195],[8.18462,47.605],[8.18472,47.60299],[8.19447,47.60166],[8.19317,47.59994],[8.19764,47.59313],[8.19803,47.59236]]]}},{"type":"Feature","properties":{"name":"Leimbach (AG)","cantonId":"aargau","municipalityId":"leimbach-ag-4137"},"geometry":{"type":"Polygon","coordinates":[[[8.16509,47.26893],[8.15777,47.27564],[8.16007,47.2773],[8.17172,47.27763],[8.1783,47.28073],[8.1814,47.2786],[8.18236,47.27734],[8.17346,47.27323],[8.17305,47.26964],[8.16635,47.26978],[8.16509,47.26893]]]}},{"type":"Feature","properties":{"name":"Lengnau (AG)","cantonId":"aargau","municipalityId":"lengnau-ag-4312"},"geometry":{"type":"Polygon","coordinates":[[[8.2929,47.50957],[8.2889,47.51111],[8.2957,47.51287],[8.29636,47.5214],[8.30185,47.52658],[8.30496,47.52548],[8.30718,47.52951],[8.3143,47.53428],[8.31441,47.54118],[8.32212,47.54491],[8.32258,47.54729],[8.33338,47.54402],[8.34794,47.54331],[8.35421,47.54617],[8.35226,47.53855],[8.34438,47.53336],[8.34416,47.5313],[8.34957,47.52787],[8.33975,47.52165],[8.34054,47.51676],[8.34702,47.51391],[8.33851,47.51007],[8.33907,47.50832],[8.33143,47.50735],[8.33188,47.51024],[8.322,47.50624],[8.31441,47.50631],[8.29325,47.5095],[8.2929,47.50957]]]}},{"type":"Feature","properties":{"name":"Lenzburg","cantonId":"aargau","municipalityId":"lenzburg-4201"},"geometry":{"type":"Polygon","coordinates":[[[8.14552,47.3975],[8.1449,47.40031],[8.15391,47.40282],[8.16314,47.4007],[8.16282,47.39747],[8.17071,47.39568],[8.19013,47.39667],[8.17934,47.40615],[8.17861,47.40848],[8.18049,47.4087],[8.20012,47.40368],[8.19771,47.3958],[8.20421,47.38432],[8.2035,47.37579],[8.19383,47.37088],[8.18966,47.36251],[8.17001,47.36579],[8.16109,47.36518],[8.16969,47.37258],[8.17435,47.38261],[8.17065,47.38332],[8.17143,47.38709],[8.15443,47.38798],[8.15127,47.39372],[8.14583,47.39724],[8.14552,47.3975]]]}},{"type":"Feature","properties":{"name":"Leuggern","cantonId":"aargau","municipalityId":"leuggern-4313"},"geometry":{"type":"Polygon","coordinates":[[[8.20569,47.55798],[8.20344,47.56306],[8.19976,47.55955],[8.1888,47.55935],[8.18119,47.56525],[8.1785,47.56406],[8.17535,47.57144],[8.17836,47.57147],[8.1788,47.57617],[8.18174,47.57837],[8.19175,47.58191],[8.19127,47.58417],[8.1955,47.58701],[8.19438,47.58957],[8.19775,47.59237],[8.20244,47.59356],[8.20868,47.59985],[8.21285,47.60038],[8.21518,47.60878],[8.21384,47.61322],[8.2213,47.61561],[8.22399,47.60709],[8.22103,47.59917],[8.22199,47.59571],[8.24118,47.58161],[8.2254,47.57783],[8.22395,47.57519],[8.22674,47.57294],[8.22143,47.56752],[8.22329,47.56301],[8.22113,47.5628],[8.22142,47.56063],[8.2124,47.55997],[8.20569,47.55798]]]}},{"type":"Feature","properties":{"name":"Leutwil","cantonId":"aargau","municipalityId":"leutwil-4138"},"geometry":{"type":"Polygon","coordinates":[[[8.19074,47.30242],[8.18648,47.30189],[8.18681,47.29949],[8.18404,47.29968],[8.18298,47.29687],[8.17226,47.29693],[8.16804,47.29449],[8.16523,47.2988],[8.15702,47.30022],[8.16096,47.30299],[8.1619,47.30845],[8.16714,47.31268],[8.16576,47.31431],[8.17437,47.31935],[8.1905,47.30283],[8.19074,47.30242]]]}},{"type":"Feature","properties":{"name":"Lupfig","cantonId":"aargau","municipalityId":"lupfig-4104"},"geometry":{"type":"Polygon","coordinates":[[[8.18458,47.42679],[8.18137,47.43295],[8.17423,47.43515],[8.17154,47.4397],[8.17535,47.44587],[8.17171,47.4515],[8.17562,47.45491],[8.18394,47.45715],[8.1933,47.4519],[8.2005,47.45608],[8.20646,47.45317],[8.21966,47.4535],[8.22429,47.45587],[8.22332,47.45341],[8.22665,47.45349],[8.22342,47.44865],[8.23206,47.44507],[8.23603,47.44724],[8.2403,47.44324],[8.23336,47.44046],[8.22882,47.44175],[8.21274,47.44052],[8.20174,47.43717],[8.19716,47.43805],[8.18771,47.43046],[8.18793,47.42632],[8.18539,47.42668],[8.18458,47.42679]]]}},{"type":"Feature","properties":{"name":"Mägenwil","cantonId":"aargau","municipalityId":"maegenwil-4032"},"geometry":{"type":"Polygon","coordinates":[[[8.23742,47.42385],[8.23753,47.41742],[8.24175,47.41714],[8.24113,47.4149],[8.24466,47.41398],[8.24416,47.4111],[8.24801,47.41144],[8.24805,47.4082],[8.25064,47.40814],[8.24514,47.40332],[8.23347,47.40224],[8.22774,47.40623],[8.22137,47.40715],[8.21628,47.41269],[8.22169,47.41455],[8.23499,47.42639],[8.23705,47.4238],[8.23742,47.42385]]]}},{"type":"Feature","properties":{"name":"Magden","cantonId":"aargau","municipalityId":"magden-4253"},"geometry":{"type":"Polygon","coordinates":[[[7.7998,47.49804],[7.78967,47.50571],[7.79786,47.51553],[7.79577,47.52241],[7.78306,47.52775],[7.78711,47.53461],[7.79319,47.53323],[7.80151,47.53792],[7.80113,47.5397],[7.81354,47.53778],[7.81618,47.53457],[7.83322,47.53383],[7.83531,47.53176],[7.83324,47.53032],[7.83199,47.51474],[7.81473,47.5048],[7.80743,47.49714],[7.80017,47.49816],[7.7998,47.49804]]]}},{"type":"Feature","properties":{"name":"Mandach","cantonId":"aargau","municipalityId":"mandach-4105"},"geometry":{"type":"Polygon","coordinates":[[[8.20569,47.55798],[8.20469,47.5509],[8.20797,47.54621],[8.18028,47.53839],[8.17245,47.54036],[8.17493,47.5416],[8.17274,47.54311],[8.17348,47.54646],[8.16974,47.55546],[8.18097,47.56524],[8.1888,47.55935],[8.19976,47.55955],[8.20344,47.56306],[8.20563,47.55848],[8.20569,47.55798]]]}},{"type":"Feature","properties":{"name":"Meisterschwanden","cantonId":"aargau","municipalityId":"meisterschwanden-4202"},"geometry":{"type":"Polygon","coordinates":[[[8.22666,47.31323],[8.23492,47.30729],[8.23126,47.30575],[8.23586,47.29919],[8.2371,47.27989],[8.23181,47.27768],[8.21657,47.27979],[8.20642,47.30855],[8.2211,47.31472],[8.22635,47.31292],[8.22666,47.31323]]]}},{"type":"Feature","properties":{"name":"Mellikon","cantonId":"aargau","municipalityId":"mellikon-4314"},"geometry":{"type":"Polygon","coordinates":[[[8.36178,47.56942],[8.35818,47.56137],[8.3513,47.55713],[8.35335,47.55394],[8.34972,47.55296],[8.33522,47.5583],[8.33735,47.57038],[8.36155,47.56948],[8.36178,47.56942]]]}},{"type":"Feature","properties":{"name":"Mellingen","cantonId":"aargau","municipalityId":"mellingen-4033"},"geometry":{"type":"Polygon","coordinates":[[[8.26885,47.43359],[8.27572,47.4337],[8.27522,47.42911],[8.29182,47.42375],[8.28894,47.42253],[8.29191,47.41797],[8.2867,47.41912],[8.29143,47.4158],[8.28519,47.41087],[8.27428,47.40949],[8.27013,47.40635],[8.26719,47.40761],[8.26857,47.41088],[8.26091,47.41966],[8.26277,47.4223],[8.26153,47.42843],[8.25355,47.43064],[8.25988,47.43524],[8.26423,47.43252],[8.26475,47.43424],[8.26863,47.43291],[8.26885,47.43359]]]}},{"type":"Feature","properties":{"name":"Menziken","cantonId":"aargau","municipalityId":"menziken-4139"},"geometry":{"type":"Polygon","coordinates":[[[8.18016,47.24556],[8.20682,47.24979],[8.20788,47.24624],[8.20449,47.24263],[8.20578,47.23826],[8.20279,47.23157],[8.20506,47.22598],[8.19403,47.2263],[8.18544,47.22246],[8.176,47.2219],[8.17279,47.22504],[8.17412,47.22749],[8.16558,47.22844],[8.16077,47.23175],[8.16002,47.23443],[8.16212,47.2358],[8.15595,47.23942],[8.16979,47.24195],[8.17514,47.24011],[8.18011,47.24552],[8.18016,47.24556]]]}},{"type":"Feature","properties":{"name":"Merenschwand","cantonId":"aargau","municipalityId":"merenschwand-4234"},"geometry":{"type":"Polygon","coordinates":[[[8.41008,47.24837],[8.41085,47.24561],[8.40814,47.24246],[8.40729,47.24451],[8.40017,47.24397],[8.39848,47.24668],[8.39359,47.24547],[8.39173,47.24808],[8.38666,47.24627],[8.38525,47.24857],[8.38195,47.24844],[8.38197,47.24646],[8.37306,47.24083],[8.37488,47.23836],[8.37324,47.23739],[8.37107,47.24247],[8.36159,47.24225],[8.36003,47.23849],[8.3537,47.23924],[8.3508,47.24689],[8.35557,47.25052],[8.35497,47.25532],[8.363,47.26306],[8.36117,47.27572],[8.38401,47.27925],[8.39161,47.28649],[8.39501,47.27808],[8.40224,47.27225],[8.40052,47.26512],[8.40451,47.26013],[8.4027,47.25514],[8.40863,47.24984],[8.41008,47.24837]]]}},{"type":"Feature","properties":{"name":"Mettauertal","cantonId":"aargau","municipalityId":"mettauertal-4184"},"geometry":{"type":"Polygon","coordinates":[[[8.17608,47.53321],[8.15863,47.52954],[8.15883,47.53159],[8.15086,47.53615],[8.15296,47.53847],[8.14919,47.54716],[8.13926,47.55036],[8.1365,47.54868],[8.11992,47.5511],[8.10861,47.55863],[8.10278,47.55827],[8.09706,47.56085],[8.10142,47.56616],[8.10359,47.57703],[8.11379,47.58371],[8.12614,47.58331],[8.13331,47.57911],[8.13556,47.58026],[8.13805,47.57633],[8.14191,47.57552],[8.15558,47.5836],[8.16272,47.58488],[8.16775,47.58248],[8.1656,47.57845],[8.17246,47.57552],[8.1785,47.56406],[8.16974,47.55546],[8.17348,47.54646],[8.17274,47.54311],[8.17493,47.5416],[8.17245,47.54036],[8.18028,47.53839],[8.18101,47.53439],[8.17677,47.53329],[8.17608,47.53321]]]}},{"type":"Feature","properties":{"name":"Möhlin","cantonId":"aargau","municipalityId":"moehlin-4254"},"geometry":{"type":"Polygon","coordinates":[[[7.83322,47.53383],[7.81813,47.53495],[7.82032,47.54132],[7.81805,47.54442],[7.82057,47.5498],[7.82466,47.54912],[7.82665,47.55262],[7.83134,47.55278],[7.83055,47.55794],[7.83376,47.5589],[7.83058,47.5614],[7.83526,47.56266],[7.83235,47.56635],[7.83545,47.56812],[7.83277,47.57506],[7.83853,47.57646],[7.83738,47.58303],[7.84686,47.5825],[7.86851,47.58877],[7.88704,47.5886],[7.89808,47.58412],[7.88924,47.57287],[7.88219,47.57341],[7.87819,47.56995],[7.86923,47.55355],[7.85886,47.55133],[7.85238,47.54691],[7.85465,47.53749],[7.85235,47.53524],[7.84654,47.53266],[7.83353,47.53385],[7.83322,47.53383]]]}},{"type":"Feature","properties":{"name":"Mönthal","cantonId":"aargau","municipalityId":"moenthal-4106"},"geometry":{"type":"Polygon","coordinates":[[[8.15282,47.52618],[8.15254,47.52357],[8.14985,47.52256],[8.15141,47.52195],[8.14891,47.5212],[8.15916,47.51265],[8.15262,47.51309],[8.14925,47.50957],[8.13092,47.50932],[8.11195,47.51754],[8.12115,47.51741],[8.12101,47.52316],[8.12504,47.52619],[8.12932,47.52304],[8.13814,47.52268],[8.15272,47.52612],[8.15282,47.52618]]]}},{"type":"Feature","properties":{"name":"Möriken-Wildegg","cantonId":"aargau","municipalityId":"moeriken-wildegg-4203"},"geometry":{"type":"Polygon","coordinates":[[[8.18458,47.42679],[8.20853,47.42314],[8.21156,47.41938],[8.21246,47.41611],[8.20271,47.4101],[8.20012,47.40368],[8.18192,47.40866],[8.17583,47.40805],[8.16973,47.41357],[8.15624,47.41003],[8.15467,47.41529],[8.16108,47.41749],[8.16254,47.4229],[8.17056,47.42095],[8.17709,47.42738],[8.18422,47.42682],[8.18458,47.42679]]]}},{"type":"Feature","properties":{"name":"Moosleerau","cantonId":"aargau","municipalityId":"moosleerau-4277"},"geometry":{"type":"Polygon","coordinates":[[[8.087,47.26417],[8.08831,47.26283],[8.07838,47.26004],[8.07267,47.25505],[8.05658,47.25544],[8.04958,47.27061],[8.05349,47.27162],[8.0535,47.27615],[8.05732,47.27674],[8.06276,47.27123],[8.0668,47.27187],[8.07684,47.26703],[8.08453,47.26718],[8.08687,47.2643],[8.087,47.26417]]]}},{"type":"Feature","properties":{"name":"Mühlau","cantonId":"aargau","municipalityId":"muehlau-4235"},"geometry":{"type":"Polygon","coordinates":[[[8.3965,47.21996],[8.3887,47.21824],[8.37888,47.22125],[8.37748,47.23027],[8.37292,47.23615],[8.37488,47.23836],[8.37306,47.24083],[8.38197,47.24646],[8.3818,47.24843],[8.38525,47.24857],[8.38666,47.24627],[8.39173,47.24808],[8.39359,47.24547],[8.39848,47.24668],[8.40017,47.24397],[8.40761,47.24433],[8.40584,47.23671],[8.39559,47.22796],[8.39631,47.22053],[8.3965,47.21996]]]}},{"type":"Feature","properties":{"name":"Mülligen","cantonId":"aargau","municipalityId":"muelligen-4107"},"geometry":{"type":"Polygon","coordinates":[[[8.22206,47.45991],[8.24657,47.45831],[8.25761,47.4489],[8.25094,47.44783],[8.24769,47.44423],[8.23897,47.44448],[8.23603,47.44724],[8.23206,47.44507],[8.22918,47.44741],[8.2275,47.44622],[8.22342,47.44865],[8.22665,47.45349],[8.22332,47.45341],[8.22407,47.45725],[8.22202,47.45956],[8.22206,47.45991]]]}},{"type":"Feature","properties":{"name":"Münchwilen (AG)","cantonId":"aargau","municipalityId":"muenchwilen-ag-4172"},"geometry":{"type":"Polygon","coordinates":[[[7.956,47.52727],[7.95384,47.52854],[7.95587,47.53263],[7.95157,47.53216],[7.95477,47.53861],[7.96227,47.54119],[7.9613,47.54562],[7.96337,47.55027],[7.96862,47.55006],[7.96814,47.54865],[7.97166,47.54848],[7.97316,47.54141],[7.97035,47.52834],[7.96184,47.52908],[7.95659,47.52723],[7.956,47.52727]]]}},{"type":"Feature","properties":{"name":"Muhen","cantonId":"aargau","municipalityId":"muhen-4009"},"geometry":{"type":"Polygon","coordinates":[[[8.04224,47.33017],[8.04387,47.33024],[8.04138,47.34031],[8.04614,47.34376],[8.04557,47.3457],[8.04769,47.34482],[8.05046,47.34736],[8.06524,47.34247],[8.07463,47.34186],[8.07512,47.3392],[8.08484,47.33363],[8.0861,47.32735],[8.08548,47.32207],[8.06515,47.32088],[8.05361,47.32516],[8.04421,47.32452],[8.04224,47.33012],[8.04224,47.33017]]]}},{"type":"Feature","properties":{"name":"Mumpf","cantonId":"aargau","municipalityId":"mumpf-4255"},"geometry":{"type":"Polygon","coordinates":[[[7.9168,47.53688],[7.91014,47.5347],[7.91015,47.54117],[7.89783,47.54156],[7.89503,47.54595],[7.9,47.55025],[7.89783,47.55306],[7.90871,47.55505],[7.91735,47.54769],[7.94023,47.54458],[7.92903,47.54255],[7.92277,47.53684],[7.91714,47.53723],[7.9168,47.53688]]]}},{"type":"Feature","properties":{"name":"Murgenthal","cantonId":"aargau","municipalityId":"murgenthal-4279"},"geometry":{"type":"Polygon","coordinates":[[[7.85157,47.28994],[7.86437,47.28431],[7.86839,47.28525],[7.87647,47.2803],[7.87102,47.2742],[7.87212,47.27135],[7.8789,47.26932],[7.88177,47.26538],[7.86678,47.25925],[7.88624,47.24797],[7.88724,47.24374],[7.89526,47.24583],[7.89467,47.24261],[7.85322,47.23242],[7.83847,47.2349],[7.82831,47.24293],[7.82575,47.24871],[7.82808,47.25026],[7.82601,47.25178],[7.82974,47.25535],[7.83039,47.25927],[7.82512,47.26557],[7.83319,47.26787],[7.84182,47.27447],[7.85094,47.28941],[7.85157,47.28994]]]}},{"type":"Feature","properties":{"name":"Muri (AG)","cantonId":"aargau","municipalityId":"muri-ag-4236"},"geometry":{"type":"Polygon","coordinates":[[[8.36108,47.27367],[8.363,47.26306],[8.35497,47.25532],[8.35557,47.25052],[8.3508,47.24689],[8.34482,47.24785],[8.33984,47.25522],[8.32862,47.25267],[8.32457,47.25911],[8.32157,47.25863],[8.32604,47.2673],[8.32294,47.2665],[8.31931,47.26903],[8.31437,47.27603],[8.3139,47.28001],[8.32207,47.28359],[8.3213,47.28576],[8.32389,47.28734],[8.32262,47.28874],[8.33538,47.29664],[8.34074,47.28919],[8.34733,47.29132],[8.34953,47.28989],[8.34849,47.28766],[8.35461,47.28738],[8.35297,47.28044],[8.35568,47.28052],[8.3562,47.27655],[8.36106,47.27374],[8.36108,47.27367]]]}},{"type":"Feature","properties":{"name":"Neuenhof","cantonId":"aargau","municipalityId":"neuenhof-4034"},"geometry":{"type":"Polygon","coordinates":[[[8.31083,47.46003],[8.31439,47.45881],[8.31182,47.45541],[8.31313,47.45406],[8.32536,47.45771],[8.33315,47.45296],[8.33469,47.44671],[8.3462,47.43712],[8.3451,47.43439],[8.34097,47.43428],[8.32907,47.42779],[8.31567,47.43826],[8.31562,47.44144],[8.30796,47.44485],[8.31202,47.44953],[8.30443,47.45426],[8.30766,47.45565],[8.30765,47.45798],[8.31014,47.45746],[8.31012,47.45947],[8.31083,47.46003]]]}},{"type":"Feature","properties":{"name":"Niederlenz","cantonId":"aargau","municipalityId":"niederlenz-4204"},"geometry":{"type":"Polygon","coordinates":[[[8.17863,47.40845],[8.19013,47.39667],[8.17071,47.39568],[8.16282,47.39747],[8.16314,47.4007],[8.15149,47.40259],[8.15366,47.40518],[8.15252,47.40857],[8.1634,47.41103],[8.16568,47.41343],[8.16973,47.41357],[8.17666,47.40819],[8.17863,47.40845]]]}},{"type":"Feature","properties":{"name":"Niederrohrdorf","cantonId":"aargau","municipalityId":"niederrohrdorf-4035"},"geometry":{"type":"Polygon","coordinates":[[[8.31551,47.4127],[8.30897,47.41046],[8.29682,47.41368],[8.2955,47.41175],[8.29715,47.40999],[8.29279,47.40769],[8.28866,47.41384],[8.29143,47.4158],[8.2867,47.41912],[8.29191,47.41797],[8.28894,47.42253],[8.29182,47.42375],[8.28971,47.42484],[8.29526,47.42822],[8.29811,47.42727],[8.29818,47.43044],[8.3069,47.43559],[8.30888,47.43162],[8.30436,47.42938],[8.3114,47.42318],[8.30898,47.42081],[8.31634,47.41554],[8.31563,47.41288],[8.31551,47.4127]]]}},{"type":"Feature","properties":{"name":"Niederwil (AG)","cantonId":"aargau","municipalityId":"niederwil-ag-4072"},"geometry":{"type":"Polygon","coordinates":[[[8.29285,47.36159],[8.28615,47.36706],[8.28135,47.36456],[8.27986,47.36574],[8.27684,47.37235],[8.28069,47.37519],[8.27652,47.38223],[8.28613,47.39284],[8.29149,47.39431],[8.29024,47.39607],[8.29478,47.39954],[8.29986,47.39434],[8.307,47.39357],[8.30811,47.38371],[8.306,47.37846],[8.30173,47.37802],[8.30291,47.37583],[8.29835,47.37349],[8.2995,47.37198],[8.29784,47.37104],[8.30168,47.36617],[8.29356,47.36181],[8.29285,47.36159]]]}},{"type":"Feature","properties":{"name":"Oberentfelden","cantonId":"aargau","municipalityId":"oberentfelden-4010"},"geometry":{"type":"Polygon","coordinates":[[[8.04577,47.34476],[8.03597,47.34607],[8.03679,47.34782],[8.02896,47.34976],[8.01183,47.34981],[8.01283,47.35433],[8.01049,47.35695],[8.01741,47.36248],[8.03477,47.36567],[8.04648,47.36045],[8.0617,47.35959],[8.06321,47.35848],[8.06177,47.35659],[8.06514,47.35628],[8.07127,47.34962],[8.07161,47.34453],[8.06883,47.3426],[8.05046,47.34736],[8.04559,47.34521],[8.04577,47.34476]]]}},{"type":"Feature","properties":{"name":"Oberhof","cantonId":"aargau","municipalityId":"oberhof-4173"},"geometry":{"type":"Polygon","coordinates":[[[7.982,47.44623],[7.99064,47.44639],[7.99525,47.44865],[7.99128,47.44962],[7.98994,47.4522],[8.00491,47.45519],[8.00621,47.45365],[8.0076,47.45578],[8.01776,47.45418],[8.02292,47.44943],[8.02984,47.45183],[8.03182,47.45068],[8.03009,47.44758],[8.0323,47.44534],[8.0298,47.44282],[8.03387,47.4427],[8.03016,47.43589],[8.0235,47.43587],[8.01964,47.43119],[7.99598,47.42884],[7.98684,47.42889],[7.98213,47.44595],[7.982,47.44623]]]}},{"type":"Feature","properties":{"name":"Oberkulm","cantonId":"aargau","municipalityId":"oberkulm-4140"},"geometry":{"type":"Polygon","coordinates":[[[8.12427,47.2799],[8.1146,47.28192],[8.11058,47.288],[8.10353,47.29172],[8.10751,47.29469],[8.10697,47.2964],[8.10054,47.29695],[8.10068,47.29989],[8.09359,47.3012],[8.09259,47.30349],[8.11552,47.30681],[8.13157,47.31255],[8.13221,47.31451],[8.14262,47.313],[8.15223,47.30636],[8.15364,47.30197],[8.14692,47.295],[8.14019,47.29322],[8.14226,47.29159],[8.13853,47.28846],[8.12411,47.28221],[8.12412,47.28017],[8.12427,47.2799]]]}},{"type":"Feature","properties":{"name":"Oberlunkhofen","cantonId":"aargau","municipalityId":"oberlunkhofen-4073"},"geometry":{"type":"Polygon","coordinates":[[[8.3801,47.3093],[8.3853,47.31199],[8.38665,47.31971],[8.40163,47.32003],[8.404,47.3184],[8.41008,47.32258],[8.41376,47.32078],[8.40663,47.31613],[8.41596,47.31286],[8.41722,47.31149],[8.41548,47.30943],[8.40389,47.30676],[8.40199,47.30809],[8.39545,47.30369],[8.39404,47.30622],[8.38859,47.30412],[8.38125,47.30541],[8.37997,47.30925],[8.3801,47.3093]]]}},{"type":"Feature","properties":{"name":"Obermumpf","cantonId":"aargau","municipalityId":"obermumpf-4256"},"geometry":{"type":"Polygon","coordinates":[[[7.9168,47.53688],[7.92277,47.53684],[7.93016,47.543],[7.93588,47.5428],[7.93696,47.53911],[7.94602,47.53676],[7.95127,47.53353],[7.95088,47.53189],[7.95587,47.53263],[7.95384,47.52854],[7.956,47.52727],[7.95453,47.52359],[7.94735,47.5215],[7.94361,47.5132],[7.93991,47.51435],[7.94161,47.51625],[7.93322,47.52112],[7.93305,47.52367],[7.92922,47.52281],[7.92138,47.52858],[7.91671,47.53657],[7.9168,47.53688]]]}},{"type":"Feature","properties":{"name":"Oberrohrdorf","cantonId":"aargau","municipalityId":"oberrohrdorf-4037"},"geometry":{"type":"Polygon","coordinates":[[[8.3413,47.41799],[8.31551,47.4127],[8.31634,47.41554],[8.30898,47.42081],[8.3114,47.42318],[8.30436,47.42938],[8.30888,47.43162],[8.3069,47.43559],[8.31044,47.43755],[8.30885,47.43997],[8.31562,47.44144],[8.31567,47.43826],[8.32402,47.43309],[8.33111,47.42509],[8.33751,47.42281],[8.34084,47.41812],[8.3413,47.41799]]]}},{"type":"Feature","properties":{"name":"Oberrüti","cantonId":"aargau","municipalityId":"oberrueti-4237"},"geometry":{"type":"Polygon","coordinates":[[[8.38267,47.1608],[8.37786,47.16073],[8.38197,47.17331],[8.39262,47.17447],[8.39536,47.18174],[8.40027,47.18358],[8.40236,47.17684],[8.41189,47.17326],[8.41532,47.16412],[8.41473,47.15764],[8.3984,47.15316],[8.39828,47.15869],[8.39248,47.15832],[8.38631,47.16171],[8.38368,47.16062],[8.38267,47.1608]]]}},{"type":"Feature","properties":{"name":"Obersiggenthal","cantonId":"aargau","municipalityId":"obersiggenthal-4038"},"geometry":{"type":"Polygon","coordinates":[[[8.2929,47.50957],[8.29047,47.50908],[8.30066,47.50521],[8.31312,47.49246],[8.31587,47.49428],[8.32267,47.49325],[8.32086,47.49127],[8.32583,47.48882],[8.32455,47.48669],[8.31272,47.48584],[8.30994,47.48185],[8.29449,47.48505],[8.27124,47.48371],[8.26968,47.48797],[8.26529,47.48833],[8.27144,47.49304],[8.2722,47.49465],[8.26927,47.49565],[8.27366,47.50329],[8.27718,47.50445],[8.28041,47.5146],[8.28369,47.5153],[8.28728,47.51073],[8.293,47.50972],[8.2929,47.50957]]]}},{"type":"Feature","properties":{"name":"Oberwil-Lieli","cantonId":"aargau","municipalityId":"oberwil-lieli-4074"},"geometry":{"type":"Polygon","coordinates":[[[8.37536,47.34116],[8.40677,47.35189],[8.40387,47.34656],[8.40732,47.34157],[8.41639,47.33712],[8.41674,47.3338],[8.4134,47.32871],[8.40044,47.32709],[8.38861,47.32757],[8.37756,47.33153],[8.37163,47.33937],[8.37535,47.34116],[8.37536,47.34116]]]}},{"type":"Feature","properties":{"name":"Oeschgen","cantonId":"aargau","municipalityId":"oeschgen-4175"},"geometry":{"type":"Polygon","coordinates":[[[8.0362,47.52134],[8.02496,47.51855],[8.02243,47.51351],[8.01516,47.51392],[8.01239,47.51693],[8.00412,47.51645],[8.00347,47.52178],[7.99818,47.5233],[8.00724,47.53463],[8.01908,47.53625],[8.02741,47.5294],[8.03205,47.52926],[8.03624,47.52143],[8.0362,47.52134]]]}},{"type":"Feature","properties":{"name":"Oftringen","cantonId":"aargau","municipalityId":"oftringen-4280"},"geometry":{"type":"Polygon","coordinates":[[[7.92898,47.2981],[7.91875,47.30583],[7.90835,47.3074],[7.91649,47.31222],[7.91076,47.31494],[7.91122,47.32072],[7.91688,47.32313],[7.91709,47.32708],[7.92723,47.32932],[7.91763,47.33209],[7.9182,47.33531],[7.94784,47.33251],[7.94798,47.31714],[7.96351,47.32115],[7.967,47.31621],[7.96309,47.31511],[7.96431,47.31327],[7.97646,47.30793],[7.96932,47.30504],[7.96883,47.30186],[7.96267,47.30129],[7.96349,47.29899],[7.95329,47.3],[7.94127,47.29269],[7.92901,47.2981],[7.92898,47.2981]]]}},{"type":"Feature","properties":{"name":"Olsberg","cantonId":"aargau","municipalityId":"olsberg-4257"},"geometry":{"type":"MultiPolygon","coordinates":[[[[7.76294,47.54101],[7.7647,47.53764],[7.77146,47.53739],[7.77986,47.53355],[7.78111,47.53578],[7.78573,47.53609],[7.78711,47.53461],[7.78306,47.52775],[7.79422,47.5244],[7.79786,47.51553],[7.78978,47.50479],[7.7877,47.51382],[7.79019,47.51601],[7.78987,47.51903],[7.76227,47.52537],[7.75011,47.5257],[7.76001,47.52923],[7.7588,47.53578],[7.76347,47.53781],[7.76296,47.54089],[7.76294,47.54101]]],[[[7.79235,47.50371],[7.79818,47.4994],[7.7968,47.49733],[7.79891,47.49565],[7.79445,47.49626],[7.78664,47.49312],[7.79197,47.49851],[7.79164,47.50317],[7.79235,47.50371]]],[[[7.7998,47.49804],[7.79954,47.49766],[7.79942,47.49748],[7.79907,47.49776],[7.7988,47.49799],[7.79857,47.49847],[7.79833,47.49875],[7.79872,47.49886],[7.79928,47.49821],[7.7998,47.49804]]]]}},{"type":"Feature","properties":{"name":"Othmarsingen","cantonId":"aargau","municipalityId":"othmarsingen-4205"},"geometry":{"type":"Polygon","coordinates":[[[8.22709,47.39362],[8.21984,47.39108],[8.21706,47.39269],[8.20436,47.39201],[8.19779,47.39546],[8.20107,47.40783],[8.21043,47.4146],[8.21601,47.41435],[8.22137,47.40715],[8.22774,47.40623],[8.23347,47.40224],[8.23406,47.39845],[8.22908,47.3943],[8.22709,47.39362]]]}},{"type":"Feature","properties":{"name":"Reinach (AG)","cantonId":"aargau","municipalityId":"reinach-ag-4141"},"geometry":{"type":"Polygon","coordinates":[[[8.16509,47.26893],[8.17305,47.26964],[8.17346,47.27323],[8.18236,47.27734],[8.17877,47.28067],[8.18262,47.28083],[8.18194,47.28526],[8.18784,47.28531],[8.19349,47.28034],[8.19215,47.27776],[8.19577,47.27152],[8.19372,47.26727],[8.19715,47.26273],[8.19543,47.2609],[8.20063,47.26092],[8.20672,47.24978],[8.18024,47.24551],[8.17972,47.25043],[8.17491,47.25353],[8.16027,47.24883],[8.1427,47.24727],[8.14601,47.25229],[8.14377,47.2541],[8.15688,47.2552],[8.15457,47.25966],[8.16729,47.2646],[8.16428,47.26757],[8.16534,47.26875],[8.16509,47.26893]]]}},{"type":"Feature","properties":{"name":"Reitnau","cantonId":"aargau","municipalityId":"reitnau-4281"},"geometry":{"type":"Polygon","coordinates":[[[8.01377,47.26203],[8.02747,47.26495],[8.02431,47.26631],[8.03164,47.27053],[8.04052,47.26944],[8.04149,47.26651],[8.05049,47.2675],[8.0574,47.25224],[8.06299,47.24667],[8.03011,47.24222],[8.02917,47.24056],[8.01576,47.24416],[8.01754,47.25589],[8.0138,47.26201],[8.01377,47.26203]]]}},{"type":"Feature","properties":{"name":"Remetschwil","cantonId":"aargau","municipalityId":"remetschwil-4039"},"geometry":{"type":"Polygon","coordinates":[[[8.31551,47.4127],[8.34115,47.41694],[8.34515,47.41454],[8.34592,47.41041],[8.35273,47.41094],[8.35582,47.40376],[8.34977,47.40579],[8.33352,47.40122],[8.33502,47.39967],[8.33278,47.39884],[8.32508,47.40114],[8.32139,47.3997],[8.31496,47.40863],[8.30458,47.41035],[8.31516,47.4123],[8.31551,47.4127]]]}},{"type":"Feature","properties":{"name":"Remigen","cantonId":"aargau","municipalityId":"remigen-4110"},"geometry":{"type":"Polygon","coordinates":[[[8.15291,47.51175],[8.15916,47.51265],[8.14881,47.52154],[8.16019,47.53071],[8.16908,47.53259],[8.17623,47.53179],[8.16728,47.52867],[8.18826,47.5254],[8.19514,47.51848],[8.2086,47.5183],[8.20616,47.51623],[8.20954,47.51415],[8.20537,47.51133],[8.20031,47.51208],[8.1991,47.50613],[8.18648,47.50688],[8.18209,47.50248],[8.17893,47.50379],[8.18187,47.50971],[8.17404,47.51063],[8.15686,47.50765],[8.15349,47.51106],[8.15291,47.51175]]]}},{"type":"Feature","properties":{"name":"Rheinfelden","cantonId":"aargau","municipalityId":"rheinfelden-4258"},"geometry":{"type":"Polygon","coordinates":[[[7.7553,47.5463],[7.7959,47.55747],[7.80139,47.56367],[7.81168,47.56944],[7.81447,47.57991],[7.81887,47.58692],[7.82461,47.58797],[7.83445,47.58586],[7.83738,47.58303],[7.83853,47.57646],[7.83277,47.57506],[7.83545,47.56812],[7.83235,47.56635],[7.83526,47.56266],[7.83058,47.5614],[7.83376,47.5589],[7.83055,47.55794],[7.83134,47.55278],[7.82665,47.55262],[7.82466,47.54912],[7.82057,47.5498],[7.81829,47.54637],[7.82032,47.54132],[7.81813,47.53495],[7.80372,47.53992],[7.79252,47.53301],[7.78494,47.53657],[7.77986,47.53355],[7.77146,47.53739],[7.7647,47.53764],[7.76382,47.54115],[7.75824,47.53979],[7.75609,47.54574],[7.7553,47.5463]]]}},{"type":"Feature","properties":{"name":"Riniken","cantonId":"aargau","municipalityId":"riniken-4111"},"geometry":{"type":"Polygon","coordinates":[[[8.19165,47.50645],[8.20748,47.48969],[8.18092,47.48243],[8.18171,47.48584],[8.1687,47.48662],[8.1727,47.48957],[8.16578,47.49129],[8.17368,47.49902],[8.18267,47.50145],[8.18648,47.50688],[8.19118,47.50658],[8.19165,47.50645]]]}},{"type":"Feature","properties":{"name":"Rothrist","cantonId":"aargau","municipalityId":"rothrist-4282"},"geometry":{"type":"Polygon","coordinates":[[[7.87647,47.2803],[7.86839,47.28525],[7.86437,47.28431],[7.85157,47.28994],[7.86054,47.30566],[7.87316,47.31158],[7.88776,47.31111],[7.89176,47.31574],[7.89412,47.31521],[7.9099,47.30666],[7.91875,47.30583],[7.92846,47.29847],[7.92242,47.29546],[7.90487,47.29556],[7.8944,47.28727],[7.87696,47.28165],[7.87647,47.2803]]]}},{"type":"Feature","properties":{"name":"Rottenschwil","cantonId":"aargau","municipalityId":"rottenschwil-4238"},"geometry":{"type":"Polygon","coordinates":[[[8.35021,47.32206],[8.35361,47.32316],[8.35275,47.32454],[8.36077,47.32581],[8.36373,47.32923],[8.37272,47.32394],[8.37384,47.31759],[8.37693,47.31455],[8.38003,47.31543],[8.3816,47.31229],[8.37918,47.30798],[8.38121,47.30327],[8.37632,47.30137],[8.37322,47.30386],[8.36658,47.30346],[8.36558,47.30152],[8.36493,47.30397],[8.35402,47.30756],[8.3538,47.31731],[8.35037,47.3219],[8.35021,47.32206]]]}},{"type":"Feature","properties":{"name":"Rudolfstetten-Friedlisberg","cantonId":"aargau","municipalityId":"rudolfstetten-friedlisberg-4075"},"geometry":{"type":"Polygon","coordinates":[[[8.36615,47.36457],[8.36915,47.37073],[8.36859,47.37376],[8.36472,47.37483],[8.36671,47.37805],[8.38285,47.37625],[8.38937,47.37867],[8.39555,47.37237],[8.40785,47.36976],[8.4082,47.36665],[8.398,47.36119],[8.39757,47.35905],[8.37611,47.35997],[8.3666,47.36392],[8.36615,47.36457]]]}},{"type":"Feature","properties":{"name":"Rüfenach","cantonId":"aargau","municipalityId":"ruefenach-4112"},"geometry":{"type":"Polygon","coordinates":[[[8.19165,47.50645],[8.1991,47.50613],[8.20031,47.51208],[8.20537,47.51133],[8.20661,47.51378],[8.23108,47.51194],[8.2325,47.50525],[8.23037,47.50314],[8.22627,47.50295],[8.22201,47.49823],[8.22001,47.50242],[8.2206,47.49764],[8.21453,47.49459],[8.20952,47.49749],[8.20685,47.49558],[8.21016,47.49348],[8.20526,47.49192],[8.19208,47.50633],[8.19165,47.50645]]]}},{"type":"Feature","properties":{"name":"Rupperswil","cantonId":"aargau","municipalityId":"rupperswil-4206"},"geometry":{"type":"Polygon","coordinates":[[[8.14552,47.3975],[8.13784,47.39456],[8.13612,47.3916],[8.11591,47.39177],[8.11559,47.40418],[8.1039,47.4083],[8.10402,47.41235],[8.12194,47.41061],[8.15467,47.41529],[8.15624,47.41003],[8.15252,47.40857],[8.15344,47.40402],[8.1449,47.40031],[8.14567,47.39776],[8.14552,47.3975]]]}},{"type":"Feature","properties":{"name":"Safenwil","cantonId":"aargau","municipalityId":"safenwil-4283"},"geometry":{"type":"Polygon","coordinates":[[[8.00108,47.33475],[7.99998,47.32995],[8.00549,47.32736],[8.00512,47.32464],[8.01056,47.32281],[8.00735,47.31997],[8.00984,47.31562],[8.00623,47.31414],[7.99942,47.31574],[7.99147,47.31309],[7.98734,47.30853],[7.98021,47.30749],[7.96507,47.3125],[7.96309,47.31511],[7.967,47.31621],[7.96386,47.32114],[7.97652,47.32344],[7.97783,47.32598],[7.98742,47.32866],[7.99096,47.33281],[8.00079,47.33504],[8.00108,47.33475]]]}},{"type":"Feature","properties":{"name":"Sarmenstorf","cantonId":"aargau","municipalityId":"sarmenstorf-4076"},"geometry":{"type":"Polygon","coordinates":[[[8.23492,47.30729],[8.22666,47.31323],[8.23232,47.3208],[8.23388,47.3271],[8.2486,47.32626],[8.25996,47.32319],[8.26691,47.31864],[8.26541,47.31611],[8.27582,47.30565],[8.27788,47.30582],[8.28111,47.29597],[8.27589,47.29513],[8.27134,47.29991],[8.25876,47.29653],[8.24789,47.29907],[8.23498,47.30728],[8.23492,47.30729]]]}},{"type":"Feature","properties":{"name":"Schafisheim","cantonId":"aargau","municipalityId":"schafisheim-4207"},"geometry":{"type":"Polygon","coordinates":[[[8.1235,47.37233],[8.12351,47.37533],[8.12608,47.37486],[8.13726,47.38198],[8.1355,47.38382],[8.1358,47.39116],[8.13784,47.39456],[8.14402,47.39573],[8.15084,47.38706],[8.15123,47.38298],[8.15374,47.38302],[8.15581,47.37569],[8.14965,47.37488],[8.15066,47.36725],[8.1458,47.36422],[8.14461,47.35703],[8.1385,47.35599],[8.13147,47.35937],[8.12139,47.36046],[8.12542,47.36863],[8.12389,47.37203],[8.1235,47.37233]]]}},{"type":"Feature","properties":{"name":"Schinznach","cantonId":"aargau","municipalityId":"schinznach-4125"},"geometry":{"type":"Polygon","coordinates":[[[8.13906,47.46754],[8.14414,47.46805],[8.14752,47.46487],[8.15986,47.46374],[8.15876,47.46014],[8.16242,47.46007],[8.16506,47.44253],[8.13644,47.44109],[8.1332,47.43306],[8.12787,47.42751],[8.11223,47.42591],[8.11695,47.43948],[8.11085,47.4481],[8.11078,47.45322],[8.10207,47.45392],[8.10035,47.4579],[8.11334,47.45769],[8.13252,47.4662],[8.13364,47.4688],[8.13892,47.46756],[8.13906,47.46754]]]}},{"type":"Feature","properties":{"name":"Schlossrued","cantonId":"aargau","municipalityId":"schlossrued-4142"},"geometry":{"type":"Polygon","coordinates":[[[8.06634,47.28853],[8.06146,47.29366],[8.06902,47.3004],[8.07645,47.30069],[8.07854,47.30269],[8.08643,47.30393],[8.08782,47.30232],[8.09335,47.30458],[8.09359,47.3012],[8.10068,47.29989],[8.10042,47.29702],[8.10697,47.2964],[8.10751,47.29469],[8.10353,47.29172],[8.11058,47.288],[8.1147,47.28187],[8.11005,47.28241],[8.10495,47.27807],[8.0946,47.27592],[8.0917,47.27025],[8.08993,47.27105],[8.09086,47.27707],[8.08788,47.28256],[8.08938,47.2842],[8.08556,47.28531],[8.07333,47.28263],[8.06922,47.28873],[8.06691,47.28878],[8.06634,47.28853]]]}},{"type":"Feature","properties":{"name":"Schmiedrued","cantonId":"aargau","municipalityId":"schmiedrued-4143"},"geometry":{"type":"Polygon","coordinates":[[[8.12427,47.2799],[8.12982,47.27103],[8.12641,47.2672],[8.11969,47.26677],[8.11837,47.26451],[8.12518,47.25963],[8.12412,47.25644],[8.1309,47.24799],[8.13026,47.2438],[8.12498,47.24136],[8.1091,47.24454],[8.10014,47.25894],[8.08829,47.26288],[8.08656,47.26647],[8.09218,47.27071],[8.0946,47.27592],[8.10495,47.27807],[8.11005,47.28241],[8.12363,47.27988],[8.12427,47.2799]]]}},{"type":"Feature","properties":{"name":"Schneisingen","cantonId":"aargau","municipalityId":"schneisingen-4318"},"geometry":{"type":"Polygon","coordinates":[[[8.36123,47.5101],[8.34439,47.51207],[8.34702,47.51391],[8.34054,47.51676],[8.33957,47.52057],[8.34957,47.52787],[8.34416,47.5313],[8.34438,47.53336],[8.35226,47.53855],[8.35267,47.54278],[8.35586,47.54601],[8.36202,47.54622],[8.36434,47.53763],[8.36294,47.53317],[8.36879,47.53524],[8.37786,47.53397],[8.37771,47.53142],[8.38783,47.5303],[8.38163,47.52555],[8.3788,47.51366],[8.3738,47.51101],[8.36735,47.51218],[8.36159,47.51021],[8.36123,47.5101]]]}},{"type":"Feature","properties":{"name":"Schöftland","cantonId":"aargau","municipalityId":"schoeftland-4144"},"geometry":{"type":"Polygon","coordinates":[[[8.08214,47.30963],[8.08542,47.3038],[8.06902,47.3004],[8.06099,47.29346],[8.05582,47.297],[8.04931,47.29502],[8.04514,47.29787],[8.0409,47.29603],[8.03087,47.29817],[8.03447,47.30664],[8.04228,47.31378],[8.04105,47.31815],[8.08123,47.30963],[8.08214,47.30963]]]}},{"type":"Feature","properties":{"name":"Schupfart","cantonId":"aargau","municipalityId":"schupfart-4259"},"geometry":{"type":"Polygon","coordinates":[[[7.94361,47.5132],[7.94735,47.5215],[7.95453,47.52359],[7.95909,47.5287],[7.96953,47.52711],[7.97368,47.52364],[7.98296,47.52324],[7.9831,47.52036],[7.98011,47.5191],[7.98387,47.51525],[7.97154,47.50235],[7.9688,47.50199],[7.96869,47.49983],[7.95774,47.49807],[7.94945,47.4913],[7.95315,47.4991],[7.94661,47.5057],[7.94611,47.51035],[7.94216,47.5114],[7.94374,47.51316],[7.94361,47.5132]]]}},{"type":"Feature","properties":{"name":"Schwaderloch","cantonId":"aargau","municipalityId":"schwaderloch-4176"},"geometry":{"type":"Polygon","coordinates":[[[8.15933,47.59373],[8.15601,47.59035],[8.15919,47.58429],[8.14191,47.57552],[8.13805,47.57633],[8.13556,47.58026],[8.13331,47.57911],[8.12614,47.58331],[8.13676,47.5841],[8.13821,47.59011],[8.14806,47.59555],[8.15921,47.59375],[8.15933,47.59373]]]}},{"type":"Feature","properties":{"name":"Seengen","cantonId":"aargau","municipalityId":"seengen-4208"},"geometry":{"type":"Polygon","coordinates":[[[8.22666,47.31323],[8.2211,47.31472],[8.20642,47.30855],[8.19829,47.32078],[8.18855,47.31936],[8.18556,47.32681],[8.18788,47.32804],[8.177,47.33652],[8.19403,47.34094],[8.19556,47.33961],[8.19623,47.34283],[8.19926,47.34161],[8.21177,47.3455],[8.22749,47.33713],[8.2347,47.32798],[8.22668,47.31326],[8.22666,47.31323]]]}},{"type":"Feature","properties":{"name":"Seon","cantonId":"aargau","municipalityId":"seon-4209"},"geometry":{"type":"Polygon","coordinates":[[[8.14632,47.33246],[8.13857,47.34007],[8.13901,47.34376],[8.1353,47.35168],[8.13672,47.35667],[8.14461,47.35703],[8.1458,47.36422],[8.14994,47.36534],[8.15062,47.36795],[8.15977,47.36518],[8.17266,47.36543],[8.17166,47.36373],[8.17444,47.35911],[8.16958,47.35362],[8.18246,47.33826],[8.16448,47.32981],[8.15523,47.33322],[8.1467,47.33275],[8.14632,47.33246]]]}},{"type":"Feature","properties":{"name":"Siglistorf","cantonId":"aargau","municipalityId":"siglistorf-4319"},"geometry":{"type":"Polygon","coordinates":[[[8.40257,47.53324],[8.39509,47.53176],[8.39573,47.52831],[8.39206,47.52514],[8.38889,47.52631],[8.38616,47.53107],[8.37771,47.53142],[8.37786,47.53397],[8.36809,47.53523],[8.36294,47.53317],[8.363,47.54247],[8.37006,47.5487],[8.37288,47.54883],[8.37333,47.54701],[8.37554,47.5494],[8.38283,47.54937],[8.38491,47.55414],[8.38621,47.55292],[8.39162,47.55567],[8.39558,47.55404],[8.39864,47.55212],[8.39945,47.54812],[8.39521,47.54401],[8.40276,47.53332],[8.40257,47.53324]]]}},{"type":"Feature","properties":{"name":"Sins","cantonId":"aargau","municipalityId":"sins-4239"},"geometry":{"type":"Polygon","coordinates":[[[8.37483,47.14304],[8.36218,47.14609],[8.36092,47.15252],[8.35837,47.15328],[8.36119,47.16153],[8.35786,47.16244],[8.3651,47.16576],[8.36432,47.16965],[8.36768,47.17304],[8.36688,47.17832],[8.36292,47.17822],[8.36271,47.18522],[8.33927,47.18425],[8.33821,47.18858],[8.33028,47.19768],[8.33009,47.20234],[8.34021,47.20162],[8.34689,47.20406],[8.35696,47.20276],[8.35915,47.20554],[8.36337,47.20335],[8.37079,47.20366],[8.37441,47.19943],[8.37458,47.20282],[8.38114,47.20417],[8.38168,47.20745],[8.38501,47.20777],[8.38315,47.21497],[8.38643,47.21447],[8.38579,47.21885],[8.3965,47.21996],[8.40006,47.21634],[8.4005,47.20832],[8.40521,47.19436],[8.40121,47.189],[8.40027,47.18358],[8.39536,47.18174],[8.39414,47.17568],[8.38392,47.17428],[8.38057,47.17149],[8.38136,47.16758],[8.37786,47.16073],[8.38267,47.1608],[8.38369,47.15391],[8.37455,47.14785],[8.37398,47.14639],[8.37715,47.14579],[8.37535,47.1437],[8.37483,47.14304]]]}},{"type":"Feature","properties":{"name":"Sisseln","cantonId":"aargau","municipalityId":"sisseln-4177"},"geometry":{"type":"Polygon","coordinates":[[[8.00809,47.55459],[8.00804,47.55227],[7.99687,47.5498],[7.99539,47.54627],[7.96337,47.55027],[7.96476,47.5572],[8.00791,47.55468],[8.00809,47.55459]]]}},{"type":"Feature","properties":{"name":"Spreitenbach","cantonId":"aargau","municipalityId":"spreitenbach-4040"},"geometry":{"type":"Polygon","coordinates":[[[8.35811,47.40395],[8.35378,47.40612],[8.35273,47.41094],[8.34592,47.41041],[8.34515,47.41454],[8.34115,47.41694],[8.35018,47.42044],[8.35315,47.42962],[8.35987,47.43319],[8.3633,47.43209],[8.37105,47.43498],[8.37673,47.42958],[8.38763,47.42796],[8.39219,47.42098],[8.38755,47.41636],[8.3838,47.41802],[8.38176,47.41626],[8.38538,47.41448],[8.38123,47.41053],[8.38462,47.40621],[8.38201,47.40351],[8.37925,47.4024],[8.37381,47.40448],[8.36744,47.40073],[8.35816,47.4039],[8.35811,47.40395]]]}},{"type":"Feature","properties":{"name":"Staffelbach","cantonId":"aargau","municipalityId":"staffelbach-4284"},"geometry":{"type":"Polygon","coordinates":[[[8.06146,47.29366],[8.06634,47.28853],[8.06074,47.28542],[8.05621,47.28694],[8.05896,47.28258],[8.05455,47.28058],[8.05578,47.27653],[8.05313,47.27548],[8.05349,47.27162],[8.04958,47.27061],[8.05049,47.2675],[8.04149,47.26651],[8.04047,47.26945],[8.02001,47.26974],[8.02005,47.2723],[8.01629,47.27554],[8.0172,47.28213],[8.01444,47.28594],[8.01935,47.28802],[8.02001,47.29124],[8.02437,47.29029],[8.03087,47.29817],[8.0409,47.29603],[8.04514,47.29787],[8.04931,47.29502],[8.05582,47.297],[8.06099,47.29346],[8.06146,47.29366]]]}},{"type":"Feature","properties":{"name":"Staufen","cantonId":"aargau","municipalityId":"staufen-4210"},"geometry":{"type":"Polygon","coordinates":[[[8.14552,47.3975],[8.15127,47.39372],[8.15443,47.38798],[8.17154,47.38702],[8.17065,47.38332],[8.17435,47.38261],[8.16552,47.36769],[8.16045,47.36515],[8.15072,47.36793],[8.14871,47.37307],[8.15581,47.37569],[8.15553,47.37807],[8.15399,47.37799],[8.15374,47.38302],[8.15007,47.38471],[8.15084,47.38706],[8.14402,47.39573],[8.14497,47.39706],[8.14552,47.3975]]]}},{"type":"Feature","properties":{"name":"Stein (AG)","cantonId":"aargau","municipalityId":"stein-ag-4260"},"geometry":{"type":"Polygon","coordinates":[[[7.95157,47.53216],[7.94602,47.53676],[7.93696,47.53911],[7.93537,47.5428],[7.94715,47.54436],[7.95306,47.55506],[7.95936,47.55806],[7.96476,47.5572],[7.9613,47.54562],[7.96288,47.54233],[7.95477,47.53861],[7.95165,47.53227],[7.95157,47.53216]]]}},{"type":"Feature","properties":{"name":"Stetten (AG)","cantonId":"aargau","municipalityId":"stetten-ag-4041"},"geometry":{"type":"Polygon","coordinates":[[[8.30783,47.38423],[8.307,47.39357],[8.29885,47.39491],[8.28333,47.41061],[8.28932,47.41342],[8.29279,47.40769],[8.29715,47.40999],[8.2955,47.41175],[8.29682,47.41368],[8.30353,47.41307],[8.30525,47.40938],[8.31496,47.40863],[8.32302,47.39931],[8.31594,47.39591],[8.32075,47.39358],[8.31665,47.39251],[8.31853,47.39049],[8.30879,47.38457],[8.30783,47.38423]]]}},{"type":"Feature","properties":{"name":"Strengelbach","cantonId":"aargau","municipalityId":"strengelbach-4285"},"geometry":{"type":"Polygon","coordinates":[[[7.92898,47.2981],[7.93064,47.2911],[7.94085,47.27434],[7.92462,47.26462],[7.91773,47.26587],[7.91559,47.26756],[7.91923,47.27059],[7.90632,47.27948],[7.91077,47.29023],[7.90614,47.29581],[7.92242,47.29546],[7.92846,47.29847],[7.92898,47.2981]]]}},{"type":"Feature","properties":{"name":"Suhr","cantonId":"aargau","municipalityId":"suhr-4012"},"geometry":{"type":"Polygon","coordinates":[[[8.0649,47.38887],[8.07422,47.38047],[8.08304,47.38339],[8.08558,47.38215],[8.09094,47.386],[8.10499,47.3884],[8.10237,47.39112],[8.09158,47.3896],[8.08697,47.39306],[8.10837,47.39645],[8.1164,47.40026],[8.11591,47.39177],[8.10613,47.3884],[8.11427,47.37827],[8.08688,47.36645],[8.08481,47.36168],[8.0868,47.36072],[8.08261,47.35937],[8.08137,47.35642],[8.07579,47.35518],[8.07118,47.34896],[8.06518,47.35625],[8.06177,47.35659],[8.06321,47.35848],[8.05484,47.36416],[8.05868,47.3655],[8.05445,47.36964],[8.06744,47.37263],[8.06382,47.3798],[8.05837,47.38139],[8.059,47.38507],[8.06489,47.38886],[8.0649,47.38887]]]}},{"type":"Feature","properties":{"name":"Tägerig","cantonId":"aargau","municipalityId":"taegerig-4077"},"geometry":{"type":"Polygon","coordinates":[[[8.26719,47.40761],[8.27013,47.40635],[8.27428,47.40949],[8.28333,47.41061],[8.29014,47.40203],[8.29478,47.39954],[8.29024,47.39607],[8.29149,47.39431],[8.28613,47.39284],[8.27987,47.38669],[8.2703,47.39836],[8.26332,47.40099],[8.26566,47.40348],[8.2636,47.40494],[8.26712,47.40748],[8.26719,47.40761]]]}},{"type":"Feature","properties":{"name":"Tegerfelden","cantonId":"aargau","municipalityId":"tegerfelden-4320"},"geometry":{"type":"Polygon","coordinates":[[[8.27754,47.57501],[8.29924,47.5763],[8.30198,47.57051],[8.30757,47.56947],[8.30633,47.56671],[8.30932,47.56521],[8.30401,47.56163],[8.30254,47.55748],[8.29886,47.55691],[8.30151,47.55151],[8.29211,47.55425],[8.26377,47.54489],[8.2627,47.54793],[8.26446,47.54993],[8.26268,47.55122],[8.26837,47.55862],[8.26912,47.56502],[8.2773,47.57496],[8.27754,47.57501]]]}},{"type":"Feature","properties":{"name":"Teufenthal (AG)","cantonId":"aargau","municipalityId":"teufenthal-ag-4145"},"geometry":{"type":"Polygon","coordinates":[[[8.1302,47.31912],[8.122,47.31919],[8.11917,47.3246],[8.11172,47.32711],[8.10996,47.33278],[8.11453,47.33535],[8.12737,47.33255],[8.14499,47.33377],[8.14796,47.32994],[8.1455,47.32534],[8.1378,47.3209],[8.13776,47.3187],[8.13112,47.31916],[8.1302,47.31912]]]}},{"type":"Feature","properties":{"name":"Thalheim (AG)","cantonId":"aargau","municipalityId":"thalheim-ag-4117"},"geometry":{"type":"Polygon","coordinates":[[[8.09242,47.45683],[8.09959,47.4588],[8.10207,47.45392],[8.11078,47.45322],[8.11085,47.4481],[8.11695,47.43948],[8.11223,47.42591],[8.1029,47.42357],[8.06629,47.42935],[8.06814,47.43345],[8.06442,47.44006],[8.07733,47.44217],[8.07646,47.44833],[8.08491,47.44834],[8.08535,47.45532],[8.09147,47.45667],[8.09242,47.45683]]]}},{"type":"Feature","properties":{"name":"Uerkheim","cantonId":"aargau","municipalityId":"uerkheim-4286"},"geometry":{"type":"Polygon","coordinates":[[[7.98324,47.30797],[8.00159,47.31631],[8.03577,47.30816],[8.03028,47.29618],[8.02437,47.29029],[8.00484,47.29676],[7.99655,47.29655],[7.98557,47.29106],[7.98969,47.29745],[7.98468,47.30198],[7.98347,47.30766],[7.98324,47.30797]]]}},{"type":"Feature","properties":{"name":"Uezwil","cantonId":"aargau","municipalityId":"uezwil-4078"},"geometry":{"type":"Polygon","coordinates":[[[8.28636,47.32332],[8.28941,47.31868],[8.28478,47.31726],[8.28848,47.30888],[8.28346,47.30714],[8.28341,47.30185],[8.28151,47.30635],[8.27885,47.3065],[8.27895,47.30323],[8.27582,47.30565],[8.26541,47.31611],[8.26691,47.31864],[8.26514,47.31983],[8.26747,47.32202],[8.27897,47.32407],[8.28306,47.31857],[8.28699,47.32127],[8.28587,47.32284],[8.28636,47.32332]]]}},{"type":"Feature","properties":{"name":"Unterentfelden","cantonId":"aargau","municipalityId":"unterentfelden-4013"},"geometry":{"type":"Polygon","coordinates":[[[8.0549,47.36965],[8.05868,47.3655],[8.05484,47.36416],[8.05928,47.36121],[8.05573,47.35975],[8.04648,47.36045],[8.03477,47.36567],[8.02296,47.36488],[8.02739,47.37112],[8.02951,47.37074],[8.03709,47.37717],[8.04859,47.37559],[8.05045,47.37101],[8.05583,47.37119],[8.0549,47.36965]]]}},{"type":"Feature","properties":{"name":"Unterkulm","cantonId":"aargau","municipalityId":"unterkulm-4146"},"geometry":{"type":"Polygon","coordinates":[[[8.08214,47.30963],[8.08619,47.31279],[8.0876,47.31757],[8.08438,47.32937],[8.09096,47.33434],[8.10635,47.33845],[8.10978,47.33851],[8.11172,47.32711],[8.11917,47.3246],[8.122,47.31919],[8.1302,47.31912],[8.13202,47.31712],[8.13157,47.31255],[8.11552,47.30681],[8.09671,47.30351],[8.09335,47.30458],[8.08724,47.30246],[8.08229,47.30944],[8.08214,47.30963]]]}},{"type":"Feature","properties":{"name":"Unterlunkhofen","cantonId":"aargau","municipalityId":"unterlunkhofen-4079"},"geometry":{"type":"Polygon","coordinates":[[[8.40864,47.32881],[8.40714,47.32631],[8.41182,47.32322],[8.404,47.3184],[8.40163,47.32003],[8.38665,47.31971],[8.3853,47.31199],[8.38072,47.30858],[8.38121,47.31401],[8.374,47.31739],[8.37231,47.3243],[8.36276,47.32969],[8.35502,47.33024],[8.34951,47.33351],[8.36603,47.33249],[8.36774,47.33535],[8.3729,47.33681],[8.37756,47.33153],[8.38861,47.32757],[8.40862,47.32883],[8.40864,47.32881]]]}},{"type":"Feature","properties":{"name":"Untersiggenthal","cantonId":"aargau","municipalityId":"untersiggenthal-4044"},"geometry":{"type":"Polygon","coordinates":[[[8.23336,47.51854],[8.26703,47.51879],[8.28012,47.51324],[8.27718,47.50445],[8.27366,47.50329],[8.26927,47.49565],[8.2722,47.49465],[8.27144,47.49304],[8.26501,47.48834],[8.25773,47.49158],[8.2562,47.49692],[8.24715,47.49398],[8.24245,47.49514],[8.24285,47.50052],[8.23451,47.50608],[8.23346,47.518],[8.23336,47.51854]]]}},{"type":"Feature","properties":{"name":"Veltheim (AG)","cantonId":"aargau","municipalityId":"veltheim-ag-4120"},"geometry":{"type":"Polygon","coordinates":[[[8.16254,47.4229],[8.16062,47.41709],[8.14786,47.42379],[8.12752,47.42391],[8.12434,47.4266],[8.1328,47.43245],[8.13644,47.44109],[8.15963,47.44321],[8.16534,47.4417],[8.16208,47.43378],[8.16241,47.42373],[8.16254,47.4229]]]}},{"type":"Feature","properties":{"name":"Villigen","cantonId":"aargau","municipalityId":"villigen-4121"},"geometry":{"type":"Polygon","coordinates":[[[8.17608,47.53321],[8.18101,47.53439],[8.17947,47.53655],[8.18101,47.53981],[8.21004,47.54705],[8.22898,47.54159],[8.22517,47.53647],[8.23336,47.51854],[8.23463,47.50794],[8.23169,47.50715],[8.23108,47.51194],[8.20923,47.51387],[8.20616,47.51623],[8.2086,47.5183],[8.19533,47.51843],[8.18826,47.5254],[8.16728,47.52867],[8.1761,47.53316],[8.17608,47.53321]]]}},{"type":"Feature","properties":{"name":"Villmergen","cantonId":"aargau","municipalityId":"villmergen-4080"},"geometry":{"type":"Polygon","coordinates":[[[8.2315,47.37964],[8.23559,47.37346],[8.24033,47.37394],[8.24299,47.37002],[8.25475,47.36666],[8.25265,47.36522],[8.26163,47.35847],[8.25701,47.35437],[8.25876,47.35285],[8.25733,47.35208],[8.26136,47.34866],[8.25855,47.34771],[8.26218,47.34179],[8.26072,47.34147],[8.26545,47.33828],[8.25969,47.33424],[8.25527,47.33446],[8.25651,47.33259],[8.25431,47.33162],[8.25689,47.33033],[8.25328,47.32668],[8.25581,47.32396],[8.234,47.32714],[8.22776,47.33691],[8.21177,47.3455],[8.21661,47.3492],[8.22325,47.34801],[8.2287,47.35341],[8.22615,47.35594],[8.23081,47.35716],[8.22792,47.3608],[8.23635,47.36479],[8.2277,47.37724],[8.23029,47.37921],[8.2315,47.37964]]]}},{"type":"Feature","properties":{"name":"Vordemwald","cantonId":"aargau","municipalityId":"vordemwald-4287"},"geometry":{"type":"Polygon","coordinates":[[[7.87647,47.2803],[7.8944,47.28727],[7.90614,47.29581],[7.91077,47.29023],[7.90641,47.2793],[7.91943,47.27019],[7.9128,47.26568],[7.89181,47.25842],[7.89567,47.24703],[7.88724,47.24374],[7.88624,47.24797],[7.86678,47.25925],[7.88177,47.26538],[7.8789,47.26932],[7.87212,47.27135],[7.87102,47.2742],[7.87638,47.28005],[7.87647,47.2803]]]}},{"type":"Feature","properties":{"name":"Wallbach","cantonId":"aargau","municipalityId":"wallbach-4261"},"geometry":{"type":"Polygon","coordinates":[[[7.89808,47.58412],[7.90474,47.57927],[7.9109,47.57079],[7.91137,47.56636],[7.90727,47.56056],[7.90871,47.55505],[7.89502,47.55328],[7.89571,47.55841],[7.8781,47.56985],[7.88219,47.57341],[7.88924,47.57287],[7.89732,47.58324],[7.89808,47.58412]]]}},{"type":"Feature","properties":{"name":"Waltenschwil","cantonId":"aargau","municipalityId":"waltenschwil-4240"},"geometry":{"type":"Polygon","coordinates":[[[8.28636,47.32332],[8.27611,47.33049],[8.27471,47.3337],[8.27729,47.33649],[8.28617,47.33551],[8.30007,47.34122],[8.29877,47.34236],[8.30248,47.34605],[8.30855,47.34251],[8.31942,47.34325],[8.32064,47.33613],[8.31612,47.33252],[8.31341,47.33378],[8.30688,47.331],[8.30789,47.32668],[8.30028,47.32395],[8.29139,47.32849],[8.28847,47.32598],[8.29027,47.32205],[8.2867,47.3232],[8.28636,47.32332]]]}},{"type":"Feature","properties":{"name":"Wegenstetten","cantonId":"aargau","municipalityId":"wegenstetten-4262"},"geometry":{"type":"Polygon","coordinates":[[[7.90478,47.49217],[7.92062,47.49786],[7.92977,47.50334],[7.92876,47.50528],[7.93673,47.50641],[7.94224,47.51143],[7.94611,47.51035],[7.94661,47.5057],[7.95315,47.4991],[7.9466,47.48514],[7.9333,47.48141],[7.90484,47.48491],[7.90479,47.49091],[7.90478,47.49217]]]}},{"type":"Feature","properties":{"name":"Wettingen","cantonId":"aargau","municipalityId":"wettingen-4045"},"geometry":{"type":"Polygon","coordinates":[[[8.31083,47.46003],[8.30854,47.4656],[8.31118,47.46491],[8.31198,47.46875],[8.31937,47.47317],[8.31409,47.47445],[8.37327,47.48147],[8.37533,47.47113],[8.36637,47.46959],[8.36785,47.46819],[8.36266,47.46248],[8.3562,47.46429],[8.35304,47.45955],[8.35487,47.45918],[8.34653,47.45599],[8.34887,47.45416],[8.33666,47.44494],[8.33315,47.45296],[8.32697,47.45722],[8.31313,47.45406],[8.31182,47.45541],[8.31439,47.45881],[8.31129,47.45984],[8.31083,47.46003]]]}},{"type":"Feature","properties":{"name":"Widen","cantonId":"aargau","municipalityId":"widen-4081"},"geometry":{"type":"Polygon","coordinates":[[[8.34715,47.36371],[8.3445,47.3679],[8.34976,47.37012],[8.35038,47.37483],[8.36439,47.38279],[8.36706,47.38085],[8.36472,47.37483],[8.36859,47.37376],[8.36915,47.37073],[8.36695,47.36503],[8.35712,47.36001],[8.34724,47.36367],[8.34715,47.36371]]]}},{"type":"Feature","properties":{"name":"Wiliberg","cantonId":"aargau","municipalityId":"wiliberg-4288"},"geometry":{"type":"Polygon","coordinates":[[[8.00482,47.27119],[8.02868,47.26921],[8.02431,47.26631],[8.02747,47.26495],[8.01637,47.26146],[8.01035,47.26417],[8.00484,47.27113],[8.00482,47.27119]]]}},{"type":"Feature","properties":{"name":"Windisch","cantonId":"aargau","municipalityId":"windisch-4123"},"geometry":{"type":"Polygon","coordinates":[[[8.22206,47.45991],[8.21722,47.46242],[8.22034,47.46348],[8.21973,47.46535],[8.21123,47.46732],[8.20879,47.4723],[8.20023,47.47379],[8.21165,47.47985],[8.21009,47.4812],[8.21445,47.48398],[8.21387,47.48649],[8.22904,47.48751],[8.2371,47.49241],[8.24035,47.48744],[8.23404,47.48107],[8.22438,47.48026],[8.23283,47.47245],[8.23309,47.46591],[8.2311,47.4628],[8.2236,47.46012],[8.22206,47.45991]]]}},{"type":"Feature","properties":{"name":"Wittnau","cantonId":"aargau","municipalityId":"wittnau-4181"},"geometry":{"type":"Polygon","coordinates":[[[7.99479,47.48205],[7.99393,47.47835],[7.98559,47.47647],[7.98627,47.46947],[7.97913,47.4688],[7.98124,47.46633],[7.97213,47.46227],[7.97398,47.45965],[7.9683,47.46281],[7.95937,47.45479],[7.95617,47.45573],[7.95755,47.45889],[7.94887,47.46378],[7.94004,47.46202],[7.9448,47.47604],[7.94451,47.48125],[7.94854,47.49016],[7.95255,47.49263],[7.96082,47.49406],[7.97325,47.49117],[7.98523,47.49221],[7.99187,47.488],[7.99598,47.48816],[7.99485,47.48264],[7.99479,47.48205]]]}},{"type":"Feature","properties":{"name":"Wölflinswil","cantonId":"aargau","municipalityId":"woelflinswil-4182"},"geometry":{"type":"Polygon","coordinates":[[[7.982,47.44623],[7.97489,47.452],[7.97597,47.45662],[7.97213,47.46227],[7.98124,47.46633],[7.97913,47.4688],[7.98627,47.46947],[7.98559,47.47647],[7.99393,47.47835],[7.99484,47.48205],[7.99795,47.48107],[7.99879,47.47818],[8.00414,47.47687],[8.00661,47.47224],[8.01051,47.47026],[8.01422,47.47462],[8.01963,47.47356],[8.02292,47.46555],[8.02813,47.4644],[8.03001,47.45228],[8.02292,47.44943],[8.01776,47.45418],[8.0076,47.45578],[8.00621,47.45365],[8.00491,47.45519],[7.98994,47.4522],[7.99128,47.44962],[7.99525,47.44865],[7.98225,47.44622],[7.982,47.44623]]]}},{"type":"Feature","properties":{"name":"Wohlen (AG)","cantonId":"aargau","municipalityId":"wohlen-ag-4082"},"geometry":{"type":"Polygon","coordinates":[[[8.29285,47.36159],[8.29888,47.3615],[8.30519,47.35742],[8.31942,47.34325],[8.30855,47.34251],[8.30248,47.34605],[8.29877,47.34236],[8.30007,47.34122],[8.28617,47.33551],[8.27729,47.33649],[8.27479,47.33376],[8.26072,47.34147],[8.26218,47.34179],[8.25855,47.34771],[8.26136,47.34866],[8.25701,47.35437],[8.26163,47.35847],[8.25265,47.36522],[8.25475,47.36666],[8.25038,47.36908],[8.25137,47.37048],[8.25527,47.36859],[8.26084,47.37427],[8.27495,47.37436],[8.27736,47.37342],[8.28111,47.36451],[8.28615,47.36706],[8.29243,47.36219],[8.29285,47.36159]]]}},{"type":"Feature","properties":{"name":"Wohlenschwil","cantonId":"aargau","municipalityId":"wohlenschwil-4046"},"geometry":{"type":"Polygon","coordinates":[[[8.23742,47.42385],[8.24867,47.42666],[8.25215,47.43039],[8.26142,47.42861],[8.26277,47.4223],[8.26091,47.41966],[8.26857,47.41088],[8.26306,47.40172],[8.25493,47.40343],[8.24999,47.40649],[8.25064,47.40814],[8.24805,47.4082],[8.24801,47.41144],[8.24416,47.4111],[8.24466,47.41398],[8.24113,47.4149],[8.24175,47.41714],[8.23753,47.41742],[8.23744,47.42382],[8.23742,47.42385]]]}},{"type":"Feature","properties":{"name":"Würenlingen","cantonId":"aargau","municipalityId":"wuerenlingen-4047"},"geometry":{"type":"Polygon","coordinates":[[[8.28225,47.51496],[8.27835,47.5137],[8.26297,47.51914],[8.23336,47.51854],[8.22531,47.5353],[8.23038,47.54507],[8.23357,47.5433],[8.24035,47.5476],[8.2627,47.54793],[8.26463,47.53887],[8.27096,47.53358],[8.26609,47.52769],[8.26671,47.52535],[8.27415,47.5186],[8.27906,47.51843],[8.28214,47.51566],[8.28225,47.51496]]]}},{"type":"Feature","properties":{"name":"Würenlos","cantonId":"aargau","municipalityId":"wuerenlos-4048"},"geometry":{"type":"MultiPolygon","coordinates":[[[[8.38691,47.4496],[8.38176,47.44869],[8.38102,47.44637],[8.38511,47.43631],[8.38287,47.4329],[8.37467,47.43224],[8.37105,47.43498],[8.3615,47.43215],[8.34455,47.43779],[8.33873,47.44247],[8.33666,47.44494],[8.34887,47.45416],[8.34653,47.45599],[8.35487,47.45918],[8.35304,47.45955],[8.3562,47.46429],[8.36266,47.46248],[8.36569,47.46621],[8.36945,47.46533],[8.37284,47.45918],[8.37889,47.45927],[8.3802,47.45614],[8.38291,47.45624],[8.38682,47.44969],[8.38691,47.4496]]],[[[8.43823,47.40756],[8.438,47.40751],[8.43794,47.40762],[8.43798,47.40763],[8.4379,47.40786],[8.43792,47.40795],[8.43797,47.40807],[8.43836,47.40829],[8.43884,47.4086],[8.4391,47.4088],[8.43984,47.40902],[8.44014,47.40887],[8.44037,47.40852],[8.44027,47.40849],[8.44014,47.40844],[8.43988,47.40837],[8.43981,47.40834],[8.43975,47.40831],[8.43972,47.40828],[8.43968,47.40823],[8.43964,47.40816],[8.43958,47.40809],[8.43948,47.40793],[8.43944,47.40789],[8.43938,47.40786],[8.43931,47.40783],[8.43924,47.40782],[8.4391,47.4078],[8.43894,47.40776],[8.43881,47.40772],[8.43852,47.40761],[8.43823,47.40756]]]]}},{"type":"Feature","properties":{"name":"Zeihen","cantonId":"aargau","municipalityId":"zeihen-4183"},"geometry":{"type":"Polygon","coordinates":[[[8.06842,47.48172],[8.07557,47.48365],[8.07225,47.48726],[8.07539,47.48934],[8.08657,47.48217],[8.09781,47.47895],[8.10013,47.47667],[8.09807,47.47599],[8.10188,47.47321],[8.10556,47.47296],[8.10302,47.47663],[8.1059,47.47629],[8.11533,47.47026],[8.1139,47.46631],[8.11806,47.46009],[8.10697,47.45673],[8.09771,47.45914],[8.09242,47.45683],[8.08571,47.4638],[8.07375,47.46607],[8.07615,47.47434],[8.07827,47.47435],[8.06864,47.48075],[8.06842,47.48172]]]}},{"type":"Feature","properties":{"name":"Zeiningen","cantonId":"aargau","municipalityId":"zeiningen-4263"},"geometry":{"type":"Polygon","coordinates":[[[7.87667,47.52269],[7.86397,47.51931],[7.86259,47.52692],[7.85733,47.53321],[7.85235,47.53524],[7.85465,47.53749],[7.85238,47.54691],[7.85886,47.55133],[7.86923,47.55355],[7.8781,47.56985],[7.89571,47.55841],[7.89663,47.55539],[7.89478,47.55343],[7.90014,47.5513],[7.89503,47.54595],[7.89783,47.54156],[7.89045,47.53146],[7.88081,47.52671],[7.87913,47.52228],[7.87673,47.52263],[7.87667,47.52269]]]}},{"type":"Feature","properties":{"name":"Zetzwil","cantonId":"aargau","municipalityId":"zetzwil-4147"},"geometry":{"type":"Polygon","coordinates":[[[8.15364,47.30197],[8.15528,47.29945],[8.16523,47.2988],[8.16804,47.29449],[8.17226,47.29693],[8.18075,47.29667],[8.17855,47.29234],[8.18341,47.28287],[8.18262,47.28083],[8.15777,47.27564],[8.15097,47.28023],[8.15049,47.28365],[8.13853,47.28846],[8.14226,47.29159],[8.14019,47.29322],[8.14625,47.29452],[8.15325,47.30167],[8.15364,47.30197]]]}},{"type":"Feature","properties":{"name":"Zofingen","cantonId":"aargau","municipalityId":"zofingen-4289"},"geometry":{"type":"Polygon","coordinates":[[[7.92898,47.2981],[7.94127,47.29269],[7.95329,47.3],[7.96349,47.29899],[7.96267,47.30129],[7.96883,47.30186],[7.96885,47.30464],[7.97276,47.30669],[7.98324,47.30797],[7.98468,47.30198],[7.98957,47.29639],[7.97875,47.28493],[7.98822,47.28143],[7.99552,47.28404],[8.00028,47.28267],[7.99763,47.2809],[8.00005,47.28026],[7.99531,47.28155],[7.9869,47.27602],[7.97346,47.27448],[7.95603,47.27686],[7.94045,47.27491],[7.93064,47.2911],[7.92914,47.29801],[7.92898,47.2981]]]}},{"type":"Feature","properties":{"name":"Zufikon","cantonId":"aargau","municipalityId":"zufikon-4083"},"geometry":{"type":"Polygon","coordinates":[[[8.34715,47.36371],[8.35838,47.36029],[8.37009,47.35032],[8.36864,47.34835],[8.37536,47.34116],[8.37166,47.33944],[8.37343,47.3369],[8.36774,47.33535],[8.36603,47.33249],[8.34951,47.33351],[8.33773,47.33894],[8.3496,47.34487],[8.35258,47.34938],[8.35041,47.35163],[8.35179,47.35648],[8.34687,47.36377],[8.34715,47.36371]]]}},{"type":"Feature","properties":{"name":"Zurzach","cantonId":"aargau","municipalityId":"zurzach-4324"},"geometry":{"type":"MultiPolygon","coordinates":[[[[8.35493,47.54566],[8.34851,47.54331],[8.33338,47.54402],[8.31724,47.54811],[8.30063,47.54878],[8.30256,47.55208],[8.29886,47.55691],[8.30254,47.55748],[8.30401,47.56163],[8.30932,47.56521],[8.30633,47.56671],[8.30757,47.56947],[8.30198,47.57051],[8.29924,47.5763],[8.27828,47.57492],[8.27329,47.57718],[8.2734,47.58087],[8.2768,47.58352],[8.26648,47.58909],[8.26939,47.58905],[8.26797,47.59416],[8.26944,47.59824],[8.26394,47.59707],[8.26131,47.60686],[8.25226,47.60825],[8.25248,47.61051],[8.26132,47.61352],[8.2649,47.6093],[8.28048,47.61165],[8.29673,47.60653],[8.29535,47.59405],[8.29776,47.58923],[8.31166,47.58287],[8.32409,47.57278],[8.33735,47.57038],[8.33522,47.5583],[8.34972,47.55296],[8.35335,47.55394],[8.3513,47.55713],[8.35818,47.56137],[8.36178,47.56942],[8.38275,47.56573],[8.38999,47.57348],[8.39329,47.57421],[8.39405,47.57145],[8.39899,47.56979],[8.39452,47.56708],[8.39286,47.56177],[8.39548,47.55987],[8.38954,47.55403],[8.38491,47.55414],[8.38283,47.54937],[8.37554,47.5494],[8.37333,47.54701],[8.37288,47.54883],[8.37006,47.5487],[8.36473,47.54228],[8.36202,47.54622],[8.35494,47.54566],[8.35493,47.54566]]],[[[8.42568,47.56786],[8.41605,47.56559],[8.41394,47.56766],[8.41626,47.57064],[8.42467,47.56821],[8.42568,47.56786]]]]}},{"type":"Feature","properties":{"name":"Zuzgen","cantonId":"aargau","municipalityId":"zuzgen-4264"},"geometry":{"type":"Polygon","coordinates":[[[7.89417,47.50572],[7.88409,47.50849],[7.87804,47.51388],[7.87569,47.51319],[7.87667,47.52269],[7.87913,47.52228],[7.88081,47.52671],[7.89045,47.53146],[7.89783,47.54156],[7.91015,47.54117],[7.91014,47.5347],[7.9168,47.53688],[7.92021,47.52982],[7.92922,47.52281],[7.91474,47.51657],[7.90518,47.51827],[7.89844,47.51648],[7.89656,47.5065],[7.89576,47.50458],[7.89421,47.50569],[7.89417,47.50572]]]}}]}
