{"type":"FeatureCollection","features":[{"type":"Feature","properties":{"name":"Aarberg","cantonId":"bern","municipalityId":"aarberg-301"},"geometry":{"type":"Polygon","coordinates":[[[7.29023,47.06139],[7.2946,47.06022],[7.2935,47.05814],[7.29748,47.06045],[7.30292,47.05816],[7.30236,47.05621],[7.30764,47.05481],[7.30773,47.05158],[7.29987,47.04656],[7.3023,47.04424],[7.30145,47.04199],[7.28145,47.03118],[7.27576,47.03229],[7.27999,47.02719],[7.27202,47.02949],[7.26516,47.02679],[7.26619,47.03726],[7.26871,47.04151],[7.25712,47.04724],[7.2614,47.04732],[7.26314,47.04888],[7.26007,47.04984],[7.2624,47.05196],[7.26568,47.05059],[7.27823,47.05995],[7.27958,47.05815],[7.28487,47.05957],[7.29023,47.06139]]]}},{"type":"Feature","properties":{"name":"Aarwangen","cantonId":"bern","municipalityId":"aarwangen-321"},"geometry":{"type":"Polygon","coordinates":[[[7.79081,47.23742],[7.78755,47.23312],[7.78452,47.23279],[7.78485,47.23103],[7.7684,47.22273],[7.76416,47.22471],[7.76345,47.22232],[7.7581,47.22153],[7.74367,47.22254],[7.73414,47.21898],[7.73534,47.22724],[7.73256,47.22885],[7.73551,47.23333],[7.74324,47.23582],[7.74762,47.24355],[7.75931,47.24468],[7.75833,47.24762],[7.76175,47.2487],[7.76385,47.24666],[7.78214,47.25216],[7.79344,47.24441],[7.79083,47.23748],[7.79081,47.23742]]]}},{"type":"Feature","properties":{"name":"Adelboden","cantonId":"bern","municipalityId":"adelboden-561"},"geometry":{"type":"Polygon","coordinates":[[[7.53929,46.52685],[7.54871,46.52327],[7.55888,46.52604],[7.57564,46.52212],[7.58866,46.52211],[7.58534,46.51798],[7.58915,46.51412],[7.59801,46.51246],[7.61582,46.50279],[7.62564,46.50205],[7.62783,46.4993],[7.62001,46.49143],[7.62578,46.48679],[7.62624,46.48017],[7.61631,46.47663],[7.61537,46.47276],[7.6094,46.4695],[7.60622,46.46452],[7.60012,46.46195],[7.59854,46.45474],[7.59279,46.44585],[7.59618,46.44137],[7.59414,46.43521],[7.58962,46.42597],[7.58481,46.42282],[7.58353,46.41732],[7.56237,46.41243],[7.55483,46.41365],[7.53679,46.42801],[7.50468,46.44213],[7.49822,46.44162],[7.49545,46.44484],[7.49999,46.44896],[7.4919,46.45861],[7.49527,46.46457],[7.48886,46.47769],[7.49159,46.48714],[7.48865,46.49369],[7.48941,46.49705],[7.51342,46.50228],[7.51716,46.50897],[7.52931,46.51651],[7.53432,46.52419],[7.53862,46.52657],[7.53929,46.52685]]]}},{"type":"Feature","properties":{"name":"Aefligen","cantonId":"bern","municipalityId":"aefligen-401"},"geometry":{"type":"Polygon","coordinates":[[[7.53547,47.1068],[7.53458,47.10985],[7.53725,47.10995],[7.54783,47.10225],[7.56289,47.09588],[7.56122,47.09203],[7.55371,47.08668],[7.5505,47.08758],[7.54334,47.09333],[7.54141,47.09775],[7.54453,47.10024],[7.53549,47.10677],[7.53547,47.1068]]]}},{"type":"Feature","properties":{"name":"Aegerten","cantonId":"bern","municipalityId":"aegerten-731"},"geometry":{"type":"Polygon","coordinates":[[[7.29898,47.12115],[7.29227,47.11837],[7.29523,47.11523],[7.28131,47.10873],[7.27695,47.10947],[7.27251,47.11343],[7.27194,47.1171],[7.28189,47.12202],[7.29663,47.12658],[7.29772,47.12317],[7.29898,47.12115]]]}},{"type":"Feature","properties":{"name":"Aeschi bei Spiez","cantonId":"bern","municipalityId":"aeschi-bei-spiez-562"},"geometry":{"type":"Polygon","coordinates":[[[7.7651,46.63192],[7.77443,46.63003],[7.7799,46.62399],[7.79357,46.62219],[7.79531,46.6156],[7.80483,46.61146],[7.80745,46.61225],[7.80587,46.6076],[7.8178,46.59661],[7.81698,46.59298],[7.80999,46.5893],[7.79482,46.5874],[7.78934,46.58429],[7.78675,46.58675],[7.77559,46.58867],[7.76939,46.59591],[7.75602,46.59134],[7.75464,46.58859],[7.74453,46.58871],[7.7521,46.59986],[7.74993,46.60349],[7.75295,46.60692],[7.74831,46.60955],[7.75095,46.61636],[7.73671,46.6252],[7.73685,46.62738],[7.74199,46.62718],[7.74263,46.62931],[7.746,46.62734],[7.74594,46.62907],[7.73179,46.63648],[7.72398,46.63786],[7.71686,46.64266],[7.70225,46.63791],[7.688,46.63857],[7.67935,46.63645],[7.6752,46.63716],[7.67434,46.63982],[7.67065,46.63911],[7.67176,46.64361],[7.66936,46.64489],[7.68326,46.65208],[7.67078,46.66687],[7.68162,46.66769],[7.68971,46.66662],[7.70638,46.65981],[7.71458,46.65963],[7.71701,46.65816],[7.71507,46.65538],[7.71844,46.65289],[7.74671,46.64003],[7.74697,46.63738],[7.7523,46.63434],[7.76451,46.63189],[7.7651,46.63192]]]}},{"type":"Feature","properties":{"name":"Affoltern im Emmental","cantonId":"bern","municipalityId":"affoltern-im-emmental-951"},"geometry":{"type":"Polygon","coordinates":[[[7.76988,47.06317],[7.75701,47.05893],[7.75208,47.05329],[7.74812,47.05474],[7.74568,47.05104],[7.73393,47.05505],[7.72745,47.05304],[7.7162,47.05527],[7.7144,47.06131],[7.71809,47.0663],[7.70823,47.0665],[7.70896,47.07048],[7.69452,47.07475],[7.70148,47.08221],[7.70755,47.07623],[7.72015,47.0781],[7.72385,47.08198],[7.7291,47.08089],[7.73505,47.08694],[7.74536,47.08712],[7.74548,47.08092],[7.75319,47.08135],[7.75005,47.07394],[7.76183,47.07181],[7.76369,47.06782],[7.76087,47.06944],[7.75872,47.06814],[7.76983,47.0632],[7.76988,47.06317]]]}},{"type":"Feature","properties":{"name":"Alchenstorf","cantonId":"bern","municipalityId":"alchenstorf-402"},"geometry":{"type":"Polygon","coordinates":[[[7.67068,47.12635],[7.67071,47.12441],[7.65349,47.11509],[7.65226,47.11131],[7.65484,47.10871],[7.63879,47.11257],[7.63858,47.11596],[7.63345,47.12042],[7.63069,47.11863],[7.61899,47.12195],[7.6217,47.12641],[7.619,47.12774],[7.62028,47.12988],[7.63001,47.13549],[7.6388,47.13331],[7.64641,47.13695],[7.64977,47.13615],[7.64814,47.13332],[7.65081,47.13112],[7.65944,47.13128],[7.6705,47.12629],[7.67068,47.12635]]]}},{"type":"Feature","properties":{"name":"Allmendingen","cantonId":"bern","municipalityId":"allmendingen-630"},"geometry":{"type":"Polygon","coordinates":[[[7.52201,46.9255],[7.5294,46.92515],[7.52573,46.92297],[7.5307,46.92003],[7.53344,46.92096],[7.54064,46.91082],[7.52985,46.91047],[7.53194,46.9085],[7.53034,46.90742],[7.52596,46.90928],[7.52212,46.90783],[7.51889,46.91021],[7.51506,46.90817],[7.50702,46.91274],[7.50359,46.9177],[7.51104,46.92165],[7.50838,46.92403],[7.51645,46.92796],[7.52189,46.92559],[7.52201,46.9255]]]}},{"type":"Feature","properties":{"name":"Amsoldingen","cantonId":"bern","municipalityId":"amsoldingen-921"},"geometry":{"type":"Polygon","coordinates":[[[7.60861,46.71875],[7.60149,46.71367],[7.58371,46.71583],[7.57291,46.7223],[7.57194,46.72883],[7.56684,46.73177],[7.56593,46.73545],[7.56851,46.74421],[7.58187,46.73157],[7.58654,46.73567],[7.58741,46.73243],[7.60516,46.72354],[7.60721,46.72065],[7.60861,46.71875]]]}},{"type":"Feature","properties":{"name":"Arch","cantonId":"bern","municipalityId":"arch-381"},"geometry":{"type":"Polygon","coordinates":[[[7.44183,47.17923],[7.44118,47.1769],[7.44429,47.17724],[7.44333,47.17523],[7.45464,47.15633],[7.43996,47.1505],[7.42843,47.1568],[7.4199,47.15572],[7.4162,47.15994],[7.41319,47.15825],[7.41022,47.16215],[7.41596,47.16538],[7.41841,47.17116],[7.4316,47.17605],[7.43172,47.18359],[7.43744,47.18504],[7.44065,47.17979],[7.44183,47.17923]]]}},{"type":"Feature","properties":{"name":"Arni (BE)","cantonId":"bern","municipalityId":"arni-be-602"},"geometry":{"type":"Polygon","coordinates":[[[7.69745,46.93842],[7.68766,46.93451],[7.68552,46.93072],[7.67563,46.92881],[7.6672,46.92367],[7.65794,46.92244],[7.65623,46.92523],[7.6529,46.92484],[7.64468,46.91743],[7.63638,46.9153],[7.63362,46.91982],[7.6365,46.92281],[7.63492,46.92656],[7.63896,46.92662],[7.64116,46.93025],[7.63921,46.93717],[7.6245,46.93455],[7.62842,46.93776],[7.62502,46.9382],[7.62692,46.94236],[7.63243,46.94192],[7.63534,46.94659],[7.64047,46.94686],[7.64344,46.95317],[7.6452,46.94871],[7.64871,46.9498],[7.64866,46.94747],[7.65839,46.94567],[7.66905,46.94794],[7.6777,46.94356],[7.68812,46.943],[7.68934,46.93939],[7.69762,46.93859],[7.69745,46.93842]]]}},{"type":"Feature","properties":{"name":"Attiswil","cantonId":"bern","municipalityId":"attiswil-971"},"geometry":{"type":"Polygon","coordinates":[[[7.59742,47.24482],[7.59595,47.24557],[7.59774,47.25413],[7.59467,47.26435],[7.58438,47.27221],[7.60136,47.27502],[7.60466,47.27182],[7.60312,47.27011],[7.60709,47.26822],[7.60423,47.26603],[7.60447,47.26177],[7.62081,47.26154],[7.6256,47.26349],[7.62837,47.2599],[7.62832,47.25548],[7.62274,47.25446],[7.62692,47.25054],[7.63119,47.25103],[7.63136,47.2453],[7.62819,47.24321],[7.62961,47.24135],[7.62477,47.24134],[7.627,47.236],[7.62326,47.23398],[7.6149,47.23421],[7.60952,47.23955],[7.6064,47.23905],[7.6046,47.24267],[7.59777,47.24537],[7.59742,47.24482]]]}},{"type":"Feature","properties":{"name":"Auswil","cantonId":"bern","municipalityId":"auswil-322"},"geometry":{"type":"Polygon","coordinates":[[[7.80175,47.14042],[7.80508,47.14477],[7.80828,47.14265],[7.81397,47.14462],[7.82172,47.14116],[7.82978,47.14123],[7.83524,47.14227],[7.83896,47.14695],[7.84573,47.14848],[7.85195,47.14708],[7.85464,47.14467],[7.84955,47.13972],[7.84998,47.12983],[7.82832,47.12308],[7.82536,47.12614],[7.8275,47.12933],[7.82365,47.13444],[7.8265,47.13652],[7.82409,47.14034],[7.8116,47.13918],[7.80882,47.14179],[7.80598,47.13954],[7.8021,47.14026],[7.80175,47.14042]]]}},{"type":"Feature","properties":{"name":"Bäriswil","cantonId":"bern","municipalityId":"baeriswil-403"},"geometry":{"type":"Polygon","coordinates":[[[7.53082,47.02817],[7.53714,47.02186],[7.54152,47.02193],[7.54281,47.01006],[7.53954,47.0047],[7.53467,47.00457],[7.53171,47.00772],[7.53389,47.00967],[7.53337,47.01351],[7.52296,47.01286],[7.51615,47.01934],[7.52851,47.02719],[7.53082,47.02817]]]}},{"type":"Feature","properties":{"name":"Bätterkinden","cantonId":"bern","municipalityId":"baetterkinden-533"},"geometry":{"type":"Polygon","coordinates":[[[7.53898,47.16323],[7.54633,47.16073],[7.55891,47.16809],[7.5431,47.1579],[7.54498,47.1316],[7.53511,47.119],[7.53376,47.11428],[7.53725,47.10995],[7.53458,47.10985],[7.53646,47.10819],[7.53419,47.10622],[7.53336,47.10933],[7.53014,47.10996],[7.53185,47.11406],[7.52763,47.11343],[7.52973,47.11575],[7.5271,47.11658],[7.52834,47.12121],[7.52437,47.1212],[7.51791,47.11421],[7.5093,47.11673],[7.50457,47.12269],[7.51373,47.12991],[7.51583,47.13677],[7.52284,47.14242],[7.52343,47.14584],[7.52976,47.14874],[7.52057,47.15977],[7.53451,47.16417],[7.53664,47.16273],[7.53898,47.16323]]]}},{"type":"Feature","properties":{"name":"Bannwil","cantonId":"bern","municipalityId":"bannwil-323"},"geometry":{"type":"Polygon","coordinates":[[[7.74558,47.24918],[7.74891,47.24553],[7.75833,47.24762],[7.75931,47.24468],[7.74762,47.24355],[7.74324,47.23582],[7.73551,47.23333],[7.73025,47.22737],[7.71893,47.22623],[7.71412,47.22782],[7.71559,47.23022],[7.70825,47.2335],[7.71677,47.23626],[7.71421,47.24003],[7.72114,47.24233],[7.72463,47.2473],[7.73571,47.24978],[7.74556,47.24919],[7.74558,47.24918]]]}},{"type":"Feature","properties":{"name":"Bargen (BE)","cantonId":"bern","municipalityId":"bargen-be-302"},"geometry":{"type":"Polygon","coordinates":[[[7.25064,47.05127],[7.26893,47.04036],[7.26619,47.03726],[7.26516,47.02679],[7.25421,47.0194],[7.24561,47.01957],[7.24529,47.0267],[7.23426,47.03293],[7.2278,47.03207],[7.22616,47.03559],[7.22298,47.03537],[7.21244,47.02912],[7.20845,47.03575],[7.22132,47.03914],[7.22491,47.04614],[7.25075,47.04633],[7.24875,47.04831],[7.25059,47.05126],[7.25064,47.05127]]]}},{"type":"Feature","properties":{"name":"Beatenberg","cantonId":"bern","municipalityId":"beatenberg-571"},"geometry":{"type":"Polygon","coordinates":[[[7.85391,46.76024],[7.85467,46.75519],[7.85267,46.75305],[7.84431,46.75202],[7.83798,46.74623],[7.83165,46.74492],[7.83438,46.73002],[7.82804,46.72583],[7.84025,46.71857],[7.83971,46.71538],[7.82861,46.70724],[7.83072,46.70626],[7.82945,46.70333],[7.81775,46.69258],[7.81761,46.68813],[7.81299,46.68631],[7.80462,46.6883],[7.79715,46.68385],[7.79194,46.68578],[7.77653,46.68166],[7.76374,46.68219],[7.75686,46.68028],[7.75892,46.68541],[7.74909,46.68825],[7.74785,46.69027],[7.74953,46.69282],[7.75849,46.70021],[7.76685,46.70302],[7.76717,46.70585],[7.7715,46.70722],[7.7731,46.71059],[7.78711,46.71562],[7.80574,46.72968],[7.81004,46.73525],[7.80595,46.74001],[7.8074,46.74889],[7.81952,46.75898],[7.83065,46.75692],[7.8374,46.75942],[7.85263,46.7601],[7.85391,46.76024]]]}},{"type":"Feature","properties":{"name":"Bellmund","cantonId":"bern","municipalityId":"bellmund-732"},"geometry":{"type":"Polygon","coordinates":[[[7.24409,47.11272],[7.24962,47.11294],[7.2506,47.10907],[7.25532,47.10819],[7.26499,47.11029],[7.26802,47.10675],[7.25525,47.10544],[7.2535,47.10428],[7.25569,47.10221],[7.253,47.1014],[7.25461,47.09979],[7.24692,47.0924],[7.24433,47.09205],[7.24579,47.09646],[7.23248,47.08989],[7.22722,47.09154],[7.22968,47.09435],[7.23121,47.09298],[7.22951,47.09707],[7.23213,47.09642],[7.23323,47.09872],[7.23201,47.10292],[7.22268,47.10842],[7.22403,47.10996],[7.23302,47.10711],[7.23299,47.10869],[7.24349,47.11276],[7.24409,47.11272]]]}},{"type":"Feature","properties":{"name":"Belp","cantonId":"bern","municipalityId":"belp-861"},"geometry":{"type":"Polygon","coordinates":[[[7.54641,46.86683],[7.53474,46.86153],[7.53195,46.8577],[7.52753,46.85838],[7.52497,46.85281],[7.51744,46.85333],[7.50954,46.85699],[7.50564,46.85584],[7.5032,46.86152],[7.49573,46.86266],[7.49771,46.87087],[7.49474,46.87141],[7.4962,46.87548],[7.49307,46.87642],[7.4948,46.87959],[7.48798,46.88108],[7.48425,46.87961],[7.48234,46.8815],[7.48467,46.88691],[7.47792,46.89871],[7.4822,46.90317],[7.47969,46.90455],[7.48606,46.90811],[7.48075,46.91258],[7.48526,46.91491],[7.48268,46.91674],[7.48633,46.92052],[7.48138,46.92198],[7.48675,46.92476],[7.50138,46.91856],[7.50772,46.91223],[7.52313,46.90384],[7.53522,46.8928],[7.54541,46.86834],[7.54641,46.86683]]]}},{"type":"Feature","properties":{"name":"Belprahon","cantonId":"bern","municipalityId":"belprahon-681"},"geometry":{"type":"Polygon","coordinates":[[[7.3959,47.29818],[7.41892,47.30209],[7.42097,47.29701],[7.41223,47.29264],[7.41372,47.28494],[7.41156,47.28022],[7.39746,47.27853],[7.3925,47.28249],[7.38981,47.28939],[7.38976,47.29198],[7.39694,47.29767],[7.3959,47.29818]]]}},{"type":"Feature","properties":{"name":"Berken","cantonId":"bern","municipalityId":"berken-972"},"geometry":{"type":"Polygon","coordinates":[[[7.6923,47.22474],[7.70175,47.23231],[7.71655,47.22667],[7.7116,47.22087],[7.7074,47.21835],[7.6927,47.22475],[7.6923,47.22474]]]}},{"type":"Feature","properties":{"name":"Bern","cantonId":"bern","municipalityId":"bern-351"},"geometry":{"type":"Polygon","coordinates":[[[7.33123,46.91923],[7.32746,46.91903],[7.32692,46.92359],[7.32451,46.92515],[7.30939,46.92233],[7.29498,46.92287],[7.29827,46.92746],[7.30636,46.93123],[7.30434,46.93623],[7.30687,46.94037],[7.32474,46.94328],[7.32846,46.94641],[7.34141,46.94608],[7.34346,46.94879],[7.35136,46.94855],[7.35057,46.95021],[7.3531,46.95193],[7.35821,46.95118],[7.36851,46.95663],[7.37152,46.96073],[7.37852,46.96147],[7.38322,46.9663],[7.4083,46.96869],[7.42818,46.9738],[7.43786,46.96843],[7.44125,46.97679],[7.44839,46.97564],[7.44771,46.97901],[7.44128,46.97982],[7.45068,46.99015],[7.45466,46.97782],[7.46804,46.97582],[7.4702,46.96741],[7.47817,46.97118],[7.48453,46.97016],[7.4858,46.96468],[7.47848,46.9629],[7.47978,46.9566],[7.47693,46.95476],[7.48406,46.94999],[7.4834,46.9452],[7.49556,46.93961],[7.49352,46.93766],[7.47667,46.93695],[7.47811,46.93625],[7.47536,46.93299],[7.46911,46.92924],[7.47077,46.9255],[7.45857,46.93483],[7.44764,46.93043],[7.43542,46.93497],[7.43381,46.93312],[7.43765,46.93074],[7.4147,46.93682],[7.41385,46.93157],[7.40709,46.93038],[7.40807,46.92563],[7.40213,46.9242],[7.40149,46.92119],[7.38758,46.93045],[7.38232,46.92728],[7.38002,46.92989],[7.38088,46.93241],[7.3749,46.93271],[7.36807,46.93239],[7.36831,46.93043],[7.36056,46.9272],[7.33879,46.92454],[7.33937,46.91967],[7.33531,46.91945],[7.33123,46.91923]]]}},{"type":"Feature","properties":{"name":"Bettenhausen","cantonId":"bern","municipalityId":"bettenhausen-973"},"geometry":{"type":"Polygon","coordinates":[[[7.70081,47.16177],[7.69443,47.162],[7.692,47.16545],[7.69678,47.17169],[7.69547,47.17399],[7.7007,47.17458],[7.7009,47.17648],[7.70293,47.17494],[7.70373,47.17822],[7.71708,47.1824],[7.72126,47.17871],[7.72076,47.17574],[7.72558,47.17235],[7.72213,47.17126],[7.72321,47.16754],[7.71679,47.16536],[7.71708,47.16231],[7.70812,47.15799],[7.70111,47.16173],[7.70081,47.16177]]]}},{"type":"Feature","properties":{"name":"Biel/Bienne","cantonId":"bern","municipalityId":"biel-bienne-371"},"geometry":{"type":"Polygon","coordinates":[[[7.30011,47.15243],[7.29356,47.14767],[7.2852,47.1463],[7.2878,47.14485],[7.28716,47.14259],[7.2828,47.14248],[7.28391,47.13889],[7.27598,47.13748],[7.27465,47.13926],[7.26645,47.13658],[7.27077,47.13182],[7.26249,47.12461],[7.2544,47.12218],[7.25255,47.12604],[7.24624,47.13022],[7.24192,47.12798],[7.23569,47.13131],[7.23092,47.12991],[7.23436,47.1321],[7.23178,47.13334],[7.23257,47.13469],[7.21554,47.12717],[7.20698,47.12907],[7.20112,47.13294],[7.21203,47.13895],[7.24031,47.14721],[7.24932,47.15629],[7.24481,47.15722],[7.22748,47.15385],[7.23834,47.16197],[7.25324,47.16798],[7.27047,47.16826],[7.27177,47.17124],[7.29192,47.17693],[7.29705,47.16519],[7.31214,47.16304],[7.31275,47.16067],[7.29904,47.15768],[7.30004,47.15257],[7.30011,47.15243]]]}},{"type":"Feature","properties":{"name":"Biglen","cantonId":"bern","municipalityId":"biglen-603"},"geometry":{"type":"Polygon","coordinates":[[[7.61761,46.91994],[7.61742,46.9223],[7.61498,46.92148],[7.61237,46.9237],[7.61172,46.92706],[7.61763,46.932],[7.61738,46.93585],[7.62206,46.93701],[7.62386,46.94028],[7.626,46.9374],[7.62848,46.93805],[7.6245,46.93455],[7.63882,46.93793],[7.64116,46.93025],[7.63896,46.92662],[7.63492,46.92656],[7.6365,46.92281],[7.63362,46.91982],[7.63607,46.91677],[7.62854,46.91867],[7.62236,46.91626],[7.6224,46.91811],[7.61764,46.9199],[7.61761,46.91994]]]}},{"type":"Feature","properties":{"name":"Bleienbach","cantonId":"bern","municipalityId":"bleienbach-324"},"geometry":{"type":"Polygon","coordinates":[[[7.77273,47.18503],[7.76668,47.18156],[7.76805,47.17904],[7.76456,47.17276],[7.75965,47.1709],[7.75839,47.16459],[7.75058,47.16402],[7.74913,47.16526],[7.75126,47.16722],[7.74586,47.17171],[7.73967,47.17155],[7.73733,47.17478],[7.74181,47.17654],[7.73864,47.18268],[7.76921,47.19978],[7.77392,47.2009],[7.77923,47.19772],[7.78068,47.19994],[7.7834,47.19845],[7.77475,47.19452],[7.76736,47.19445],[7.76219,47.19005],[7.77272,47.18505],[7.77273,47.18503]]]}},{"type":"Feature","properties":{"name":"Blumenstein","cantonId":"bern","municipalityId":"blumenstein-922"},"geometry":{"type":"Polygon","coordinates":[[[7.46137,46.70632],[7.46353,46.71348],[7.45439,46.71686],[7.46107,46.72416],[7.48861,46.74037],[7.50847,46.74529],[7.52075,46.75442],[7.52538,46.75125],[7.52931,46.75211],[7.53452,46.74771],[7.53805,46.74922],[7.53936,46.7427],[7.53132,46.74043],[7.53025,46.73946],[7.53275,46.73776],[7.53021,46.73517],[7.5175,46.72959],[7.51141,46.72298],[7.50299,46.72117],[7.4983,46.71552],[7.48938,46.71312],[7.49417,46.71111],[7.49163,46.7087],[7.49433,46.70522],[7.49304,46.70441],[7.46332,46.70622],[7.46137,46.70632]]]}},{"type":"Feature","properties":{"name":"Bönigen","cantonId":"bern","municipalityId":"boenigen-572"},"geometry":{"type":"Polygon","coordinates":[[[7.90729,46.65629],[7.90132,46.66262],[7.90529,46.67164],[7.90123,46.67432],[7.88725,46.67345],[7.87903,46.66983],[7.88419,46.67382],[7.88867,46.68165],[7.88819,46.69185],[7.89822,46.69163],[7.89851,46.68833],[7.91841,46.68799],[7.94019,46.69826],[7.94899,46.69854],[7.95665,46.69553],[7.96483,46.68465],[7.95002,46.67663],[7.94237,46.66911],[7.92984,46.66724],[7.90741,46.65637],[7.90729,46.65629]]]}},{"type":"Feature","properties":{"name":"Bolligen","cantonId":"bern","municipalityId":"bolligen-352"},"geometry":{"type":"Polygon","coordinates":[[[7.53596,47.00309],[7.53667,47.00054],[7.53051,46.99893],[7.53804,46.99792],[7.53187,46.98985],[7.53259,46.98168],[7.52931,46.97715],[7.53771,46.97764],[7.54187,46.98142],[7.54977,46.98207],[7.54901,46.97434],[7.5459,46.97081],[7.54609,46.96233],[7.53745,46.96429],[7.53109,46.9607],[7.52747,46.96223],[7.52744,46.96478],[7.52263,46.96192],[7.51986,46.96739],[7.5152,46.96782],[7.51515,46.96397],[7.51033,46.96984],[7.5081,46.96598],[7.50461,46.96851],[7.49537,46.96558],[7.49451,46.96857],[7.48908,46.97],[7.49129,46.97977],[7.48847,46.98251],[7.48527,46.98117],[7.48512,46.98348],[7.4802,46.98625],[7.4818,46.98893],[7.47563,46.99253],[7.47644,46.99806],[7.48815,46.99976],[7.49162,47.00282],[7.49793,47.00134],[7.50211,46.99638],[7.51697,47.00332],[7.53553,47.00288],[7.53596,47.00309]]]}},{"type":"Feature","properties":{"name":"Boltigen","cantonId":"bern","municipalityId":"boltigen-791"},"geometry":{"type":"Polygon","coordinates":[[[7.43304,46.59722],[7.42568,46.58446],[7.42311,46.58386],[7.41351,46.58598],[7.4151,46.58785],[7.41032,46.59566],[7.41217,46.59893],[7.39509,46.59606],[7.38869,46.59106],[7.38467,46.59274],[7.38143,46.58669],[7.37203,46.58344],[7.37443,46.58063],[7.35927,46.5729],[7.35488,46.56686],[7.34863,46.56751],[7.33763,46.55465],[7.33379,46.55497],[7.33616,46.55306],[7.33554,46.55055],[7.32644,46.55043],[7.32067,46.53917],[7.31478,46.5409],[7.30391,46.55598],[7.29548,46.55225],[7.29376,46.5504],[7.29458,46.54636],[7.28846,46.54089],[7.28009,46.55221],[7.28073,46.55655],[7.29434,46.57519],[7.29933,46.57912],[7.30804,46.58132],[7.3125,46.58918],[7.32073,46.59186],[7.31483,46.60042],[7.31786,46.61857],[7.31211,46.6217],[7.31326,46.63662],[7.32491,46.63772],[7.32969,46.64183],[7.32114,46.65462],[7.34557,46.65534],[7.35072,46.65163],[7.35077,46.64796],[7.35582,46.64536],[7.35704,46.6393],[7.36208,46.6479],[7.37689,46.65584],[7.37645,46.65308],[7.38142,46.65144],[7.37175,46.6437],[7.40214,46.65272],[7.40587,46.6456],[7.41178,46.64417],[7.41827,46.64602],[7.41561,46.63929],[7.41835,46.63873],[7.42173,46.63287],[7.4247,46.63303],[7.4223,46.62945],[7.42369,46.62656],[7.4221,46.6191],[7.43096,46.61653],[7.43095,46.60755],[7.4347,46.60246],[7.43311,46.59947],[7.43502,46.59808],[7.43304,46.59722]]]}},{"type":"Feature","properties":{"name":"Bowil","cantonId":"bern","municipalityId":"bowil-605"},"geometry":{"type":"Polygon","coordinates":[[[7.68883,46.8616],[7.68135,46.86785],[7.68755,46.8779],[7.68777,46.88227],[7.68484,46.88322],[7.68877,46.88949],[7.68549,46.89074],[7.68632,46.89423],[7.67712,46.89201],[7.67215,46.89653],[7.67461,46.90118],[7.67243,46.90188],[7.67463,46.90563],[7.67339,46.90995],[7.67515,46.91032],[7.67743,46.90593],[7.68755,46.91152],[7.68944,46.91029],[7.68586,46.90715],[7.68698,46.90583],[7.69449,46.90578],[7.7124,46.91121],[7.71403,46.9106],[7.7119,46.9072],[7.71755,46.90565],[7.72124,46.90757],[7.72685,46.90286],[7.73235,46.89185],[7.73121,46.88979],[7.70847,46.87897],[7.71546,46.86689],[7.71815,46.86586],[7.68884,46.86159],[7.68883,46.8616]]]}},{"type":"Feature","properties":{"name":"Bremgarten bei Bern","cantonId":"bern","municipalityId":"bremgarten-bei-bern-353"},"geometry":{"type":"Polygon","coordinates":[[[7.42818,46.9738],[7.42311,46.97442],[7.42497,46.97992],[7.44155,46.98815],[7.44073,46.98415],[7.44303,46.98133],[7.44157,46.97904],[7.44771,46.97901],[7.44839,46.97564],[7.44125,46.97679],[7.43935,46.97003],[7.4365,46.96818],[7.42966,46.97375],[7.42818,46.9738]]]}},{"type":"Feature","properties":{"name":"Brenzikofen","cantonId":"bern","municipalityId":"brenzikofen-606"},"geometry":{"type":"Polygon","coordinates":[[[7.60711,46.80769],[7.60411,46.81894],[7.60567,46.81977],[7.62096,46.82218],[7.63088,46.82015],[7.62275,46.81083],[7.62262,46.80668],[7.61245,46.80934],[7.60766,46.80793],[7.60711,46.80769]]]}},{"type":"Feature","properties":{"name":"Brienz (BE)","cantonId":"bern","municipalityId":"brienz-be-573"},"geometry":{"type":"Polygon","coordinates":[[[8.07431,46.69287],[8.0728,46.6884],[8.07527,46.68573],[8.03642,46.67109],[8.02591,46.6732],[8.02473,46.67807],[8.01255,46.67756],[8.01153,46.68017],[8.01392,46.68516],[8.02597,46.6905],[8.0271,46.69238],[8.02448,46.69677],[8.02755,46.69681],[8.02219,46.70197],[8.02238,46.70631],[8.00866,46.71888],[8.0135,46.72213],[8.01073,46.72414],[8.01372,46.72604],[8.01288,46.73178],[8.02327,46.73714],[8.03612,46.74013],[8.04854,46.739],[8.04734,46.74265],[8.04983,46.74486],[8.04681,46.74823],[8.04926,46.74982],[8.042,46.75464],[8.03056,46.75366],[8.0161,46.75795],[8.00778,46.75513],[7.99706,46.75481],[7.99381,46.76395],[7.98958,46.7658],[7.98429,46.76296],[7.98173,46.76575],[7.97407,46.7634],[7.97034,46.76605],[7.99409,46.77888],[7.99575,46.78176],[8.02071,46.78906],[8.03139,46.79024],[8.04694,46.78711],[8.04417,46.78156],[8.03989,46.78019],[8.04013,46.77037],[8.04491,46.76093],[8.049,46.75918],[8.04895,46.75496],[8.06617,46.75028],[8.06653,46.74545],[8.072,46.74453],[8.0736,46.74143],[8.08654,46.74633],[8.0924,46.74568],[8.08971,46.73862],[8.09193,46.73765],[8.08808,46.73157],[8.09008,46.72772],[8.08781,46.71854],[8.07904,46.71614],[8.07861,46.7136],[8.07276,46.71008],[8.05762,46.71011],[8.05373,46.70715],[8.05626,46.70443],[8.05345,46.69597],[8.05598,46.69262],[8.07397,46.6928],[8.07431,46.69287]]]}},{"type":"Feature","properties":{"name":"Brienzwiler","cantonId":"bern","municipalityId":"brienzwiler-574"},"geometry":{"type":"MultiPolygon","coordinates":[[[[8.07431,46.69287],[8.05598,46.69262],[8.05345,46.69597],[8.05626,46.70443],[8.05373,46.70715],[8.05762,46.71011],[8.07502,46.71084],[8.07904,46.71614],[8.08781,46.71854],[8.08763,46.72326],[8.08944,46.72457],[8.10448,46.72316],[8.10477,46.7266],[8.11449,46.7279],[8.11814,46.72629],[8.11837,46.72257],[8.11353,46.71907],[8.11405,46.71315],[8.10365,46.70304],[8.08145,46.6969],[8.07583,46.69317],[8.07431,46.69287]]],[[[8.10235,46.77379],[8.11125,46.77381],[8.12183,46.77037],[8.12389,46.74975],[8.12625,46.74546],[8.1247,46.74488],[8.10315,46.74808],[8.0879,46.74512],[8.08609,46.75817],[8.09443,46.77157],[8.1019,46.77372],[8.10235,46.77379]]]]}},{"type":"Feature","properties":{"name":"Brügg","cantonId":"bern","municipalityId":"bruegg-733"},"geometry":{"type":"Polygon","coordinates":[[[7.27194,47.1171],[7.26512,47.11619],[7.25457,47.11934],[7.25585,47.12376],[7.26249,47.12461],[7.27077,47.13182],[7.26645,47.13658],[7.27018,47.13804],[7.28879,47.13984],[7.29263,47.13833],[7.29072,47.1372],[7.29674,47.13249],[7.30339,47.13124],[7.29512,47.12583],[7.27243,47.11724],[7.27194,47.1171]]]}},{"type":"Feature","properties":{"name":"Brüttelen","cantonId":"bern","municipalityId":"bruettelen-491"},"geometry":{"type":"Polygon","coordinates":[[[7.15809,47.01814],[7.14745,47.00728],[7.13862,47.0058],[7.13633,47.00739],[7.13533,47.01003],[7.13788,47.01094],[7.13553,47.01387],[7.12998,47.01434],[7.12346,47.02038],[7.14171,47.02438],[7.13804,47.02885],[7.15257,47.03269],[7.16466,47.04224],[7.17081,47.04111],[7.17496,47.03754],[7.17105,47.03526],[7.17424,47.03282],[7.1715,47.03115],[7.17455,47.02854],[7.16899,47.0272],[7.15802,47.01819],[7.15809,47.01814]]]}},{"type":"Feature","properties":{"name":"Buchholterberg","cantonId":"bern","municipalityId":"buchholterberg-923"},"geometry":{"type":"Polygon","coordinates":[[[7.72668,46.80928],[7.71709,46.81121],[7.71061,46.80923],[7.71001,46.81186],[7.70313,46.81252],[7.69325,46.80691],[7.69443,46.80462],[7.67863,46.80221],[7.67455,46.80582],[7.66906,46.8056],[7.66487,46.80883],[7.65784,46.80665],[7.64244,46.80777],[7.6488,46.81301],[7.64952,46.8172],[7.65393,46.81841],[7.65401,46.82473],[7.66587,46.82469],[7.67243,46.82892],[7.6746,46.8274],[7.67816,46.83299],[7.68056,46.83166],[7.70986,46.83661],[7.71661,46.83654],[7.72175,46.83171],[7.73447,46.83267],[7.73629,46.8299],[7.73333,46.82737],[7.71712,46.8226],[7.718,46.81949],[7.72883,46.81254],[7.72947,46.81082],[7.72676,46.8093],[7.72668,46.80928]]]}},{"type":"Feature","properties":{"name":"Büetigen","cantonId":"bern","municipalityId":"bueetigen-382"},"geometry":{"type":"Polygon","coordinates":[[[7.34797,47.09389],[7.33839,47.09337],[7.33255,47.0969],[7.33357,47.10377],[7.33006,47.10896],[7.32405,47.10739],[7.31552,47.1102],[7.33323,47.11729],[7.3383,47.11277],[7.34235,47.11566],[7.34568,47.11304],[7.3479,47.11432],[7.352,47.10701],[7.34872,47.1065],[7.34948,47.1027],[7.34789,47.10213],[7.35065,47.0999],[7.34733,47.09428],[7.34797,47.09389]]]}},{"type":"Feature","properties":{"name":"Bühl","cantonId":"bern","municipalityId":"buehl-734"},"geometry":{"type":"Polygon","coordinates":[[[7.2335,47.06766],[7.23884,47.07339],[7.24842,47.07786],[7.2573,47.07363],[7.25599,47.07168],[7.25918,47.07042],[7.25418,47.06247],[7.25013,47.05608],[7.24746,47.05764],[7.24535,47.05466],[7.23771,47.05876],[7.23753,47.06507],[7.2342,47.06517],[7.23353,47.06763],[7.2335,47.06766]]]}},{"type":"Feature","properties":{"name":"Büren an der Aare","cantonId":"bern","municipalityId":"bueren-an-der-aare-383"},"geometry":{"type":"Polygon","coordinates":[[[7.37733,47.16158],[7.38695,47.15952],[7.3926,47.161],[7.38567,47.14835],[7.39345,47.14202],[7.40472,47.14051],[7.40351,47.13789],[7.399,47.13696],[7.39741,47.13334],[7.38946,47.13031],[7.38994,47.12758],[7.38369,47.12333],[7.37894,47.1241],[7.37402,47.12182],[7.36754,47.12331],[7.36537,47.1264],[7.356,47.12225],[7.35124,47.12936],[7.35777,47.13302],[7.3564,47.13503],[7.36003,47.1369],[7.35493,47.1451],[7.34957,47.14489],[7.35005,47.14201],[7.34655,47.14211],[7.34543,47.13953],[7.3345,47.14253],[7.33932,47.15115],[7.35689,47.15254],[7.35152,47.15833],[7.36122,47.15933],[7.37173,47.15561],[7.37851,47.15915],[7.37733,47.16158]]]}},{"type":"Feature","properties":{"name":"Burgdorf","cantonId":"bern","municipalityId":"burgdorf-404"},"geometry":{"type":"Polygon","coordinates":[[[7.58249,47.04747],[7.58949,47.04235],[7.59302,47.04282],[7.60388,47.05111],[7.60173,47.05469],[7.59804,47.05496],[7.59892,47.05609],[7.59046,47.05645],[7.59978,47.06949],[7.60514,47.07264],[7.62331,47.06516],[7.62477,47.06705],[7.62792,47.06601],[7.63405,47.072],[7.63022,47.07649],[7.6332,47.07608],[7.63698,47.07958],[7.63531,47.08568],[7.64688,47.08154],[7.64356,47.07864],[7.64254,47.07618],[7.64468,47.07442],[7.642,47.07138],[7.64373,47.06999],[7.64577,47.07281],[7.65064,47.0682],[7.65475,47.06893],[7.64811,47.06372],[7.64114,47.05395],[7.64455,47.05192],[7.64085,47.04215],[7.64517,47.04054],[7.63858,47.03455],[7.6442,47.03004],[7.63781,47.02732],[7.62733,47.03961],[7.61629,47.04436],[7.61255,47.0414],[7.60236,47.04131],[7.60205,47.03477],[7.59686,47.03528],[7.58521,47.03204],[7.58318,47.02946],[7.57905,47.0297],[7.57696,47.03136],[7.57988,47.03454],[7.5771,47.03583],[7.58018,47.03882],[7.57819,47.0452],[7.58231,47.04732],[7.58249,47.04747]]]}},{"type":"Feature","properties":{"name":"Burgistein","cantonId":"bern","municipalityId":"burgistein-863"},"geometry":{"type":"Polygon","coordinates":[[[7.51756,46.78391],[7.51531,46.78424],[7.51395,46.77978],[7.50765,46.7792],[7.50679,46.77739],[7.49472,46.7784],[7.49088,46.78158],[7.49176,46.78332],[7.48215,46.78896],[7.48139,46.79192],[7.47648,46.79522],[7.48528,46.80111],[7.50519,46.80434],[7.51214,46.80169],[7.5271,46.80309],[7.52682,46.79691],[7.52212,46.79171],[7.52131,46.78668],[7.51946,46.78754],[7.51777,46.78429],[7.51756,46.78391]]]}},{"type":"Feature","properties":{"name":"Busswil bei Melchnau","cantonId":"bern","municipalityId":"busswil-bei-melchnau-325"},"geometry":{"type":"Polygon","coordinates":[[[7.82861,47.17992],[7.82019,47.17852],[7.81132,47.18308],[7.81905,47.18745],[7.82418,47.19419],[7.83529,47.19654],[7.84569,47.19293],[7.84094,47.18984],[7.84784,47.18902],[7.83899,47.18678],[7.83877,47.18411],[7.82898,47.18005],[7.82861,47.17992]]]}},{"type":"Feature","properties":{"name":"Champoz","cantonId":"bern","municipalityId":"champoz-683"},"geometry":{"type":"Polygon","coordinates":[[[7.33775,47.25727],[7.3291,47.25814],[7.291,47.2485],[7.28366,47.25628],[7.28113,47.26479],[7.28344,47.26699],[7.28162,47.2692],[7.33798,47.26895],[7.3374,47.2625],[7.34147,47.26286],[7.33792,47.25749],[7.33775,47.25727]]]}},{"type":"Feature","properties":{"name":"Corcelles (BE)","cantonId":"bern","municipalityId":"corcelles-be-687"},"geometry":{"type":"Polygon","coordinates":[[[7.49469,47.28823],[7.49531,47.28686],[7.48536,47.28428],[7.47818,47.27851],[7.47323,47.27752],[7.45194,47.28299],[7.44959,47.28899],[7.45404,47.28971],[7.45501,47.29484],[7.46016,47.30046],[7.46746,47.29992],[7.47605,47.30707],[7.48621,47.30218],[7.49084,47.30214],[7.48869,47.29978],[7.49296,47.29424],[7.48927,47.29032],[7.49447,47.28826],[7.49469,47.28823]]]}},{"type":"Feature","properties":{"name":"Corgémont","cantonId":"bern","municipalityId":"corgemont-431"},"geometry":{"type":"Polygon","coordinates":[[[7.16617,47.16618],[7.13944,47.15648],[7.13353,47.16413],[7.13578,47.16618],[7.12954,47.17174],[7.13043,47.17655],[7.12732,47.17757],[7.12868,47.18289],[7.12165,47.18444],[7.11899,47.19913],[7.11576,47.20179],[7.10938,47.20105],[7.09748,47.20621],[7.09897,47.21085],[7.10961,47.20942],[7.1322,47.21727],[7.15372,47.2155],[7.15734,47.21076],[7.15653,47.19058],[7.16583,47.16689],[7.16617,47.16618]]]}},{"type":"Feature","properties":{"name":"Cormoret","cantonId":"bern","municipalityId":"cormoret-432"},"geometry":{"type":"Polygon","coordinates":[[[7.02567,47.19784],[7.04581,47.18263],[7.05845,47.18031],[7.06043,47.16562],[7.07589,47.13726],[7.05372,47.13193],[7.04136,47.15708],[7.02385,47.17937],[7.01643,47.18482],[7.01615,47.19477],[7.02346,47.19571],[7.02567,47.19784]]]}},{"type":"Feature","properties":{"name":"Cortébert","cantonId":"bern","municipalityId":"cortebert-433"},"geometry":{"type":"Polygon","coordinates":[[[7.13944,47.15648],[7.10235,47.14474],[7.09534,47.15093],[7.09394,47.15286],[7.1021,47.15494],[7.09732,47.16042],[7.10109,47.1631],[7.09889,47.16416],[7.10633,47.16927],[7.09644,47.177],[7.09549,47.183],[7.08581,47.20243],[7.09307,47.20836],[7.10255,47.20305],[7.11105,47.20082],[7.11576,47.20179],[7.11899,47.19913],[7.12165,47.18444],[7.12868,47.18289],[7.12732,47.17757],[7.13043,47.17655],[7.12954,47.17174],[7.13578,47.16618],[7.13353,47.16413],[7.1394,47.15653],[7.13944,47.15648]]]}},{"type":"Feature","properties":{"name":"Court","cantonId":"bern","municipalityId":"court-690"},"geometry":{"type":"Polygon","coordinates":[[[7.33775,47.25727],[7.34537,47.24776],[7.36874,47.25853],[7.37634,47.2561],[7.39031,47.25522],[7.39388,47.25686],[7.40419,47.25155],[7.4148,47.25365],[7.42089,47.24289],[7.40796,47.23913],[7.3968,47.23304],[7.37451,47.22685],[7.36225,47.21961],[7.35561,47.22097],[7.32747,47.21563],[7.3252,47.22016],[7.31859,47.22456],[7.32285,47.22585],[7.32077,47.22948],[7.32087,47.23747],[7.31739,47.23874],[7.31836,47.24186],[7.3099,47.2433],[7.30979,47.24955],[7.30775,47.25165],[7.3291,47.25814],[7.33496,47.25763],[7.33775,47.25727]]]}},{"type":"Feature","properties":{"name":"Courtelary","cantonId":"bern","municipalityId":"courtelary-434"},"geometry":{"type":"Polygon","coordinates":[[[7.02567,47.19784],[7.03495,47.20983],[7.04133,47.19935],[7.04956,47.2017],[7.05252,47.20046],[7.05649,47.2029],[7.06339,47.20301],[7.06345,47.20119],[7.08714,47.20459],[7.08581,47.20243],[7.09549,47.183],[7.09644,47.177],[7.10633,47.16927],[7.09889,47.16416],[7.10109,47.1631],[7.09732,47.16042],[7.1021,47.15494],[7.09394,47.15286],[7.10235,47.14474],[7.07585,47.13747],[7.06043,47.16562],[7.05845,47.18031],[7.04581,47.18263],[7.02626,47.19737],[7.02567,47.19784]]]}},{"type":"Feature","properties":{"name":"Crémines","cantonId":"bern","municipalityId":"cremines-691"},"geometry":{"type":"Polygon","coordinates":[[[7.44239,47.30865],[7.47452,47.30702],[7.47381,47.30367],[7.46746,47.29992],[7.46016,47.30046],[7.45501,47.29484],[7.45404,47.28971],[7.44959,47.28899],[7.45194,47.28299],[7.45924,47.27971],[7.47818,47.27851],[7.46586,47.26466],[7.44573,47.26309],[7.44122,47.27667],[7.43227,47.27876],[7.43354,47.2815],[7.43138,47.29273],[7.4385,47.29528],[7.43786,47.29959],[7.44321,47.30309],[7.44094,47.30616],[7.44057,47.30855],[7.44231,47.30863],[7.44239,47.30865]]]}},{"type":"Feature","properties":{"name":"Därligen","cantonId":"bern","municipalityId":"daerligen-575"},"geometry":{"type":"Polygon","coordinates":[[[7.8275,46.6649],[7.83921,46.66778],[7.84404,46.66533],[7.83541,46.65979],[7.8317,46.65356],[7.80998,46.63837],[7.80921,46.63576],[7.79897,46.63989],[7.79321,46.64535],[7.79152,46.64937],[7.79507,46.65627],[7.79256,46.6603],[7.80622,46.66466],[7.81655,46.65973],[7.82752,46.66487],[7.8275,46.6649]]]}},{"type":"Feature","properties":{"name":"Därstetten","cantonId":"bern","municipalityId":"daerstetten-761"},"geometry":{"type":"Polygon","coordinates":[[[7.44658,46.69912],[7.45074,46.70463],[7.45612,46.70406],[7.46137,46.70632],[7.47451,46.70645],[7.48799,46.70352],[7.50711,46.707],[7.51267,46.70387],[7.53018,46.70226],[7.53729,46.69396],[7.50758,46.68888],[7.51021,46.68469],[7.50948,46.68206],[7.51528,46.67955],[7.51166,46.67778],[7.51121,46.67174],[7.51145,46.6687],[7.51683,46.66553],[7.51854,46.6604],[7.51521,46.65897],[7.51627,46.65511],[7.51854,46.65519],[7.51609,46.64625],[7.50473,46.64566],[7.49447,46.63519],[7.48915,46.63418],[7.49184,46.62855],[7.48669,46.63131],[7.4728,46.62877],[7.46991,46.62457],[7.4726,46.61828],[7.46784,46.61419],[7.46641,46.62022],[7.46195,46.62402],[7.46627,46.62731],[7.4632,46.63119],[7.46561,46.63436],[7.46189,46.63697],[7.45835,46.63658],[7.45794,46.63891],[7.46508,46.63945],[7.46145,46.64403],[7.47609,46.652],[7.47758,46.65817],[7.47288,46.65776],[7.47196,46.66139],[7.46395,46.6658],[7.46372,46.67215],[7.4663,46.67476],[7.46377,46.67773],[7.46231,46.68641],[7.4558,46.6955],[7.44728,46.69815],[7.44658,46.69912]]]}},{"type":"Feature","properties":{"name":"Deisswil bei Münchenbuchsee","cantonId":"bern","municipalityId":"deisswil-bei-muenchenbuchsee-535"},"geometry":{"type":"Polygon","coordinates":[[[7.44798,47.04608],[7.4541,47.04713],[7.45352,47.04295],[7.46531,47.04036],[7.46436,47.03801],[7.46708,47.03682],[7.45973,47.02967],[7.44249,47.03255],[7.44313,47.03425],[7.43917,47.03588],[7.44284,47.03608],[7.44177,47.0383],[7.44694,47.04152],[7.44799,47.04601],[7.44798,47.04608]]]}},{"type":"Feature","properties":{"name":"Diemtigen","cantonId":"bern","municipalityId":"diemtigen-762"},"geometry":{"type":"Polygon","coordinates":[[[7.52478,46.51463],[7.50929,46.51751],[7.49903,46.52611],[7.48575,46.52926],[7.4823,46.53305],[7.46771,46.53384],[7.46438,46.53611],[7.4586,46.53414],[7.44662,46.53462],[7.45173,46.54151],[7.442,46.5457],[7.43934,46.54862],[7.44013,46.55208],[7.44654,46.56048],[7.46139,46.56683],[7.46108,46.57376],[7.45169,46.57941],[7.45494,46.58268],[7.43304,46.59722],[7.4458,46.60326],[7.44974,46.60802],[7.45368,46.60779],[7.453,46.60973],[7.46967,46.61438],[7.47258,46.61856],[7.49994,46.62008],[7.5063,46.62318],[7.51264,46.62026],[7.5249,46.62096],[7.53471,46.6292],[7.53811,46.64835],[7.54221,46.65063],[7.56226,46.65303],[7.56261,46.65735],[7.56596,46.65707],[7.56694,46.66087],[7.58694,46.66194],[7.60738,46.6684],[7.6072,46.66402],[7.61321,46.66117],[7.60942,46.65718],[7.61013,46.65116],[7.61521,46.64812],[7.6192,46.63872],[7.62724,46.63285],[7.6191,46.62852],[7.61896,46.6256],[7.61381,46.6221],[7.61361,46.61885],[7.60769,46.6116],[7.60945,46.60823],[7.60434,46.60393],[7.59917,46.59474],[7.59139,46.5904],[7.59046,46.58192],[7.5799,46.57416],[7.57308,46.55783],[7.56445,46.55198],[7.55698,46.55099],[7.55029,46.54679],[7.53861,46.5311],[7.5395,46.52697],[7.52544,46.51476],[7.52478,46.51463]]]}},{"type":"Feature","properties":{"name":"Diessbach bei Büren","cantonId":"bern","municipalityId":"diessbach-bei-bueren-385"},"geometry":{"type":"Polygon","coordinates":[[[7.34797,47.09389],[7.35065,47.0999],[7.34789,47.10213],[7.34948,47.1027],[7.34872,47.1065],[7.352,47.10701],[7.34735,47.11485],[7.35171,47.11642],[7.3571,47.11505],[7.35729,47.11689],[7.364,47.11811],[7.36313,47.12093],[7.36961,47.12394],[7.37198,47.11734],[7.36972,47.11596],[7.37925,47.10621],[7.38204,47.09574],[7.37646,47.09577],[7.37403,47.08948],[7.3667,47.08958],[7.36354,47.09308],[7.35046,47.09065],[7.34836,47.09364],[7.34797,47.09389]]]}},{"type":"Feature","properties":{"name":"Dotzigen","cantonId":"bern","municipalityId":"dotzigen-386"},"geometry":{"type":"Polygon","coordinates":[[[7.34313,47.13096],[7.34833,47.13568],[7.34545,47.13921],[7.34655,47.14211],[7.35005,47.14201],[7.34957,47.14489],[7.35493,47.1451],[7.36003,47.1369],[7.3564,47.13503],[7.35777,47.13302],[7.35124,47.12936],[7.35161,47.12737],[7.356,47.12225],[7.36537,47.1264],[7.36754,47.12331],[7.36313,47.12093],[7.364,47.11811],[7.35584,47.11485],[7.34983,47.11628],[7.34568,47.11304],[7.34235,47.11566],[7.3383,47.11277],[7.33039,47.1196],[7.33406,47.12454],[7.34368,47.12641],[7.34548,47.12859],[7.3404,47.12941],[7.3427,47.1307],[7.34313,47.13096]]]}},{"type":"Feature","properties":{"name":"Dürrenroth","cantonId":"bern","municipalityId":"duerrenroth-952"},"geometry":{"type":"Polygon","coordinates":[[[7.76988,47.06317],[7.75872,47.06814],[7.76087,47.06944],[7.76369,47.06782],[7.76183,47.07181],[7.75005,47.07394],[7.75319,47.08135],[7.74548,47.08092],[7.74646,47.08651],[7.73648,47.08707],[7.7415,47.09299],[7.74669,47.0904],[7.75043,47.09338],[7.76032,47.09477],[7.76615,47.08716],[7.77287,47.08984],[7.77493,47.09378],[7.7814,47.09435],[7.78,47.09587],[7.78687,47.09808],[7.80172,47.09981],[7.80248,47.09613],[7.80968,47.09645],[7.8109,47.09322],[7.80695,47.08924],[7.80895,47.08443],[7.80096,47.08418],[7.80033,47.08005],[7.80319,47.07479],[7.80152,47.07133],[7.80795,47.0687],[7.79497,47.06103],[7.78829,47.06336],[7.78023,47.06175],[7.77521,47.06431],[7.77034,47.06329],[7.76988,47.06317]]]}},{"type":"Feature","properties":{"name":"Eggiwil","cantonId":"bern","municipalityId":"eggiwil-901"},"geometry":{"type":"Polygon","coordinates":[[[7.74496,46.8828],[7.75982,46.88458],[7.76466,46.88949],[7.7624,46.89176],[7.76557,46.89242],[7.76612,46.90065],[7.75775,46.91223],[7.77299,46.92086],[7.77718,46.9147],[7.78219,46.91485],[7.78551,46.91745],[7.78825,46.91596],[7.79008,46.91873],[7.79301,46.91689],[7.80657,46.90436],[7.8141,46.90155],[7.81448,46.89175],[7.82476,46.88467],[7.84184,46.88355],[7.84552,46.88801],[7.85315,46.89076],[7.855,46.88941],[7.85602,46.88578],[7.8586,46.88529],[7.85616,46.88085],[7.85727,46.87145],[7.86427,46.86955],[7.86469,46.86628],[7.8695,46.86434],[7.86747,46.85107],[7.87012,46.84757],[7.86371,46.84587],[7.85134,46.83632],[7.84085,46.82678],[7.84032,46.82173],[7.82301,46.81621],[7.81589,46.81025],[7.8087,46.81002],[7.80756,46.81276],[7.80471,46.81306],[7.80706,46.81521],[7.80432,46.81949],[7.8059,46.81976],[7.7896,46.82926],[7.78323,46.84033],[7.7799,46.84177],[7.78,46.85026],[7.77326,46.85541],[7.77357,46.86201],[7.77716,46.86452],[7.77714,46.86699],[7.76065,46.86602],[7.76031,46.8711],[7.74583,46.87283],[7.74675,46.8758],[7.74263,46.87993],[7.74499,46.8828],[7.74496,46.8828]]]}},{"type":"Feature","properties":{"name":"Epsach","cantonId":"bern","municipalityId":"epsach-735"},"geometry":{"type":"Polygon","coordinates":[[[7.225,47.08112],[7.2263,47.0775],[7.22777,47.07908],[7.23799,47.07251],[7.23725,47.06974],[7.22848,47.06457],[7.2091,47.06032],[7.20511,47.06583],[7.20364,47.06976],[7.20686,47.07055],[7.20993,47.07551],[7.22201,47.07982],[7.225,47.08112]]]}},{"type":"Feature","properties":{"name":"Eriswil","cantonId":"bern","municipalityId":"eriswil-953"},"geometry":{"type":"Polygon","coordinates":[[[7.83721,47.05566],[7.84119,47.06617],[7.8411,47.07124],[7.83815,47.07368],[7.83993,47.07692],[7.83689,47.08288],[7.84024,47.08414],[7.84458,47.0909],[7.87696,47.08776],[7.88049,47.08997],[7.88085,47.0854],[7.87828,47.08198],[7.88015,47.08126],[7.87671,47.07965],[7.87897,47.0788],[7.87613,47.07345],[7.87729,47.07158],[7.87115,47.0628],[7.87391,47.0617],[7.86613,47.054],[7.86813,47.05184],[7.86645,47.04979],[7.86954,47.04664],[7.86451,47.04965],[7.8582,47.04919],[7.85335,47.05366],[7.8376,47.0555],[7.83721,47.05566]]]}},{"type":"Feature","properties":{"name":"Eriz","cantonId":"bern","municipalityId":"eriz-924"},"geometry":{"type":"Polygon","coordinates":[[[7.77708,46.80113],[7.80845,46.80497],[7.81935,46.80366],[7.83771,46.80772],[7.84043,46.80183],[7.84617,46.80072],[7.85005,46.79782],[7.84839,46.79633],[7.8669,46.78562],[7.8678,46.78142],[7.85536,46.77559],[7.855,46.76102],[7.83065,46.75692],[7.82138,46.7595],[7.83451,46.77033],[7.84317,46.77266],[7.83836,46.77788],[7.82385,46.78573],[7.80407,46.78785],[7.77728,46.78396],[7.76481,46.78684],[7.73483,46.77996],[7.72762,46.782],[7.73498,46.78508],[7.73589,46.78984],[7.73835,46.79041],[7.73632,46.79157],[7.73868,46.79334],[7.76352,46.79541],[7.76873,46.80126],[7.77395,46.79954],[7.77712,46.80099],[7.77708,46.80113]]]}},{"type":"Feature","properties":{"name":"Erlach","cantonId":"bern","municipalityId":"erlach-492"},"geometry":{"type":"MultiPolygon","coordinates":[[[[7.08804,47.01674],[7.08516,47.01869],[7.09443,47.02658],[7.09089,47.02906],[7.09305,47.03068],[7.08973,47.0336],[7.08373,47.03464],[7.09091,47.04043],[7.08632,47.04231],[7.08622,47.04402],[7.08956,47.04415],[7.0889,47.04635],[7.09746,47.04699],[7.09739,47.04936],[7.10118,47.04728],[7.11899,47.05762],[7.12237,47.05467],[7.10147,47.04643],[7.1007,47.04412],[7.10245,47.04459],[7.10609,47.03924],[7.09716,47.03004],[7.09919,47.02602],[7.08823,47.01685],[7.08804,47.01674]]],[[[7.05904,47.02662],[7.06611,47.03084],[7.07553,47.03088],[7.07575,47.02823],[7.06147,47.02265],[7.05916,47.02422],[7.0605,47.02605],[7.05904,47.02662]]]]}},{"type":"Feature","properties":{"name":"Erlenbach im Simmental","cantonId":"bern","municipalityId":"erlenbach-im-simmental-763"},"geometry":{"type":"Polygon","coordinates":[[[7.60738,46.6684],[7.58694,46.66194],[7.56694,46.66087],[7.56596,46.65707],[7.56261,46.65735],[7.56226,46.65303],[7.53842,46.64853],[7.53882,46.64473],[7.53515,46.6396],[7.53471,46.6292],[7.5249,46.62096],[7.51264,46.62026],[7.5063,46.62318],[7.49994,46.62008],[7.49285,46.62101],[7.4873,46.61838],[7.48217,46.61978],[7.47508,46.61779],[7.47008,46.6214],[7.4728,46.62877],[7.48669,46.63131],[7.49184,46.62855],[7.48915,46.63418],[7.49447,46.63519],[7.50473,46.64566],[7.51609,46.64625],[7.51854,46.65519],[7.51627,46.65511],[7.51521,46.65897],[7.51854,46.6604],[7.51683,46.66553],[7.51145,46.6687],[7.51121,46.67174],[7.51166,46.67778],[7.51528,46.67955],[7.50948,46.68206],[7.51021,46.68469],[7.50724,46.68776],[7.52298,46.69229],[7.54614,46.69441],[7.55663,46.6907],[7.57296,46.68958],[7.57246,46.68523],[7.57741,46.68374],[7.58818,46.68417],[7.5911,46.6804],[7.59923,46.67818],[7.61602,46.678],[7.61413,46.67129],[7.61074,46.66913],[7.60738,46.6684]]]}},{"type":"Feature","properties":{"name":"Ersigen","cantonId":"bern","municipalityId":"ersigen-405"},"geometry":{"type":"Polygon","coordinates":[[[7.63832,47.09856],[7.63528,47.09833],[7.63225,47.09323],[7.63459,47.0888],[7.62653,47.0859],[7.61875,47.08539],[7.61196,47.08794],[7.61267,47.08618],[7.59459,47.08505],[7.57543,47.10179],[7.57681,47.10938],[7.58079,47.11072],[7.58173,47.11678],[7.58358,47.11615],[7.5832,47.11198],[7.58533,47.11348],[7.58995,47.11168],[7.59397,47.11498],[7.5893,47.11804],[7.58921,47.12319],[7.59807,47.12208],[7.60842,47.12508],[7.61303,47.12309],[7.61688,47.12467],[7.62126,47.12068],[7.62974,47.11879],[7.63345,47.12042],[7.63759,47.11705],[7.63956,47.11423],[7.63805,47.11102],[7.63134,47.11077],[7.62983,47.10511],[7.63876,47.10218],[7.63822,47.09895],[7.63832,47.09856]]]}},{"type":"Feature","properties":{"name":"Eschert","cantonId":"bern","municipalityId":"eschert-692"},"geometry":{"type":"Polygon","coordinates":[[[7.39247,47.25707],[7.39346,47.26775],[7.38938,47.27481],[7.3925,47.27795],[7.3925,47.28249],[7.39746,47.27853],[7.41156,47.28022],[7.41912,47.26941],[7.42612,47.26423],[7.42509,47.25874],[7.43427,47.26123],[7.4349,47.25975],[7.41634,47.25217],[7.4148,47.25365],[7.40419,47.25155],[7.39325,47.25696],[7.39247,47.25707]]]}},{"type":"Feature","properties":{"name":"Evilard","cantonId":"bern","municipalityId":"evilard-372"},"geometry":{"type":"Polygon","coordinates":[[[7.20054,47.13368],[7.19086,47.1372],[7.19932,47.14234],[7.21155,47.14393],[7.22507,47.15367],[7.24481,47.15722],[7.24946,47.15617],[7.24031,47.14721],[7.21203,47.13895],[7.20112,47.13294],[7.20054,47.13368]]]}},{"type":"Feature","properties":{"name":"Fahrni","cantonId":"bern","municipalityId":"fahrni-925"},"geometry":{"type":"Polygon","coordinates":[[[7.64244,46.80777],[7.65784,46.80665],[7.66487,46.80883],[7.67789,46.80317],[7.6755,46.79905],[7.67996,46.79631],[7.67733,46.79311],[7.68025,46.78836],[7.65202,46.78308],[7.65567,46.78654],[7.67187,46.79144],[7.67054,46.79373],[7.66716,46.79192],[7.66456,46.79404],[7.653,46.79081],[7.6466,46.79392],[7.64351,46.79214],[7.62962,46.79853],[7.62762,46.80255],[7.6252,46.80138],[7.62058,46.80663],[7.64237,46.80777],[7.64244,46.80777]]]}},{"type":"Feature","properties":{"name":"Farnern","cantonId":"bern","municipalityId":"farnern-975"},"geometry":{"type":"Polygon","coordinates":[[[7.62578,47.26334],[7.60558,47.26123],[7.60346,47.26391],[7.60709,47.26822],[7.60312,47.27011],[7.60466,47.27182],[7.60136,47.27502],[7.58438,47.27221],[7.58012,47.27635],[7.60712,47.2802],[7.60831,47.27543],[7.62212,47.27656],[7.62469,47.27],[7.6346,47.26413],[7.62613,47.26315],[7.62578,47.26334]]]}},{"type":"Feature","properties":{"name":"Ferenbalm","cantonId":"bern","municipalityId":"ferenbalm-662"},"geometry":{"type":"MultiPolygon","coordinates":[[[[7.2111,46.92697],[7.21172,46.93124],[7.20197,46.9393],[7.21027,46.94302],[7.21012,46.94781],[7.20772,46.94917],[7.21103,46.95653],[7.20631,46.95994],[7.2246,46.96288],[7.23414,46.96132],[7.23563,46.96378],[7.24039,46.96338],[7.23829,46.9604],[7.2431,46.96033],[7.23433,46.95268],[7.24644,46.94099],[7.24115,46.93116],[7.23436,46.93302],[7.23478,46.93828],[7.23021,46.93995],[7.22821,46.93881],[7.22939,46.9369],[7.21741,46.93307],[7.21831,46.93143],[7.21537,46.93075],[7.21647,46.92761],[7.21291,46.92768],[7.2111,46.92697]]],[[[7.23421,46.92939],[7.2312,46.9213],[7.23381,46.92024],[7.23315,46.91606],[7.22688,46.91411],[7.2271,46.9159],[7.22189,46.91594],[7.22334,46.9193],[7.218,46.92401],[7.23416,46.92939],[7.23421,46.92939]]]]}},{"type":"Feature","properties":{"name":"Finsterhennen","cantonId":"bern","municipalityId":"finsterhennen-493"},"geometry":{"type":"Polygon","coordinates":[[[7.15809,47.01814],[7.16899,47.0272],[7.17455,47.02854],[7.1715,47.03115],[7.18064,47.03671],[7.18041,47.03126],[7.18561,47.02352],[7.19485,47.0185],[7.19336,47.01764],[7.19581,47.01555],[7.18245,47.00705],[7.17743,47.01025],[7.17365,47.01732],[7.16776,47.02053],[7.15829,47.01808],[7.15809,47.01814]]]}},{"type":"Feature","properties":{"name":"Forst-Längenbühl","cantonId":"bern","municipalityId":"forst-laengenbuehl-948"},"geometry":{"type":"Polygon","coordinates":[[[7.55229,46.76256],[7.54844,46.75447],[7.53982,46.75262],[7.53452,46.74771],[7.52931,46.75211],[7.52163,46.7529],[7.51679,46.75927],[7.5167,46.76656],[7.52021,46.77494],[7.5246,46.77173],[7.52484,46.7738],[7.52803,46.77408],[7.53118,46.77223],[7.5294,46.76843],[7.53173,46.76637],[7.52941,46.76295],[7.5325,46.7605],[7.5467,46.76862],[7.55232,46.76666],[7.55019,46.76454],[7.55229,46.7626],[7.55229,46.76256]]]}},{"type":"Feature","properties":{"name":"Fraubrunnen","cantonId":"bern","municipalityId":"fraubrunnen-538"},"geometry":{"type":"Polygon","coordinates":[[[7.49225,47.11706],[7.50457,47.12269],[7.5093,47.11673],[7.51791,47.11421],[7.52437,47.1212],[7.52834,47.12121],[7.5271,47.11658],[7.52973,47.11575],[7.52763,47.11343],[7.53185,47.11406],[7.53068,47.10869],[7.53336,47.10933],[7.53419,47.10622],[7.54453,47.10024],[7.54141,47.09775],[7.54481,47.09105],[7.56345,47.08035],[7.56725,47.07293],[7.5655,47.07057],[7.5592,47.0723],[7.55068,47.08004],[7.54867,47.07842],[7.54876,47.07384],[7.54238,47.07321],[7.53866,47.06772],[7.53818,47.06181],[7.53164,47.05934],[7.52858,47.06155],[7.52619,47.06015],[7.51835,47.06166],[7.48812,47.07194],[7.48928,47.0787],[7.4782,47.07395],[7.46927,47.0747],[7.46593,47.07819],[7.47509,47.08708],[7.46425,47.09905],[7.46134,47.10823],[7.49131,47.11673],[7.49225,47.11706]]]}},{"type":"Feature","properties":{"name":"Frauenkappelen","cantonId":"bern","municipalityId":"frauenkappelen-663"},"geometry":{"type":"Polygon","coordinates":[[[7.37152,46.96073],[7.36851,46.95663],[7.35821,46.95118],[7.3531,46.95193],[7.34939,46.94791],[7.34665,46.94943],[7.34141,46.94608],[7.32846,46.94641],[7.32474,46.94328],[7.30687,46.94037],[7.3048,46.95207],[7.3083,46.95264],[7.3053,46.95962],[7.30748,46.96103],[7.30628,46.96385],[7.31754,46.96701],[7.32651,46.96368],[7.3473,46.96181],[7.35385,46.96522],[7.36812,46.96672],[7.37009,46.96211],[7.37152,46.96073]]]}},{"type":"Feature","properties":{"name":"Freimettigen","cantonId":"bern","municipalityId":"freimettigen-607"},"geometry":{"type":"Polygon","coordinates":[[[7.62969,46.87318],[7.64617,46.86851],[7.64236,46.86379],[7.64583,46.86205],[7.64386,46.85578],[7.63611,46.85537],[7.63139,46.85764],[7.6291,46.85592],[7.62516,46.85848],[7.61483,46.85596],[7.6209,46.86529],[7.62534,46.86699],[7.62313,46.87163],[7.62895,46.87257],[7.62969,46.87318]]]}},{"type":"Feature","properties":{"name":"Frutigen","cantonId":"bern","municipalityId":"frutigen-563"},"geometry":{"type":"Polygon","coordinates":[[[7.69279,46.56688],[7.67197,46.56655],[7.66681,46.56864],[7.66764,46.56686],[7.66441,46.56618],[7.64802,46.56531],[7.63845,46.55025],[7.6404,46.53428],[7.64987,46.52403],[7.64772,46.52086],[7.64893,46.51683],[7.64221,46.51304],[7.6444,46.50909],[7.64298,46.50484],[7.63095,46.49952],[7.61582,46.50279],[7.59801,46.51246],[7.58915,46.51412],[7.58534,46.51798],[7.58866,46.52211],[7.57564,46.52212],[7.55888,46.52604],[7.54871,46.52327],[7.53929,46.52685],[7.53861,46.5311],[7.55029,46.54679],[7.55618,46.55069],[7.57021,46.55485],[7.57392,46.55882],[7.5799,46.57416],[7.59021,46.58151],[7.59102,46.58982],[7.59954,46.59516],[7.60434,46.60393],[7.60945,46.60823],[7.60769,46.6116],[7.61102,46.61609],[7.6178,46.61879],[7.62574,46.61357],[7.63734,46.61201],[7.64727,46.60735],[7.65059,46.60863],[7.64989,46.61031],[7.6534,46.60334],[7.66197,46.59847],[7.66244,46.59623],[7.66676,46.597],[7.66689,46.59469],[7.6786,46.59019],[7.6833,46.58141],[7.68239,46.57808],[7.68774,46.57888],[7.6932,46.57561],[7.69292,46.56689],[7.69279,46.56688]]]}},{"type":"Feature","properties":{"name":"Gals","cantonId":"bern","municipalityId":"gals-494"},"geometry":{"type":"Polygon","coordinates":[[[7.07553,47.03088],[7.06611,47.03084],[7.05482,47.0224],[7.04262,47.01835],[7.03353,47.02043],[7.0333,47.02979],[7.03889,47.03603],[7.05223,47.04299],[7.06544,47.04503],[7.078,47.05181],[7.07696,47.05012],[7.07989,47.04672],[7.0889,47.04635],[7.08956,47.04415],[7.08622,47.04402],[7.08632,47.04231],[7.09091,47.04043],[7.08716,47.03628],[7.08448,47.03644],[7.08522,47.03322],[7.0758,47.03108],[7.07553,47.03088]]]}},{"type":"Feature","properties":{"name":"Gampelen","cantonId":"bern","municipalityId":"gampelen-495"},"geometry":{"type":"Polygon","coordinates":[[[7.04017,46.97985],[7.04125,46.98314],[7.05018,46.98674],[7.03988,46.99991],[7.02512,47.00607],[7.03143,47.01168],[7.03353,47.02043],[7.04262,47.01835],[7.05149,47.02141],[7.06167,47.01821],[7.07208,47.02114],[7.08351,47.01209],[7.08126,47.00778],[7.07627,47.00553],[7.0823,47.0025],[7.07854,47.00064],[7.08114,46.99866],[7.07211,46.99615],[7.07396,46.99519],[7.04053,46.97978],[7.04017,46.97985]]]}},{"type":"Feature","properties":{"name":"Gerzensee","cantonId":"bern","municipalityId":"gerzensee-866"},"geometry":{"type":"Polygon","coordinates":[[[7.56209,46.83295],[7.56021,46.83079],[7.55601,46.8322],[7.54218,46.82904],[7.54156,46.83298],[7.53448,46.83305],[7.52524,46.83837],[7.53169,46.83897],[7.52158,46.84723],[7.52064,46.85282],[7.52497,46.85281],[7.52753,46.85838],[7.53195,46.8577],[7.53474,46.86153],[7.54641,46.86683],[7.55524,46.85336],[7.56164,46.8338],[7.56209,46.83295]]]}},{"type":"Feature","properties":{"name":"Gondiswil","cantonId":"bern","municipalityId":"gondiswil-326"},"geometry":{"type":"Polygon","coordinates":[[[7.84303,47.15402],[7.84957,47.15395],[7.84851,47.1518],[7.85116,47.15143],[7.86408,47.16055],[7.86246,47.16438],[7.87699,47.1658],[7.87539,47.16155],[7.87746,47.15356],[7.89011,47.14072],[7.89001,47.13458],[7.88848,47.13443],[7.88981,47.13203],[7.8865,47.13168],[7.88491,47.12762],[7.87354,47.12405],[7.86886,47.12631],[7.87037,47.12858],[7.86651,47.12823],[7.86517,47.13202],[7.85641,47.12883],[7.84991,47.13039],[7.84955,47.13972],[7.85464,47.14467],[7.84458,47.14888],[7.84383,47.15122],[7.84303,47.15402]]]}},{"type":"Feature","properties":{"name":"Graben","cantonId":"bern","municipalityId":"graben-976"},"geometry":{"type":"Polygon","coordinates":[[[7.71655,47.22667],[7.73256,47.22885],[7.73534,47.22724],[7.73459,47.22127],[7.7281,47.2135],[7.72211,47.21103],[7.72168,47.20898],[7.71223,47.20819],[7.70561,47.2101],[7.70939,47.21451],[7.7073,47.21829],[7.71594,47.22623],[7.71655,47.22667]]]}},{"type":"Feature","properties":{"name":"Grandval","cantonId":"bern","municipalityId":"grandval-694"},"geometry":{"type":"Polygon","coordinates":[[[7.44573,47.26309],[7.42509,47.25874],[7.42612,47.26423],[7.41912,47.26941],[7.41119,47.28148],[7.41372,47.28494],[7.41273,47.29345],[7.42081,47.29642],[7.41886,47.30163],[7.42136,47.30683],[7.44057,47.30855],[7.44321,47.30309],[7.43786,47.29959],[7.4385,47.29528],[7.43138,47.29273],[7.43354,47.2815],[7.43227,47.27876],[7.44122,47.27667],[7.44564,47.26316],[7.44573,47.26309]]]}},{"type":"Feature","properties":{"name":"Grindelwald","cantonId":"bern","municipalityId":"grindelwald-576"},"geometry":{"type":"Polygon","coordinates":[[[8.07431,46.69287],[8.09456,46.68428],[8.11627,46.68372],[8.12584,46.6779],[8.13145,46.66977],[8.12976,46.66671],[8.13273,46.6642],[8.12943,46.66124],[8.13254,46.65673],[8.14205,46.65565],[8.13911,46.64307],[8.12473,46.63504],[8.14021,46.6297],[8.14337,46.62508],[8.13999,46.62025],[8.14124,46.61294],[8.13098,46.60024],[8.11303,46.59451],[8.12821,46.58506],[8.12831,46.5833],[8.11823,46.57933],[8.11802,46.57548],[8.12143,46.56562],[8.13135,46.55429],[8.12476,46.5532],[8.11446,46.54656],[8.09538,46.54889],[8.09367,46.55143],[8.08697,46.55129],[8.0758,46.55555],[8.06146,46.55133],[8.05467,46.55571],[8.04313,46.55686],[8.03259,46.56218],[8.01607,46.56331],[8.00144,46.55795],[7.9973,46.5585],[8.00689,46.56947],[8.00525,46.57756],[7.9904,46.57878],[7.9712,46.57561],[7.96078,46.58559],[7.96113,46.58891],[7.94796,46.59251],[7.94674,46.59504],[7.94898,46.60176],[7.94175,46.60766],[7.94146,46.61237],[7.93662,46.61831],[7.94732,46.62193],[7.95771,46.62134],[7.95431,46.63686],[7.96949,46.63549],[7.97195,46.6379],[7.98005,46.65381],[7.9612,46.65776],[7.97247,46.66722],[7.99176,46.67485],[7.99293,46.67258],[7.99956,46.67503],[8.00532,46.67353],[8.0122,46.67517],[8.01274,46.67742],[8.0225,46.67835],[8.02473,46.67807],[8.02591,46.6732],[8.03642,46.67109],[8.07527,46.68573],[8.0728,46.6884],[8.07392,46.69018],[8.07431,46.69287]]]}},{"type":"Feature","properties":{"name":"Grossaffoltern","cantonId":"bern","municipalityId":"grossaffoltern-303"},"geometry":{"type":"Polygon","coordinates":[[[7.38786,47.07443],[7.38515,47.0636],[7.38009,47.05682],[7.35868,47.05333],[7.35212,47.05435],[7.34736,47.05055],[7.3519,47.04846],[7.35057,47.04644],[7.34206,47.04601],[7.33724,47.04932],[7.3319,47.04889],[7.33219,47.05238],[7.32667,47.05619],[7.33063,47.05794],[7.32733,47.06183],[7.333,47.07264],[7.33248,47.07688],[7.33421,47.0792],[7.34062,47.08044],[7.33975,47.08199],[7.34515,47.08537],[7.34662,47.0888],[7.35127,47.08845],[7.35046,47.09065],[7.36354,47.09308],[7.36732,47.08822],[7.36431,47.0848],[7.3679,47.08148],[7.38381,47.08343],[7.38414,47.07723],[7.38673,47.07598],[7.38786,47.07443]]]}},{"type":"Feature","properties":{"name":"Grosshöchstetten","cantonId":"bern","municipalityId":"grosshoechstetten-608"},"geometry":{"type":"Polygon","coordinates":[[[7.61761,46.91994],[7.6224,46.91811],[7.62236,46.91626],[7.62854,46.91867],[7.63638,46.9153],[7.63896,46.91629],[7.63981,46.91007],[7.64982,46.9063],[7.64944,46.90301],[7.64637,46.90349],[7.64601,46.89987],[7.63359,46.89829],[7.63371,46.89559],[7.62731,46.89721],[7.61758,46.8939],[7.61366,46.8983],[7.60975,46.89791],[7.60178,46.90359],[7.60362,46.90512],[7.60227,46.90731],[7.596,46.90772],[7.59486,46.91152],[7.59752,46.91145],[7.59824,46.91371],[7.59504,46.91555],[7.60216,46.91724],[7.61151,46.91252],[7.61093,46.91098],[7.61564,46.91383],[7.61515,46.91969],[7.61708,46.91949],[7.61761,46.91994]]]}},{"type":"Feature","properties":{"name":"Gsteig","cantonId":"bern","municipalityId":"gsteig-841"},"geometry":{"type":"Polygon","coordinates":[[[7.22148,46.32925],[7.22269,46.34857],[7.21884,46.35754],[7.23006,46.36194],[7.22631,46.36501],[7.21629,46.36177],[7.20722,46.37349],[7.20831,46.37867],[7.19371,46.37893],[7.19438,46.38396],[7.20778,46.40298],[7.20904,46.41529],[7.23495,46.42383],[7.24761,46.42418],[7.25259,46.42827],[7.27485,46.42501],[7.28817,46.42487],[7.29835,46.42737],[7.30087,46.42047],[7.29823,46.40624],[7.30808,46.40032],[7.30372,46.38766],[7.30979,46.3831],[7.31028,46.37516],[7.29905,46.36645],[7.29051,46.36714],[7.2623,46.35824],[7.26017,46.35442],[7.26246,46.3496],[7.26017,46.3444],[7.26271,46.33865],[7.25348,46.33067],[7.23242,46.32647],[7.22188,46.32922],[7.22148,46.32925]]]}},{"type":"Feature","properties":{"name":"Gsteigwiler","cantonId":"bern","municipalityId":"gsteigwiler-577"},"geometry":{"type":"Polygon","coordinates":[[[7.90729,46.65629],[7.91073,46.65118],[7.90111,46.64179],[7.90074,46.63698],[7.89774,46.63387],[7.8754,46.64534],[7.86717,46.6579],[7.87328,46.66664],[7.88336,46.66353],[7.88755,46.65927],[7.88954,46.66272],[7.90051,46.66613],[7.90196,46.66126],[7.90726,46.65632],[7.90729,46.65629]]]}},{"type":"Feature","properties":{"name":"Gündlischwand","cantonId":"bern","municipalityId":"guendlischwand-578"},"geometry":{"type":"Polygon","coordinates":[[[7.9768,46.67325],[7.95564,46.66625],[7.9423,46.65542],[7.93586,46.64523],[7.93203,46.64626],[7.92633,46.6431],[7.93441,46.61871],[7.92113,46.61938],[7.91863,46.6221],[7.91373,46.6212],[7.90995,46.61573],[7.90249,46.61555],[7.9045,46.62531],[7.89774,46.63387],[7.90074,46.63698],[7.90111,46.64179],[7.91073,46.65118],[7.90729,46.65629],[7.92984,46.66724],[7.94237,46.66911],[7.95002,46.67663],[7.9657,46.68562],[7.97306,46.68392],[7.98761,46.68816],[7.98947,46.68281],[7.987,46.67815],[7.97701,46.67348],[7.9768,46.67325]]]}},{"type":"Feature","properties":{"name":"Guggisberg","cantonId":"bern","municipalityId":"guggisberg-852"},"geometry":{"type":"Polygon","coordinates":[[[7.30349,46.78874],[7.31505,46.78717],[7.32746,46.79112],[7.32952,46.78636],[7.33312,46.79447],[7.33465,46.79065],[7.34243,46.79656],[7.34846,46.79613],[7.34675,46.79326],[7.34802,46.78956],[7.35839,46.78441],[7.35992,46.77467],[7.35619,46.77196],[7.35933,46.77045],[7.35664,46.77025],[7.35702,46.76792],[7.36601,46.76658],[7.35678,46.75555],[7.37307,46.74208],[7.36829,46.73775],[7.37856,46.73224],[7.38098,46.72641],[7.37871,46.71611],[7.38999,46.71732],[7.39461,46.71547],[7.39579,46.71],[7.39268,46.70585],[7.38902,46.69126],[7.39697,46.68627],[7.40777,46.68866],[7.41035,46.68343],[7.40381,46.67244],[7.39692,46.67567],[7.39293,46.67257],[7.38447,46.67119],[7.37645,46.67503],[7.37289,46.6798],[7.37775,46.68354],[7.37592,46.68776],[7.38021,46.69018],[7.37694,46.69271],[7.36861,46.69261],[7.36257,46.69918],[7.34546,46.69924],[7.35061,46.70855],[7.34951,46.7122],[7.32819,46.71662],[7.30792,46.71718],[7.29958,46.723],[7.29675,46.72781],[7.29686,46.73711],[7.30421,46.74778],[7.3036,46.75919],[7.29047,46.77205],[7.30447,46.7832],[7.30207,46.78638],[7.30346,46.7886],[7.30349,46.78874]]]}},{"type":"Feature","properties":{"name":"Gurbrü","cantonId":"bern","municipalityId":"gurbrue-665"},"geometry":{"type":"Polygon","coordinates":[[[7.22255,46.97459],[7.22442,46.97248],[7.22242,46.97031],[7.22891,46.96389],[7.20001,46.95909],[7.19435,46.9616],[7.19552,46.96416],[7.20647,46.96413],[7.20746,46.96751],[7.21423,46.96693],[7.21467,46.97133],[7.22247,46.97454],[7.22255,46.97459]]]}},{"type":"Feature","properties":{"name":"Gurzelen","cantonId":"bern","municipalityId":"gurzelen-867"},"geometry":{"type":"Polygon","coordinates":[[[7.51756,46.78391],[7.51946,46.78754],[7.52884,46.78581],[7.53549,46.78159],[7.55299,46.78343],[7.55206,46.77269],[7.54954,46.77189],[7.55414,46.76809],[7.5453,46.76827],[7.5325,46.7605],[7.52941,46.76295],[7.53173,46.76637],[7.5294,46.76843],[7.53102,46.77262],[7.52668,46.77417],[7.5246,46.77173],[7.52253,46.77266],[7.51979,46.77689],[7.51631,46.778],[7.51735,46.78352],[7.51756,46.78391]]]}},{"type":"Feature","properties":{"name":"Guttannen","cantonId":"bern","municipalityId":"guttannen-782"},"geometry":{"type":"Polygon","coordinates":[[[8.14124,46.61294],[8.18513,46.58693],[8.23091,46.58504],[8.23952,46.58658],[8.24338,46.5924],[8.23803,46.59627],[8.23739,46.60129],[8.24187,46.60836],[8.25464,46.61783],[8.25886,46.63246],[8.2464,46.64452],[8.2314,46.65407],[8.22855,46.66003],[8.23089,46.67103],[8.23481,46.67378],[8.2525,46.67801],[8.25413,46.67581],[8.2593,46.677],[8.26605,46.6841],[8.27138,46.68211],[8.27094,46.68577],[8.28412,46.69596],[8.3139,46.69157],[8.31455,46.681],[8.32347,46.67556],[8.33109,46.67378],[8.33215,46.66739],[8.34396,46.66136],[8.34332,46.65847],[8.35726,46.65202],[8.36068,46.64883],[8.36386,46.64011],[8.37242,46.63297],[8.36851,46.62393],[8.37096,46.61886],[8.37052,46.61393],[8.3619,46.60178],[8.36346,46.59248],[8.3606,46.58629],[8.36468,46.58247],[8.34395,46.56421],[8.33661,46.56111],[8.31838,46.55973],[8.31272,46.5525],[8.30333,46.5457],[8.28738,46.54308],[8.27959,46.53609],[8.26298,46.53347],[8.25806,46.5294],[8.24176,46.52654],[8.21689,46.52629],[8.20545,46.52296],[8.1993,46.52392],[8.18072,46.52034],[8.17449,46.52421],[8.17451,46.53141],[8.14976,46.53164],[8.12616,46.53729],[8.11446,46.54656],[8.12476,46.5532],[8.13135,46.55429],[8.12143,46.56562],[8.11802,46.57548],[8.11823,46.57933],[8.12831,46.5833],[8.12821,46.58506],[8.11303,46.59451],[8.13098,46.60024],[8.14,46.61266],[8.14124,46.61294]]]}},{"type":"Feature","properties":{"name":"Habkern","cantonId":"bern","municipalityId":"habkern-579"},"geometry":{"type":"Polygon","coordinates":[[[7.91367,46.72839],[7.89699,46.72107],[7.88142,46.71721],[7.87735,46.72214],[7.87,46.71936],[7.86687,46.72351],[7.86506,46.72026],[7.85399,46.71558],[7.8486,46.71072],[7.82804,46.72583],[7.83438,46.73002],[7.83165,46.74492],[7.83734,46.74591],[7.84431,46.75202],[7.85094,46.75238],[7.85467,46.75519],[7.8541,46.76463],[7.85655,46.76889],[7.85448,46.77147],[7.85536,46.77559],[7.8678,46.78142],[7.8669,46.78562],[7.87501,46.78799],[7.89331,46.78641],[7.93779,46.795],[7.9535,46.79423],[7.95367,46.79028],[7.94837,46.78686],[7.94714,46.78278],[7.94921,46.7763],[7.94236,46.76643],[7.94255,46.76381],[7.91977,46.74684],[7.92859,46.74226],[7.91387,46.72858],[7.91367,46.72839]]]}},{"type":"Feature","properties":{"name":"Häutligen","cantonId":"bern","municipalityId":"haeutligen-609"},"geometry":{"type":"Polygon","coordinates":[[[7.58772,46.86215],[7.59229,46.86606],[7.60059,46.86805],[7.61108,46.86352],[7.62058,46.86463],[7.61453,46.85657],[7.6125,46.84416],[7.60654,46.84454],[7.60868,46.85053],[7.59779,46.85272],[7.59536,46.85773],[7.59137,46.85755],[7.58842,46.8614],[7.58772,46.86215]]]}},{"type":"Feature","properties":{"name":"Hagneck","cantonId":"bern","municipalityId":"hagneck-736"},"geometry":{"type":"Polygon","coordinates":[[[7.17672,47.06329],[7.18324,47.05964],[7.19254,47.06199],[7.19101,47.05964],[7.19386,47.05602],[7.18729,47.0535],[7.20352,47.04612],[7.18441,47.04231],[7.18358,47.0442],[7.18643,47.04716],[7.1806,47.05191],[7.18286,47.05443],[7.17912,47.05476],[7.17901,47.05809],[7.17505,47.06058],[7.17672,47.06326],[7.17672,47.06329]]]}},{"type":"Feature","properties":{"name":"Hasle bei Burgdorf","cantonId":"bern","municipalityId":"hasle-bei-burgdorf-406"},"geometry":{"type":"Polygon","coordinates":[[[7.60254,46.97695],[7.60285,46.97972],[7.59939,46.97871],[7.59116,46.98627],[7.5936,46.98827],[7.60875,46.98969],[7.61158,46.99278],[7.60374,46.99426],[7.604,46.99623],[7.60824,46.99808],[7.61201,47.00383],[7.62141,47.00579],[7.62197,47.0083],[7.6184,47.01065],[7.62051,47.0153],[7.62961,47.01949],[7.6359,47.01891],[7.63725,47.02019],[7.63406,47.0246],[7.64239,47.02932],[7.64581,47.02743],[7.64828,47.02123],[7.68225,47.00438],[7.67892,47.0034],[7.68208,46.99535],[7.6809,46.99144],[7.68933,46.98771],[7.68678,46.9836],[7.67824,46.97881],[7.67578,46.98013],[7.67691,46.98161],[7.67167,46.98211],[7.66698,46.97928],[7.66309,46.98066],[7.66663,46.98412],[7.6648,46.98475],[7.65068,46.98052],[7.64836,46.98404],[7.64309,46.98103],[7.63413,46.98192],[7.62769,46.98636],[7.61698,46.98019],[7.603,46.97713],[7.60254,46.97695]]]}},{"type":"Feature","properties":{"name":"Hasliberg","cantonId":"bern","municipalityId":"hasliberg-783"},"geometry":{"type":"Polygon","coordinates":[[[8.222,46.71841],[8.21547,46.72499],[8.19397,46.72975],[8.18469,46.73847],[8.17359,46.73985],[8.16528,46.74541],[8.15732,46.74678],[8.15345,46.75196],[8.14329,46.7535],[8.1443,46.75606],[8.14695,46.75483],[8.16313,46.7613],[8.16794,46.76535],[8.1721,46.76413],[8.1898,46.77031],[8.19631,46.76792],[8.208,46.76945],[8.22198,46.76106],[8.23355,46.76172],[8.23907,46.7696],[8.25939,46.76381],[8.2687,46.7543],[8.28349,46.75316],[8.31588,46.7701],[8.3156,46.76808],[8.32505,46.76898],[8.31855,46.76253],[8.31899,46.75972],[8.31553,46.76069],[8.28274,46.74116],[8.27691,46.73336],[8.26179,46.72291],[8.24184,46.71962],[8.23244,46.71398],[8.2224,46.71813],[8.222,46.71841]]]}},{"type":"Feature","properties":{"name":"Heiligenschwendi","cantonId":"bern","municipalityId":"heiligenschwendi-927"},"geometry":{"type":"Polygon","coordinates":[[[7.69778,46.76094],[7.70055,46.7594],[7.70171,46.75331],[7.71053,46.74706],[7.70712,46.7444],[7.69959,46.74832],[7.6847,46.74159],[7.68466,46.74395],[7.67807,46.74414],[7.67644,46.74658],[7.66755,46.74376],[7.66318,46.74549],[7.66246,46.74808],[7.65878,46.74843],[7.65851,46.75096],[7.65331,46.75155],[7.65358,46.75322],[7.66901,46.759],[7.68625,46.75918],[7.69393,46.76258],[7.69771,46.76089],[7.69778,46.76094]]]}},{"type":"Feature","properties":{"name":"Heimberg","cantonId":"bern","municipalityId":"heimberg-928"},"geometry":{"type":"Polygon","coordinates":[[[7.60525,46.77105],[7.59225,46.79179],[7.58316,46.79697],[7.5831,46.80212],[7.58826,46.80463],[7.58919,46.80012],[7.59254,46.80082],[7.61245,46.80934],[7.62106,46.80647],[7.62582,46.80083],[7.61912,46.79795],[7.61905,46.80123],[7.61651,46.80227],[7.61089,46.80084],[7.61059,46.79315],[7.60751,46.78999],[7.61546,46.77405],[7.60566,46.77051],[7.60525,46.77105]]]}},{"type":"Feature","properties":{"name":"Heimenhausen","cantonId":"bern","municipalityId":"heimenhausen-977"},"geometry":{"type":"Polygon","coordinates":[[[7.67686,47.21456],[7.68378,47.21474],[7.68146,47.21747],[7.68272,47.21918],[7.6923,47.22474],[7.69688,47.22422],[7.7097,47.21643],[7.70552,47.21045],[7.70935,47.20869],[7.69438,47.19745],[7.69336,47.19451],[7.68308,47.19456],[7.6815,47.19978],[7.67554,47.2026],[7.67465,47.20463],[7.67738,47.2055],[7.67262,47.21285],[7.67652,47.21434],[7.67686,47.21456]]]}},{"type":"Feature","properties":{"name":"Heimiswil","cantonId":"bern","municipalityId":"heimiswil-407"},"geometry":{"type":"MultiPolygon","coordinates":[[[[7.70823,47.0665],[7.7031,47.06369],[7.6927,47.04971],[7.68234,47.05063],[7.67777,47.04543],[7.68259,47.04239],[7.67727,47.04013],[7.67925,47.0374],[7.66941,47.03752],[7.64914,47.02708],[7.64598,47.02717],[7.63858,47.03455],[7.64517,47.04054],[7.64085,47.04215],[7.64455,47.05192],[7.64114,47.05395],[7.64811,47.06372],[7.65475,47.06893],[7.65064,47.0682],[7.64577,47.07281],[7.64373,47.06999],[7.642,47.07138],[7.64468,47.07442],[7.64254,47.07618],[7.64356,47.07864],[7.6469,47.08128],[7.6442,47.08273],[7.65159,47.08612],[7.65494,47.09083],[7.66501,47.09205],[7.67778,47.08882],[7.68252,47.08573],[7.68428,47.08055],[7.69329,47.08242],[7.6924,47.07619],[7.70896,47.07048],[7.70804,47.06671],[7.70823,47.0665]]],[[[7.72385,47.08198],[7.72015,47.0781],[7.71157,47.07696],[7.70974,47.0787],[7.71081,47.08674],[7.71707,47.09138],[7.72381,47.08206],[7.72385,47.08198]]]]}},{"type":"Feature","properties":{"name":"Hellsau","cantonId":"bern","municipalityId":"hellsau-408"},"geometry":{"type":"Polygon","coordinates":[[[7.65261,47.1515],[7.65887,47.14666],[7.6525,47.14404],[7.65258,47.1408],[7.65534,47.13899],[7.64977,47.13615],[7.64442,47.137],[7.63982,47.14244],[7.63975,47.14641],[7.65245,47.15133],[7.65261,47.1515]]]}},{"type":"Feature","properties":{"name":"Herbligen","cantonId":"bern","municipalityId":"herbligen-610"},"geometry":{"type":"Polygon","coordinates":[[[7.60663,46.8197],[7.60262,46.8267],[7.6013,46.82557],[7.5904,46.83014],[7.5906,46.83175],[7.59573,46.83214],[7.59451,46.8372],[7.59886,46.8345],[7.6005,46.83642],[7.6073,46.83658],[7.61692,46.82641],[7.63668,46.82392],[7.63542,46.81975],[7.62096,46.82218],[7.61403,46.81996],[7.61048,46.82136],[7.61024,46.81972],[7.60663,46.8197]]]}},{"type":"Feature","properties":{"name":"Hermrigen","cantonId":"bern","municipalityId":"hermrigen-737"},"geometry":{"type":"Polygon","coordinates":[[[7.23593,47.09225],[7.24261,47.08693],[7.25133,47.08475],[7.25259,47.0823],[7.26255,47.07788],[7.25918,47.07042],[7.25179,47.0774],[7.2482,47.0778],[7.23799,47.07251],[7.22777,47.07908],[7.2263,47.0775],[7.22489,47.08361],[7.22698,47.09137],[7.23248,47.08989],[7.2351,47.09175],[7.23593,47.09225]]]}},{"type":"Feature","properties":{"name":"Herzogenbuchsee","cantonId":"bern","municipalityId":"herzogenbuchsee-979"},"geometry":{"type":"Polygon","coordinates":[[[7.72147,47.20904],[7.72263,47.20502],[7.73251,47.20679],[7.73302,47.20508],[7.72792,47.18522],[7.70373,47.17822],[7.70293,47.17494],[7.7009,47.17648],[7.7007,47.17458],[7.69547,47.17399],[7.69678,47.17169],[7.69195,47.16664],[7.69218,47.1642],[7.68683,47.16657],[7.68108,47.16218],[7.67272,47.16805],[7.67351,47.17234],[7.67765,47.17124],[7.68412,47.17546],[7.68271,47.18167],[7.69669,47.18365],[7.69666,47.19151],[7.69558,47.19454],[7.69336,47.19451],[7.69438,47.19745],[7.70935,47.20869],[7.72098,47.20924],[7.72147,47.20904]]]}},{"type":"Feature","properties":{"name":"Hilterfingen","cantonId":"bern","municipalityId":"hilterfingen-929"},"geometry":{"type":"Polygon","coordinates":[[[7.63899,46.7462],[7.63952,46.74841],[7.64838,46.74822],[7.6548,46.75209],[7.66755,46.74376],[7.67644,46.74658],[7.67807,46.74414],[7.67103,46.73759],[7.66053,46.73351],[7.65376,46.73732],[7.65106,46.74168],[7.64569,46.74192],[7.63952,46.74624],[7.63899,46.7462]]]}},{"type":"Feature","properties":{"name":"Hindelbank","cantonId":"bern","municipalityId":"hindelbank-409"},"geometry":{"type":"Polygon","coordinates":[[[7.53082,47.02817],[7.52768,47.03145],[7.52839,47.0333],[7.52485,47.0333],[7.52712,47.04214],[7.53262,47.04932],[7.53002,47.05208],[7.55157,47.05845],[7.56173,47.05435],[7.57214,47.05519],[7.5759,47.04975],[7.5777,47.05167],[7.58377,47.0517],[7.58121,47.05106],[7.58156,47.04626],[7.57819,47.0452],[7.58018,47.03882],[7.5771,47.03583],[7.57988,47.03454],[7.5702,47.03483],[7.57164,47.03645],[7.57008,47.04108],[7.56294,47.03528],[7.55697,47.03559],[7.55638,47.03365],[7.55026,47.03559],[7.54893,47.03307],[7.54278,47.03193],[7.539,47.02728],[7.54268,47.02476],[7.54145,47.02296],[7.53714,47.02186],[7.53137,47.02781],[7.53082,47.02817]]]}},{"type":"Feature","properties":{"name":"Höchstetten","cantonId":"bern","municipalityId":"hoechstetten-410"},"geometry":{"type":"Polygon","coordinates":[[[7.62197,47.15306],[7.63997,47.15356],[7.64505,47.14897],[7.63975,47.14641],[7.64098,47.13908],[7.64442,47.137],[7.64271,47.13396],[7.63224,47.13576],[7.62447,47.13344],[7.62621,47.13976],[7.62439,47.14161],[7.62452,47.15189],[7.6219,47.153],[7.62197,47.15306]]]}},{"type":"Feature","properties":{"name":"Hofstetten bei Brienz","cantonId":"bern","municipalityId":"hofstetten-bei-brienz-580"},"geometry":{"type":"Polygon","coordinates":[[[8.06902,46.78864],[8.07576,46.786],[8.09005,46.78764],[8.09078,46.78436],[8.09956,46.77827],[8.10235,46.77379],[8.09443,46.77157],[8.08609,46.75817],[8.08805,46.74605],[8.07249,46.74179],[8.072,46.74453],[8.06653,46.74545],[8.06562,46.74817],[8.0686,46.7665],[8.06721,46.77743],[8.06899,46.78766],[8.06902,46.78864]]]}},{"type":"Feature","properties":{"name":"Homberg","cantonId":"bern","municipalityId":"homberg-931"},"geometry":{"type":"Polygon","coordinates":[[[7.69778,46.76094],[7.69393,46.76258],[7.69027,46.7614],[7.6869,46.76564],[7.67902,46.76572],[7.67004,46.7695],[7.66861,46.77409],[7.66547,46.77342],[7.65928,46.78036],[7.65498,46.78133],[7.66367,46.78244],[7.67555,46.78872],[7.69408,46.78744],[7.7037,46.77111],[7.69691,46.76349],[7.69789,46.76118],[7.69778,46.76094]]]}},{"type":"Feature","properties":{"name":"Horrenbach-Buchen","cantonId":"bern","municipalityId":"horrenbach-buchen-932"},"geometry":{"type":"MultiPolygon","coordinates":[[[[7.73183,46.77385],[7.73205,46.77704],[7.72973,46.77846],[7.73157,46.7807],[7.75076,46.78289],[7.7573,46.78618],[7.7725,46.78645],[7.77757,46.78396],[7.80686,46.78794],[7.82668,46.78482],[7.84221,46.77504],[7.84317,46.77266],[7.83451,46.77033],[7.8081,46.74959],[7.80344,46.75156],[7.80392,46.7595],[7.79616,46.7562],[7.78971,46.76096],[7.78772,46.75983],[7.78621,46.76522],[7.7795,46.76547],[7.75716,46.77338],[7.75416,46.77067],[7.73742,46.77491],[7.73201,46.77367],[7.73183,46.77385]]],[[[7.7037,46.77111],[7.69434,46.78641],[7.69563,46.78853],[7.70501,46.78994],[7.72663,46.7832],[7.72601,46.78012],[7.71638,46.77989],[7.71822,46.77962],[7.71567,46.77645],[7.70699,46.77427],[7.70406,46.77124],[7.7037,46.77111]]]]}},{"type":"Feature","properties":{"name":"Huttwil","cantonId":"bern","municipalityId":"huttwil-954"},"geometry":{"type":"Polygon","coordinates":[[[7.87354,47.12405],[7.8682,47.12136],[7.86693,47.1166],[7.87005,47.1159],[7.86816,47.11197],[7.87496,47.10943],[7.87292,47.1043],[7.8762,47.10165],[7.8736,47.09784],[7.87952,47.09552],[7.87791,47.09294],[7.88049,47.08997],[7.87758,47.08785],[7.85124,47.0913],[7.8469,47.08991],[7.83131,47.09429],[7.82994,47.092],[7.81541,47.09349],[7.80998,47.09446],[7.80717,47.09935],[7.81878,47.11146],[7.82167,47.11903],[7.83051,47.12411],[7.83707,47.12439],[7.84056,47.12757],[7.8476,47.12823],[7.84991,47.13039],[7.85641,47.12883],[7.86517,47.13202],[7.86651,47.12823],[7.87037,47.12858],[7.86886,47.12631],[7.87348,47.12419],[7.87354,47.12405]]]}},{"type":"Feature","properties":{"name":"Iffwil","cantonId":"bern","municipalityId":"iffwil-541"},"geometry":{"type":"Polygon","coordinates":[[[7.4859,47.05405],[7.48255,47.05599],[7.47499,47.05408],[7.47402,47.05748],[7.46948,47.05673],[7.46954,47.0584],[7.45584,47.05764],[7.45535,47.06328],[7.46217,47.0653],[7.46142,47.06841],[7.46745,47.07308],[7.46617,47.07494],[7.46771,47.07581],[7.47801,47.07392],[7.48928,47.0787],[7.48812,47.07194],[7.49874,47.06716],[7.49195,47.06536],[7.49198,47.05836],[7.48694,47.05439],[7.4859,47.05405]]]}},{"type":"Feature","properties":{"name":"Inkwil","cantonId":"bern","municipalityId":"inkwil-980"},"geometry":{"type":"Polygon","coordinates":[[[7.67262,47.21285],[7.67738,47.2055],[7.67465,47.20463],[7.67554,47.2026],[7.6815,47.19978],[7.68328,47.19571],[7.67464,47.1909],[7.67154,47.19497],[7.66914,47.1941],[7.66275,47.19865],[7.66234,47.20096],[7.64724,47.20178],[7.65123,47.2067],[7.64972,47.21002],[7.67124,47.21259],[7.67262,47.21285]]]}},{"type":"Feature","properties":{"name":"Innertkirchen","cantonId":"bern","municipalityId":"innertkirchen-784"},"geometry":{"type":"Polygon","coordinates":[[[8.41027,46.65293],[8.39898,46.65404],[8.39438,46.64568],[8.38015,46.63415],[8.37411,46.63276],[8.36386,46.64011],[8.36068,46.64883],[8.35726,46.65202],[8.34332,46.65847],[8.34396,46.66136],[8.33215,46.66739],[8.33109,46.67378],[8.32347,46.67556],[8.31455,46.681],[8.3139,46.69157],[8.28412,46.69596],[8.27094,46.68577],[8.27138,46.68211],[8.26605,46.6841],[8.2593,46.677],[8.25413,46.67581],[8.2525,46.67801],[8.23481,46.67378],[8.23089,46.67103],[8.22855,46.66003],[8.2314,46.65407],[8.2464,46.64452],[8.25886,46.63246],[8.25464,46.61783],[8.24187,46.60836],[8.23739,46.60129],[8.23688,46.59847],[8.24338,46.5924],[8.24243,46.59071],[8.23952,46.58658],[8.23091,46.58504],[8.18446,46.58721],[8.14124,46.61294],[8.13999,46.62025],[8.14337,46.62508],[8.14021,46.6297],[8.12473,46.63504],[8.13911,46.64307],[8.14205,46.65565],[8.14913,46.65616],[8.16325,46.6512],[8.17493,46.66147],[8.17427,46.66453],[8.18511,46.67748],[8.1832,46.68029],[8.19699,46.68717],[8.20044,46.68537],[8.2119,46.69205],[8.21365,46.69671],[8.2115,46.70025],[8.21346,46.70184],[8.20854,46.70504],[8.21179,46.71293],[8.21539,46.71522],[8.21249,46.72008],[8.23244,46.71398],[8.24184,46.71962],[8.26179,46.72291],[8.27691,46.73336],[8.28274,46.74116],[8.31553,46.76069],[8.31899,46.75972],[8.31855,46.76253],[8.325,46.76812],[8.3156,46.76808],[8.32082,46.77334],[8.3337,46.78059],[8.35992,46.78296],[8.36936,46.78821],[8.37736,46.78582],[8.38232,46.78018],[8.39117,46.77779],[8.39639,46.76549],[8.41464,46.77431],[8.42109,46.77278],[8.42268,46.77042],[8.4355,46.7725],[8.44662,46.77026],[8.44613,46.76641],[8.44838,46.76516],[8.44735,46.75791],[8.43904,46.75242],[8.44377,46.74709],[8.44071,46.74443],[8.4407,46.73804],[8.44972,46.72983],[8.44708,46.72705],[8.44743,46.71415],[8.45408,46.71084],[8.45215,46.7042],[8.45507,46.69751],[8.45229,46.68874],[8.44081,46.6855],[8.42819,46.68605],[8.41481,46.68743],[8.41223,46.69071],[8.39962,46.69287],[8.39736,46.68424],[8.39806,46.67422],[8.40234,46.66866],[8.40843,46.66562],[8.4093,46.65675],[8.41027,46.65293]]]}},{"type":"Feature","properties":{"name":"Ins","cantonId":"bern","municipalityId":"ins-496"},"geometry":{"type":"Polygon","coordinates":[[[7.08804,47.01674],[7.09535,47.02282],[7.09565,47.02088],[7.10252,47.02327],[7.10499,47.02094],[7.1158,47.02849],[7.11942,47.02559],[7.13804,47.02885],[7.14171,47.02438],[7.12346,47.02038],[7.12998,47.01434],[7.13242,47.01533],[7.13788,47.01094],[7.13533,47.01003],[7.13659,47.00493],[7.13364,47.00457],[7.13443,47.00173],[7.12749,47.0018],[7.12982,46.99525],[7.13199,46.99488],[7.13302,46.98853],[7.13654,46.98845],[7.13809,46.98352],[7.09231,46.97613],[7.05779,46.97688],[7.04053,46.97978],[7.07396,46.99519],[7.07211,46.99615],[7.08114,46.99866],[7.07854,47.00064],[7.0823,47.0025],[7.07627,47.00553],[7.08126,47.00778],[7.083,47.01318],[7.08807,47.01671],[7.08804,47.01674]]]}},{"type":"Feature","properties":{"name":"Interlaken","cantonId":"bern","municipalityId":"interlaken-581"},"geometry":{"type":"Polygon","coordinates":[[[7.88575,46.69393],[7.88536,46.69235],[7.88819,46.69185],[7.88877,46.68341],[7.87033,46.68226],[7.86831,46.68458],[7.86227,46.68431],[7.84033,46.66995],[7.82826,46.66458],[7.8268,46.66595],[7.84633,46.67642],[7.84824,46.67896],[7.8453,46.67946],[7.85283,46.68831],[7.86196,46.68997],[7.86042,46.6961],[7.85788,46.69761],[7.85695,46.69608],[7.85463,46.69955],[7.85985,46.70385],[7.87135,46.69254],[7.88421,46.69391],[7.88575,46.69393]]]}},{"type":"Feature","properties":{"name":"Ipsach","cantonId":"bern","municipalityId":"ipsach-739"},"geometry":{"type":"Polygon","coordinates":[[[7.22035,47.1157],[7.22808,47.12371],[7.23292,47.12297],[7.23732,47.11726],[7.24277,47.11927],[7.24409,47.11272],[7.23299,47.10869],[7.23302,47.10711],[7.22572,47.10814],[7.2225,47.11487],[7.22035,47.1157]]]}},{"type":"Feature","properties":{"name":"Iseltwald","cantonId":"bern","municipalityId":"iseltwald-582"},"geometry":{"type":"MultiPolygon","coordinates":[[[[7.9768,46.67325],[7.987,46.67815],[7.98947,46.68281],[7.98761,46.68816],[7.97306,46.68392],[7.96483,46.68465],[7.95512,46.69656],[7.94017,46.69829],[7.95068,46.70684],[7.96021,46.70847],[7.96576,46.71347],[7.96662,46.71111],[7.97329,46.71339],[7.99363,46.72461],[8.01288,46.73178],[8.01372,46.72604],[8.01073,46.72414],[8.0135,46.72213],[8.00866,46.71888],[8.02238,46.70631],[8.02219,46.70197],[8.02755,46.69681],[8.02448,46.69677],[8.0271,46.69238],[8.02597,46.6905],[8.01392,46.68516],[8.01153,46.68017],[8.0122,46.67517],[8.00468,46.6735],[7.99956,46.67503],[7.99311,46.67257],[7.99176,46.67485],[7.98708,46.67157],[7.98541,46.67289],[7.97837,46.66996],[7.97671,46.67196],[7.9768,46.67325]]],[[[7.97212,46.7163],[7.97214,46.71633],[7.97228,46.7164],[7.97257,46.71661],[7.97269,46.71678],[7.97268,46.71681],[7.97268,46.71681],[7.97271,46.71682],[7.97272,46.71682],[7.97274,46.71679],[7.97284,46.71676],[7.97288,46.71672],[7.97294,46.71663],[7.97285,46.71657],[7.97284,46.71653],[7.97285,46.71652],[7.97276,46.71646],[7.97273,46.71645],[7.97269,46.71642],[7.97264,46.7164],[7.97259,46.71638],[7.97258,46.71635],[7.97258,46.71633],[7.97256,46.7163],[7.97255,46.7163],[7.97253,46.7163],[7.97252,46.71629],[7.97251,46.71628],[7.97244,46.71623],[7.97244,46.71621],[7.97241,46.71621],[7.9724,46.7162],[7.97235,46.71619],[7.97233,46.71616],[7.97232,46.71615],[7.97227,46.71616],[7.97224,46.71617],[7.9722,46.71617],[7.97217,46.7162],[7.97212,46.7163]]]]}},{"type":"Feature","properties":{"name":"Ittigen","cantonId":"bern","municipalityId":"ittigen-362"},"geometry":{"type":"Polygon","coordinates":[[[7.48905,46.97038],[7.47817,46.97118],[7.4702,46.96741],[7.46804,46.97582],[7.45466,46.97782],[7.45294,46.98316],[7.46315,46.98259],[7.46533,46.98698],[7.47048,46.98889],[7.46931,46.9918],[7.47395,46.99594],[7.47331,46.9988],[7.47644,46.99806],[7.47563,46.99253],[7.4818,46.98893],[7.48083,46.98518],[7.48512,46.98348],[7.48527,46.98117],[7.48847,46.98251],[7.49129,46.97977],[7.48917,46.97043],[7.48905,46.97038]]]}},{"type":"Feature","properties":{"name":"Jaberg","cantonId":"bern","municipalityId":"jaberg-868"},"geometry":{"type":"Polygon","coordinates":[[[7.56778,46.82485],[7.57196,46.81804],[7.56842,46.80797],[7.56585,46.80798],[7.56264,46.8172],[7.56087,46.81673],[7.55988,46.82502],[7.56207,46.82814],[7.56092,46.82977],[7.56356,46.83046],[7.56754,46.82505],[7.56778,46.82485]]]}},{"type":"Feature","properties":{"name":"Jegenstorf","cantonId":"bern","municipalityId":"jegenstorf-540"},"geometry":{"type":"MultiPolygon","coordinates":[[[[7.53638,47.06079],[7.53954,47.05677],[7.52952,47.05177],[7.53262,47.04932],[7.52479,47.03717],[7.51554,47.03842],[7.51404,47.03664],[7.50946,47.0393],[7.5081,47.03683],[7.49411,47.03871],[7.49128,47.03681],[7.4867,47.0394],[7.47382,47.03492],[7.46464,47.03754],[7.46638,47.04518],[7.47581,47.04593],[7.47668,47.04331],[7.48362,47.0449],[7.48711,47.05616],[7.49086,47.05601],[7.49198,47.05836],[7.49195,47.06536],[7.49829,47.0677],[7.52619,47.06015],[7.53634,47.06071],[7.53638,47.06079]]],[[[7.46619,47.07856],[7.46745,47.07308],[7.46142,47.06841],[7.46217,47.0653],[7.44545,47.0634],[7.44578,47.06561],[7.44109,47.06833],[7.44513,47.0714],[7.44311,47.07456],[7.45447,47.07493],[7.45906,47.07805],[7.46601,47.07869],[7.46619,47.07856]]]]}},{"type":"Feature","properties":{"name":"Jens","cantonId":"bern","municipalityId":"jens-738"},"geometry":{"type":"Polygon","coordinates":[[[7.28874,47.10822],[7.29064,47.10682],[7.28302,47.10525],[7.28763,47.10208],[7.27914,47.0988],[7.28239,47.09932],[7.28623,47.0961],[7.28079,47.09475],[7.26943,47.08392],[7.26389,47.08724],[7.26422,47.0892],[7.26215,47.08748],[7.25687,47.09129],[7.2575,47.09271],[7.2525,47.09385],[7.25122,47.09836],[7.25569,47.10221],[7.2535,47.10428],[7.28239,47.10933],[7.28345,47.10758],[7.28709,47.10811],[7.28874,47.10822]]]}},{"type":"Feature","properties":{"name":"Kallnach","cantonId":"bern","municipalityId":"kallnach-304"},"geometry":{"type":"Polygon","coordinates":[[[7.21244,47.02912],[7.22616,47.03559],[7.2278,47.03207],[7.23249,47.03343],[7.24379,47.02803],[7.24561,47.01957],[7.25421,47.0194],[7.25847,47.01325],[7.25801,47.00991],[7.24227,47.00512],[7.23932,47.0021],[7.24106,46.99828],[7.261,46.98343],[7.26175,46.97939],[7.25167,46.97976],[7.25188,46.98317],[7.24965,46.9834],[7.24272,46.98042],[7.23786,46.9819],[7.23059,46.98045],[7.2357,46.98456],[7.23487,46.98676],[7.22223,46.99316],[7.22626,46.99868],[7.22313,46.99813],[7.21779,47.00641],[7.213,47.00681],[7.21025,47.00395],[7.2051,47.00627],[7.20068,47.00166],[7.19632,47.00213],[7.19668,47.00014],[7.17863,46.99404],[7.17094,46.99977],[7.17846,47.0058],[7.17714,47.00774],[7.17983,47.00978],[7.18245,47.00705],[7.20686,47.02193],[7.2043,47.02419],[7.20576,47.02507],[7.21244,47.02912]]]}},{"type":"Feature","properties":{"name":"Kandergrund","cantonId":"bern","municipalityId":"kandergrund-564"},"geometry":{"type":"Polygon","coordinates":[[[7.6444,46.50909],[7.64179,46.51206],[7.64893,46.51683],[7.64772,46.52086],[7.64987,46.52403],[7.6404,46.53428],[7.63845,46.55025],[7.64802,46.56531],[7.66441,46.56618],[7.66764,46.56686],[7.66681,46.56864],[7.67197,46.56655],[7.69279,46.56688],[7.69637,46.55221],[7.70543,46.54901],[7.70704,46.54414],[7.71303,46.54114],[7.71608,46.53195],[7.72588,46.52645],[7.72952,46.52013],[7.71701,46.51411],[7.70742,46.51491],[7.69742,46.51935],[7.69394,46.51701],[7.69573,46.5138],[7.69351,46.51209],[7.69473,46.51013],[7.68922,46.50743],[7.68455,46.5099],[7.67382,46.50987],[7.67225,46.50749],[7.66651,46.50835],[7.66384,46.50606],[7.6456,46.50942],[7.6444,46.50909]]]}},{"type":"Feature","properties":{"name":"Kandersteg","cantonId":"bern","municipalityId":"kandersteg-565"},"geometry":{"type":"Polygon","coordinates":[[[7.84349,46.47786],[7.8285,46.47094],[7.82546,46.46708],[7.79833,46.45881],[7.77941,46.44672],[7.77848,46.44333],[7.76596,46.43996],[7.73509,46.42334],[7.72186,46.42101],[7.71559,46.41481],[7.70852,46.41389],[7.69882,46.41923],[7.69361,46.42493],[7.62608,46.44508],[7.62115,46.43929],[7.60965,46.43674],[7.60835,46.43455],[7.61023,46.42858],[7.6075,46.42487],[7.59739,46.42068],[7.60019,46.41597],[7.59575,46.41121],[7.58644,46.4137],[7.58319,46.41877],[7.59414,46.43521],[7.59618,46.44137],[7.59279,46.44585],[7.59854,46.45474],[7.60012,46.46195],[7.60622,46.46452],[7.6094,46.4695],[7.61537,46.47276],[7.61631,46.47663],[7.62624,46.48017],[7.62592,46.4865],[7.62033,46.49242],[7.62783,46.4993],[7.64298,46.50484],[7.6456,46.50942],[7.66384,46.50606],[7.66651,46.50835],[7.67225,46.50749],[7.67382,46.50987],[7.69305,46.50793],[7.69573,46.5138],[7.69394,46.51701],[7.69742,46.51935],[7.70742,46.51491],[7.7152,46.51417],[7.72075,46.51476],[7.72952,46.52013],[7.75049,46.51605],[7.75973,46.5164],[7.77982,46.50573],[7.78092,46.49838],[7.78921,46.49782],[7.79226,46.49513],[7.80686,46.4975],[7.81927,46.48898],[7.82986,46.48754],[7.83151,46.48224],[7.83953,46.47809],[7.84349,46.47786]]]}},{"type":"Feature","properties":{"name":"Kappelen","cantonId":"bern","municipalityId":"kappelen-305"},"geometry":{"type":"Polygon","coordinates":[[[7.25064,47.05127],[7.24799,47.05254],[7.26503,47.07977],[7.26736,47.07877],[7.26586,47.08061],[7.28009,47.09418],[7.28196,47.09549],[7.2858,47.09191],[7.2916,47.09179],[7.30438,47.09889],[7.30738,47.09305],[7.29362,47.08051],[7.29338,47.07159],[7.28914,47.06602],[7.29023,47.06139],[7.27958,47.05815],[7.27823,47.05995],[7.26568,47.05059],[7.2624,47.05196],[7.26007,47.04984],[7.26314,47.04888],[7.2614,47.04732],[7.25371,47.04992],[7.25064,47.05127]]]}},{"type":"Feature","properties":{"name":"Kaufdorf","cantonId":"bern","municipalityId":"kaufdorf-869"},"geometry":{"type":"Polygon","coordinates":[[[7.50377,46.84516],[7.50829,46.83937],[7.50986,46.83996],[7.51119,46.83555],[7.49926,46.83323],[7.49373,46.83695],[7.48459,46.83551],[7.48232,46.83769],[7.48117,46.84114],[7.48452,46.84492],[7.49089,46.84273],[7.49366,46.84569],[7.50356,46.84542],[7.50377,46.84516]]]}},{"type":"Feature","properties":{"name":"Kehrsatz","cantonId":"bern","municipalityId":"kehrsatz-870"},"geometry":{"type":"Polygon","coordinates":[[[7.47794,46.8979],[7.46818,46.90376],[7.44858,46.90565],[7.45321,46.90797],[7.44998,46.90913],[7.45091,46.91159],[7.45918,46.90885],[7.46175,46.91],[7.45858,46.91353],[7.4666,46.91948],[7.46428,46.92163],[7.47126,46.92504],[7.47471,46.92307],[7.48195,46.92565],[7.48675,46.92476],[7.48138,46.92198],[7.48633,46.92052],[7.48268,46.91674],[7.48526,46.91491],[7.48075,46.91258],[7.48606,46.90811],[7.47969,46.90455],[7.4822,46.90317],[7.47813,46.89797],[7.47794,46.8979]]]}},{"type":"Feature","properties":{"name":"Kernenried","cantonId":"bern","municipalityId":"kernenried-411"},"geometry":{"type":"Polygon","coordinates":[[[7.53638,47.06079],[7.54238,47.07321],[7.54876,47.07384],[7.54867,47.07842],[7.55068,47.08004],[7.5592,47.0723],[7.56605,47.07052],[7.55241,47.05685],[7.55157,47.05845],[7.53896,47.05366],[7.53705,47.05511],[7.53995,47.05828],[7.53642,47.06065],[7.53638,47.06079]]]}},{"type":"Feature","properties":{"name":"Kiesen","cantonId":"bern","municipalityId":"kiesen-611"},"geometry":{"type":"Polygon","coordinates":[[[7.56778,46.82485],[7.57681,46.8281],[7.58188,46.82719],[7.58421,46.82953],[7.59344,46.80649],[7.59254,46.80082],[7.58919,46.80012],[7.58826,46.80463],[7.5846,46.80388],[7.58202,46.80044],[7.58316,46.79697],[7.57009,46.80062],[7.56834,46.80869],[7.57205,46.819],[7.56837,46.82435],[7.56778,46.82485]]]}},{"type":"Feature","properties":{"name":"Kirchberg (BE)","cantonId":"bern","municipalityId":"kirchberg-be-412"},"geometry":{"type":"Polygon","coordinates":[[[7.58483,47.08169],[7.56203,47.09716],[7.56341,47.09824],[7.56199,47.09876],[7.5705,47.10133],[7.56842,47.10332],[7.57291,47.10582],[7.58249,47.09709],[7.58105,47.09592],[7.58769,47.09282],[7.58719,47.09008],[7.59459,47.08505],[7.61267,47.08618],[7.61196,47.08794],[7.61875,47.08539],[7.62653,47.0859],[7.63459,47.0888],[7.63239,47.09353],[7.63528,47.09833],[7.63946,47.098],[7.64108,47.09504],[7.63474,47.09022],[7.63698,47.07958],[7.6332,47.07608],[7.63022,47.07649],[7.63405,47.072],[7.62711,47.06548],[7.62477,47.06705],[7.62331,47.06516],[7.60514,47.07264],[7.60281,47.07046],[7.59863,47.07164],[7.58856,47.07799],[7.58483,47.08169]]]}},{"type":"Feature","properties":{"name":"Kirchdorf (BE)","cantonId":"bern","municipalityId":"kirchdorf-be-872"},"geometry":{"type":"Polygon","coordinates":[[[7.56209,46.83295],[7.56356,46.83046],[7.56092,46.82977],[7.56207,46.82814],[7.55988,46.82502],[7.56087,46.81673],[7.56264,46.8172],[7.56635,46.80928],[7.5618,46.80591],[7.55469,46.80469],[7.56029,46.79261],[7.5567,46.79101],[7.55443,46.79495],[7.5478,46.79513],[7.54214,46.8002],[7.53086,46.79811],[7.52754,46.79979],[7.52493,46.80609],[7.5269,46.80694],[7.52651,46.81017],[7.5221,46.82348],[7.52005,46.82324],[7.51685,46.83078],[7.51452,46.83012],[7.51024,46.83676],[7.51141,46.83789],[7.50377,46.84516],[7.50669,46.84623],[7.50367,46.85632],[7.50954,46.85699],[7.5196,46.85377],[7.52158,46.84723],[7.53169,46.83897],[7.52524,46.83837],[7.53448,46.83305],[7.54156,46.83298],[7.54218,46.82904],[7.55601,46.8322],[7.56021,46.83079],[7.56156,46.83274],[7.56209,46.83295]]]}},{"type":"Feature","properties":{"name":"Kirchlindach","cantonId":"bern","municipalityId":"kirchlindach-354"},"geometry":{"type":"Polygon","coordinates":[[[7.43961,47.00775],[7.44154,47.00454],[7.43335,47.00131],[7.43532,46.99793],[7.43244,46.99719],[7.43674,46.99047],[7.43516,46.98432],[7.42639,46.98135],[7.42357,46.97631],[7.42332,46.97423],[7.42818,46.9738],[7.41215,46.96987],[7.40752,46.97353],[7.40749,46.97789],[7.41511,46.9806],[7.41557,46.98255],[7.40668,46.98925],[7.40698,46.99141],[7.40311,46.99197],[7.40468,46.99491],[7.38862,47.00031],[7.39521,47.00676],[7.39246,47.01201],[7.38966,47.01257],[7.39276,47.01577],[7.39222,47.01884],[7.40241,47.0205],[7.40403,47.01681],[7.41564,47.01742],[7.42745,47.01205],[7.43782,47.01077],[7.44011,47.00827],[7.43961,47.00775]]]}},{"type":"Feature","properties":{"name":"Köniz","cantonId":"bern","municipalityId":"koeniz-355"},"geometry":{"type":"Polygon","coordinates":[[[7.33123,46.91923],[7.33937,46.91967],[7.33879,46.92454],[7.36056,46.9272],[7.36831,46.93043],[7.36807,46.93239],[7.3749,46.93271],[7.38088,46.93241],[7.38002,46.92989],[7.38232,46.92728],[7.38758,46.93045],[7.40149,46.92119],[7.40213,46.9242],[7.40807,46.92563],[7.40709,46.93038],[7.41385,46.93157],[7.4147,46.93682],[7.43765,46.93074],[7.43381,46.93312],[7.43542,46.93497],[7.44764,46.93043],[7.45857,46.93483],[7.47126,46.92504],[7.46428,46.92163],[7.4666,46.91948],[7.45858,46.91353],[7.46175,46.91],[7.45918,46.90885],[7.45091,46.91159],[7.44998,46.90913],[7.45321,46.90797],[7.44858,46.90565],[7.45083,46.90496],[7.45162,46.89838],[7.44751,46.89355],[7.43356,46.88915],[7.43038,46.88507],[7.43248,46.88303],[7.4381,46.88506],[7.43633,46.88231],[7.43763,46.87809],[7.43493,46.87815],[7.4351,46.87539],[7.43211,46.87371],[7.41995,46.87649],[7.41649,46.87991],[7.41372,46.87888],[7.40264,46.8835],[7.38758,46.88266],[7.38836,46.87805],[7.3905,46.87727],[7.38334,46.87413],[7.38754,46.86746],[7.38273,46.86481],[7.38484,46.86192],[7.38137,46.86015],[7.37443,46.8627],[7.37067,46.86184],[7.36662,46.86478],[7.35925,46.86311],[7.35839,46.86879],[7.35386,46.87129],[7.35253,46.87555],[7.35507,46.88699],[7.35302,46.89123],[7.34954,46.89731],[7.33798,46.90388],[7.33647,46.91188],[7.33172,46.91506],[7.33123,46.91923]]]}},{"type":"Feature","properties":{"name":"Konolfingen","cantonId":"bern","municipalityId":"konolfingen-612"},"geometry":{"type":"Polygon","coordinates":[[[7.62969,46.87318],[7.62313,46.87163],[7.62534,46.86699],[7.62098,46.86467],[7.60935,46.86392],[7.60436,46.86619],[7.60713,46.86751],[7.59914,46.87404],[7.59967,46.87609],[7.58106,46.88362],[7.58171,46.88617],[7.57733,46.88799],[7.57684,46.89088],[7.58502,46.897],[7.58317,46.90129],[7.586,46.90048],[7.5864,46.9026],[7.58886,46.90098],[7.58683,46.90402],[7.59595,46.90965],[7.596,46.90772],[7.60227,46.90731],[7.60362,46.90512],[7.60217,46.90321],[7.60975,46.89791],[7.61366,46.8983],[7.61758,46.8939],[7.62731,46.89721],[7.63371,46.89559],[7.63359,46.89829],[7.63926,46.89709],[7.63844,46.89288],[7.64345,46.89085],[7.64186,46.8882],[7.62976,46.88368],[7.62494,46.87934],[7.62898,46.87357],[7.62969,46.87318]]]}},{"type":"Feature","properties":{"name":"Koppigen","cantonId":"bern","municipalityId":"koppigen-413"},"geometry":{"type":"Polygon","coordinates":[[[7.62447,47.13344],[7.619,47.1278],[7.6217,47.12641],[7.6192,47.12382],[7.61303,47.12309],[7.60842,47.12508],[7.59807,47.12208],[7.58917,47.12319],[7.587,47.12943],[7.58387,47.12952],[7.58955,47.14297],[7.58579,47.14755],[7.59245,47.15268],[7.60486,47.15267],[7.60729,47.14552],[7.60534,47.14468],[7.60791,47.14351],[7.60516,47.14203],[7.61132,47.14026],[7.60892,47.13716],[7.61798,47.13748],[7.61662,47.14171],[7.6232,47.14204],[7.62613,47.14027],[7.62477,47.13413],[7.62447,47.13344]]]}},{"type":"Feature","properties":{"name":"Krattigen","cantonId":"bern","municipalityId":"krattigen-566"},"geometry":{"type":"Polygon","coordinates":[[[7.7651,46.63192],[7.7523,46.63434],[7.74697,46.63738],[7.74671,46.64003],[7.74234,46.64054],[7.72851,46.64981],[7.71507,46.65538],[7.71701,46.65816],[7.71547,46.66061],[7.72477,46.66207],[7.72536,46.66603],[7.74389,46.66151],[7.75088,46.6487],[7.75536,46.6482],[7.76369,46.63912],[7.76488,46.63236],[7.7651,46.63192]]]}},{"type":"Feature","properties":{"name":"Krauchthal","cantonId":"bern","municipalityId":"krauchthal-414"},"geometry":{"type":"Polygon","coordinates":[[[7.53596,47.00309],[7.53954,47.0047],[7.54281,47.01006],[7.54267,47.01822],[7.54014,47.02284],[7.54268,47.02476],[7.539,47.02728],[7.54278,47.03193],[7.54893,47.03307],[7.55026,47.03559],[7.55638,47.03365],[7.55697,47.03559],[7.56294,47.03528],[7.57008,47.04108],[7.57164,47.03645],[7.5702,47.03483],[7.57942,47.03428],[7.57696,47.03136],[7.58556,47.02337],[7.58175,47.02139],[7.5813,47.01852],[7.59922,47.01723],[7.59549,47.0112],[7.59861,47.01054],[7.59914,47.00638],[7.5858,47.00039],[7.5813,46.99528],[7.56596,46.98618],[7.55778,46.98772],[7.55856,46.99377],[7.55107,46.99565],[7.55171,46.99194],[7.54616,46.98156],[7.53109,46.97697],[7.52931,46.97715],[7.53259,46.98168],[7.53187,46.98985],[7.53804,46.99792],[7.53051,46.99893],[7.53667,47.00054],[7.53658,47.0029],[7.53596,47.00309]]]}},{"type":"Feature","properties":{"name":"Kriechenwil","cantonId":"bern","municipalityId":"kriechenwil-666"},"geometry":{"type":"Polygon","coordinates":[[[7.2111,46.92697],[7.21652,46.92766],[7.21823,46.92211],[7.22334,46.9193],[7.22189,46.91594],[7.2271,46.9159],[7.22688,46.91411],[7.23297,46.91599],[7.23456,46.91308],[7.23145,46.90478],[7.22352,46.90277],[7.21755,46.89735],[7.20881,46.90261],[7.19996,46.90246],[7.19532,46.89901],[7.18771,46.90036],[7.20781,46.90913],[7.20507,46.92169],[7.21109,46.92691],[7.2111,46.92697]]]}},{"type":"Feature","properties":{"name":"La Ferrière","cantonId":"bern","municipalityId":"la-ferriere-435"},"geometry":{"type":"Polygon","coordinates":[[[6.91595,47.16337],[6.92469,47.14652],[6.93404,47.13572],[6.92774,47.13031],[6.91159,47.12252],[6.90139,47.12075],[6.88634,47.12384],[6.88881,47.13114],[6.8615,47.16564],[6.87198,47.17413],[6.87689,47.16087],[6.87989,47.15847],[6.87964,47.15428],[6.88374,47.15041],[6.90611,47.15716],[6.91438,47.16287],[6.91595,47.16337]]]}},{"type":"Feature","properties":{"name":"La Neuveville","cantonId":"bern","municipalityId":"la-neuveville-723"},"geometry":{"type":"Polygon","coordinates":[[[7.13411,47.08299],[7.11456,47.07429],[7.10857,47.06598],[7.08978,47.05984],[7.08177,47.0646],[7.08316,47.06636],[7.08034,47.06717],[7.08053,47.07321],[7.07701,47.07596],[7.08706,47.08155],[7.10803,47.088],[7.11521,47.08211],[7.1267,47.08832],[7.13409,47.08309],[7.13411,47.08299]]]}},{"type":"Feature","properties":{"name":"Landiswil","cantonId":"bern","municipalityId":"landiswil-613"},"geometry":{"type":"Polygon","coordinates":[[[7.6442,46.95309],[7.65307,46.96015],[7.66051,46.96081],[7.68025,46.97256],[7.68501,46.97255],[7.68868,46.96807],[7.69518,46.96738],[7.70056,46.96969],[7.70215,46.96744],[7.70152,46.95539],[7.70551,46.94811],[7.70003,46.93935],[7.68959,46.93931],[7.68812,46.943],[7.6777,46.94356],[7.66905,46.94794],[7.65839,46.94567],[7.64866,46.94747],[7.64871,46.9498],[7.64544,46.94862],[7.64401,46.95018],[7.6444,46.95279],[7.6442,46.95309]]]}},{"type":"Feature","properties":{"name":"Langenthal","cantonId":"bern","municipalityId":"langenthal-329"},"geometry":{"type":"Polygon","coordinates":[[[7.85627,47.20071],[7.84403,47.19372],[7.83112,47.1966],[7.82418,47.19419],[7.82007,47.18862],[7.81877,47.19066],[7.81146,47.19006],[7.81172,47.19714],[7.80585,47.20072],[7.78308,47.20102],[7.78398,47.19808],[7.78068,47.19994],[7.77923,47.19772],[7.77392,47.2009],[7.76563,47.19868],[7.76266,47.20069],[7.76756,47.20321],[7.76682,47.21235],[7.76179,47.21995],[7.77724,47.22643],[7.79081,47.23742],[7.792,47.2351],[7.79836,47.23413],[7.79951,47.23161],[7.80619,47.23405],[7.81831,47.22819],[7.81896,47.226],[7.82203,47.22652],[7.8229,47.22025],[7.8269,47.21944],[7.82936,47.216],[7.83649,47.21731],[7.83706,47.22238],[7.83989,47.22288],[7.84692,47.21723],[7.84915,47.20979],[7.85629,47.20083],[7.85627,47.20071]]]}},{"type":"Feature","properties":{"name":"Langnau im Emmental","cantonId":"bern","municipalityId":"langnau-im-emmental-902"},"geometry":{"type":"Polygon","coordinates":[[[7.75076,46.95062],[7.75691,46.94808],[7.77737,46.96],[7.78632,46.97391],[7.79584,46.98236],[7.79813,46.99427],[7.80414,46.99797],[7.81537,47.0012],[7.81927,46.9997],[7.82362,47.00257],[7.87019,46.99714],[7.8678,46.98754],[7.86116,46.98884],[7.85115,46.98444],[7.8462,46.98509],[7.84724,46.98271],[7.84101,46.97464],[7.83811,46.94999],[7.84132,46.94859],[7.84232,46.94503],[7.84805,46.94261],[7.84748,46.94081],[7.85101,46.93762],[7.84489,46.93517],[7.84135,46.92978],[7.82848,46.92789],[7.8256,46.92323],[7.81942,46.92403],[7.81903,46.91527],[7.81067,46.91171],[7.8056,46.90678],[7.8013,46.9082],[7.80156,46.91081],[7.79493,46.91356],[7.79008,46.91873],[7.78825,46.91596],[7.78551,46.91745],[7.78084,46.91443],[7.77718,46.9147],[7.77299,46.92086],[7.76841,46.91807],[7.7623,46.93211],[7.75257,46.93337],[7.75938,46.93797],[7.76402,46.93781],[7.76454,46.94002],[7.75801,46.9427],[7.751,46.95033],[7.75076,46.95062]]]}},{"type":"Feature","properties":{"name":"Lauenen","cantonId":"bern","municipalityId":"lauenen-842"},"geometry":{"type":"Polygon","coordinates":[[[7.37515,46.42825],[7.37879,46.41972],[7.38468,46.4174],[7.38227,46.41021],[7.38317,46.40618],[7.37479,46.39863],[7.37942,46.39129],[7.38822,46.39065],[7.39157,46.387],[7.37365,46.38221],[7.37428,46.37619],[7.37806,46.37353],[7.38229,46.36519],[7.36263,46.35666],[7.35492,46.35074],[7.32391,46.34428],[7.31522,46.34385],[7.30783,46.35209],[7.30999,46.35567],[7.30822,46.35877],[7.31254,46.36321],[7.31281,46.3704],[7.30979,46.3831],[7.30372,46.38766],[7.30808,46.40032],[7.29823,46.40624],[7.30087,46.42047],[7.29998,46.4251],[7.29327,46.43374],[7.29298,46.44002],[7.29777,46.44039],[7.29882,46.44511],[7.30333,46.45017],[7.31371,46.45122],[7.32566,46.44706],[7.33077,46.44735],[7.33357,46.44334],[7.34172,46.43875],[7.35447,46.44017],[7.36687,46.42955],[7.3747,46.42819],[7.37515,46.42825]]]}},{"type":"Feature","properties":{"name":"Laupen","cantonId":"bern","municipalityId":"laupen-667"},"geometry":{"type":"Polygon","coordinates":[[[7.23033,46.90394],[7.23339,46.90706],[7.23456,46.91308],[7.23381,46.92024],[7.2312,46.9213],[7.23351,46.92402],[7.23178,46.92591],[7.234,46.92587],[7.23457,46.93306],[7.24115,46.93116],[7.23882,46.92411],[7.24327,46.91549],[7.25122,46.9138],[7.25074,46.91197],[7.25744,46.90895],[7.25682,46.89828],[7.24434,46.90037],[7.24315,46.89792],[7.23633,46.8981],[7.22914,46.9023],[7.23049,46.9035],[7.23033,46.90394]]]}},{"type":"Feature","properties":{"name":"Lauperswil","cantonId":"bern","municipalityId":"lauperswil-903"},"geometry":{"type":"Polygon","coordinates":[[[7.75076,46.95062],[7.74428,46.93768],[7.73818,46.93227],[7.73074,46.93829],[7.71787,46.93606],[7.7113,46.93728],[7.69758,46.93235],[7.69786,46.93969],[7.70029,46.93952],[7.70551,46.94811],[7.70209,46.95702],[7.71492,46.95583],[7.72916,46.969],[7.72984,46.97475],[7.73185,46.97276],[7.74006,46.97516],[7.75629,46.97409],[7.76539,46.97615],[7.77605,46.98167],[7.77219,46.98573],[7.77766,46.99083],[7.77745,46.99306],[7.79769,46.99463],[7.79584,46.98236],[7.78632,46.97391],[7.77737,46.96],[7.75691,46.94808],[7.75108,46.95056],[7.75076,46.95062]]]}},{"type":"Feature","properties":{"name":"Lauterbrunnen","cantonId":"bern","municipalityId":"lauterbrunnen-584"},"geometry":{"type":"Polygon","coordinates":[[[7.84349,46.47786],[7.83457,46.4803],[7.83151,46.48224],[7.82986,46.48754],[7.81927,46.48898],[7.80996,46.49623],[7.81651,46.4977],[7.82727,46.51161],[7.82007,46.51876],[7.82009,46.52515],[7.81366,46.52984],[7.81053,46.53474],[7.81083,46.53892],[7.80631,46.54271],[7.81336,46.54699],[7.81413,46.55139],[7.82367,46.55901],[7.8185,46.56169],[7.82546,46.56723],[7.82655,46.57661],[7.82382,46.58207],[7.82554,46.58515],[7.82146,46.59113],[7.81698,46.59298],[7.8178,46.59661],[7.83707,46.59955],[7.84103,46.60282],[7.84355,46.61197],[7.85255,46.62214],[7.85736,46.62146],[7.86896,46.62655],[7.87478,46.62537],[7.89306,46.62779],[7.8899,46.62903],[7.89348,46.62939],[7.89986,46.62773],[7.90046,46.62522],[7.89566,46.61237],[7.90249,46.61555],[7.90995,46.61573],[7.91373,46.6212],[7.91863,46.6221],[7.92113,46.61938],[7.93662,46.61831],[7.94146,46.61237],[7.94175,46.60766],[7.94898,46.60176],[7.94674,46.59504],[7.94796,46.59251],[7.96113,46.58891],[7.96078,46.58559],[7.9712,46.57561],[7.9904,46.57878],[8.00525,46.57756],[8.00432,46.57531],[8.00706,46.56995],[7.98774,46.54898],[7.9698,46.54488],[7.96277,46.53913],[7.96337,46.53526],[7.97306,46.52377],[7.96759,46.51279],[7.95349,46.50797],[7.94177,46.50771],[7.93452,46.50328],[7.93264,46.49822],[7.92346,46.49507],[7.92363,46.49189],[7.91679,46.49155],[7.91197,46.48692],[7.90584,46.4871],[7.89766,46.48243],[7.89084,46.48333],[7.88706,46.48086],[7.86992,46.47783],[7.84428,46.47811],[7.84349,46.47786]]]}},{"type":"Feature","properties":{"name":"Leissigen","cantonId":"bern","municipalityId":"leissigen-585"},"geometry":{"type":"Polygon","coordinates":[[[7.7651,46.63192],[7.76369,46.63912],[7.75536,46.6482],[7.75088,46.6487],[7.74574,46.65973],[7.76052,46.65435],[7.78725,46.65776],[7.7925,46.66031],[7.79382,46.65872],[7.79506,46.65613],[7.79152,46.64937],[7.79321,46.64535],[7.79897,46.63989],[7.80921,46.63576],[7.80366,46.62979],[7.79357,46.62219],[7.7799,46.62399],[7.77443,46.63003],[7.76546,46.63198],[7.7651,46.63192]]]}},{"type":"Feature","properties":{"name":"Lengnau (BE)","cantonId":"bern","municipalityId":"lengnau-be-387"},"geometry":{"type":"Polygon","coordinates":[[[7.37733,47.16158],[7.37391,47.16489],[7.36579,47.16627],[7.36543,47.1709],[7.35804,47.17134],[7.3561,47.17462],[7.36041,47.17674],[7.35683,47.1833],[7.35284,47.18788],[7.34203,47.19149],[7.33943,47.19476],[7.33822,47.2035],[7.34484,47.20722],[7.34684,47.20722],[7.35449,47.19154],[7.36548,47.19446],[7.36772,47.19103],[7.37933,47.18573],[7.38353,47.1803],[7.39192,47.16628],[7.38468,47.16611],[7.38219,47.16512],[7.38254,47.16147],[7.3796,47.16177],[7.37733,47.16158]]]}},{"type":"Feature","properties":{"name":"Lenk","cantonId":"bern","municipalityId":"lenk-792"},"geometry":{"type":"Polygon","coordinates":[[[7.37515,46.42825],[7.38111,46.43245],[7.38772,46.44907],[7.39406,46.45079],[7.40563,46.4628],[7.41523,46.46303],[7.41278,46.4667],[7.41726,46.46582],[7.41841,46.47421],[7.41495,46.47341],[7.41435,46.4767],[7.40857,46.48084],[7.42999,46.48577],[7.43507,46.49004],[7.44111,46.49155],[7.44098,46.49414],[7.45494,46.49112],[7.46134,46.49325],[7.46548,46.48923],[7.48941,46.49705],[7.48865,46.49369],[7.49159,46.48714],[7.48886,46.47769],[7.49527,46.46457],[7.4919,46.45861],[7.49999,46.44896],[7.49545,46.44484],[7.49822,46.44162],[7.50468,46.44213],[7.53679,46.42801],[7.55241,46.41684],[7.55483,46.41365],[7.55159,46.4121],[7.53389,46.40969],[7.5286,46.40029],[7.54699,46.39401],[7.55526,46.38898],[7.54074,46.38375],[7.53797,46.37722],[7.52695,46.37462],[7.5074,46.37591],[7.50245,46.37045],[7.49905,46.36985],[7.49472,46.37198],[7.48588,46.37142],[7.48461,46.37915],[7.4794,46.38527],[7.47329,46.38363],[7.46973,46.37812],[7.46213,46.37642],[7.45902,46.37818],[7.45911,46.381],[7.45433,46.38321],[7.4424,46.38327],[7.43863,46.38615],[7.42741,46.38058],[7.41685,46.38017],[7.40099,46.3742],[7.39939,46.37646],[7.38229,46.36519],[7.37806,46.37353],[7.37428,46.37619],[7.37365,46.38221],[7.39157,46.387],[7.38822,46.39065],[7.37942,46.39129],[7.37479,46.39863],[7.38317,46.40618],[7.38227,46.41021],[7.38468,46.4174],[7.37879,46.41972],[7.37747,46.42558],[7.3748,46.42783],[7.37515,46.42825]]]}},{"type":"Feature","properties":{"name":"Leuzigen","cantonId":"bern","municipalityId":"leuzigen-388"},"geometry":{"type":"Polygon","coordinates":[[[7.44183,47.17923],[7.44958,47.18289],[7.44883,47.18939],[7.47574,47.19065],[7.47659,47.18809],[7.47262,47.18555],[7.47521,47.18302],[7.47087,47.18133],[7.47493,47.18016],[7.47683,47.1766],[7.47853,47.17753],[7.48057,47.17168],[7.48642,47.1736],[7.49569,47.17147],[7.49705,47.17009],[7.4902,47.16577],[7.4927,47.16327],[7.47282,47.15256],[7.46764,47.15128],[7.45994,47.15335],[7.45464,47.15633],[7.44333,47.17523],[7.44429,47.17724],[7.44118,47.1769],[7.44126,47.17867],[7.44183,47.17923]]]}},{"type":"Feature","properties":{"name":"Ligerz","cantonId":"bern","municipalityId":"ligerz-740"},"geometry":{"type":"Polygon","coordinates":[[[7.15377,47.09168],[7.13411,47.08299],[7.1267,47.08832],[7.14231,47.09764],[7.13788,47.10136],[7.13815,47.10741],[7.14009,47.1077],[7.14076,47.10167],[7.15358,47.0918],[7.15377,47.09168]]]}},{"type":"Feature","properties":{"name":"Linden","cantonId":"bern","municipalityId":"linden-614"},"geometry":{"type":"Polygon","coordinates":[[[7.68883,46.8616],[7.71333,46.86548],[7.71785,46.8603],[7.71786,46.85362],[7.72206,46.84612],[7.70965,46.8446],[7.70986,46.83661],[7.68056,46.83166],[7.67816,46.83299],[7.6746,46.8274],[7.67205,46.82937],[7.67518,46.83235],[7.6749,46.83634],[7.67142,46.83485],[7.67131,46.83757],[7.66099,46.84422],[7.64765,46.84267],[7.64876,46.84716],[7.64674,46.84732],[7.64513,46.85295],[7.6412,46.85379],[7.64424,46.85627],[7.65538,46.85466],[7.66761,46.85901],[7.67101,46.85759],[7.67075,46.85518],[7.68031,46.8556],[7.68191,46.85762],[7.68558,46.85713],[7.6857,46.8605],[7.6882,46.86147],[7.68883,46.8616]]]}},{"type":"Feature","properties":{"name":"Lotzwil","cantonId":"bern","municipalityId":"lotzwil-331"},"geometry":{"type":"Polygon","coordinates":[[[7.77273,47.18503],[7.76219,47.19005],[7.76736,47.19445],[7.77369,47.19426],[7.78398,47.19808],[7.78308,47.20102],[7.80965,47.19967],[7.81282,47.1938],[7.81146,47.19006],[7.81877,47.19066],[7.82007,47.18862],[7.81132,47.18308],[7.79802,47.18725],[7.79739,47.18526],[7.79408,47.18562],[7.79367,47.17708],[7.7899,47.17696],[7.78682,47.17294],[7.78634,47.17669],[7.78338,47.17719],[7.78222,47.18377],[7.7729,47.18491],[7.77273,47.18503]]]}},{"type":"Feature","properties":{"name":"Loveresse","cantonId":"bern","municipalityId":"loveresse-696"},"geometry":{"type":"Polygon","coordinates":[[[7.24994,47.21601],[7.24565,47.2175],[7.23578,47.23715],[7.22766,47.23884],[7.23035,47.24224],[7.22872,47.24556],[7.23058,47.24657],[7.23061,47.25471],[7.23998,47.25921],[7.24668,47.26019],[7.24733,47.25769],[7.24843,47.24434],[7.2462,47.24197],[7.24936,47.23898],[7.24752,47.23333],[7.25161,47.22047],[7.25016,47.2161],[7.24994,47.21601]]]}},{"type":"Feature","properties":{"name":"Lüscherz","cantonId":"bern","municipalityId":"luescherz-497"},"geometry":{"type":"Polygon","coordinates":[[[7.18358,47.0442],[7.17962,47.04115],[7.18073,47.03676],[7.17424,47.03282],[7.17105,47.03526],[7.17496,47.03754],[7.17349,47.03902],[7.16466,47.04224],[7.15257,47.03269],[7.1381,47.02887],[7.13289,47.03142],[7.13929,47.03194],[7.13661,47.03582],[7.14649,47.03873],[7.14453,47.04424],[7.14138,47.04176],[7.14024,47.04416],[7.15069,47.04857],[7.15469,47.04739],[7.1632,47.04992],[7.17341,47.0572],[7.17505,47.06058],[7.17901,47.05809],[7.17912,47.05476],[7.18286,47.05443],[7.1806,47.05191],[7.18441,47.0505],[7.18647,47.04698],[7.18484,47.04514],[7.18358,47.0442]]]}},{"type":"Feature","properties":{"name":"Lütschental","cantonId":"bern","municipalityId":"luetschental-586"},"geometry":{"type":"Polygon","coordinates":[[[7.9768,46.67325],[7.97837,46.66996],[7.9612,46.65776],[7.98005,46.65381],[7.97195,46.6379],[7.96949,46.63549],[7.95431,46.63686],[7.95771,46.62134],[7.94732,46.62193],[7.93618,46.61819],[7.93297,46.62075],[7.93318,46.62601],[7.92559,46.64091],[7.92633,46.6431],[7.93203,46.64626],[7.93586,46.64523],[7.9423,46.65542],[7.95541,46.66611],[7.97538,46.67307],[7.9768,46.67325]]]}},{"type":"Feature","properties":{"name":"Lützelflüh","cantonId":"bern","municipalityId":"luetzelflueh-955"},"geometry":{"type":"MultiPolygon","coordinates":[[[[7.76413,46.9955],[7.75473,46.99125],[7.75246,46.98902],[7.75535,46.98767],[7.74968,46.98451],[7.74505,46.98687],[7.74128,46.98527],[7.74129,46.98788],[7.73547,46.99039],[7.72758,46.99008],[7.72275,46.99708],[7.71325,46.99587],[7.69327,46.9979],[7.69185,46.99613],[7.69534,46.99393],[7.68622,46.9923],[7.68396,46.98982],[7.6809,46.99144],[7.68208,46.99535],[7.67892,47.00335],[7.68225,47.00438],[7.66306,47.01379],[7.66542,47.0168],[7.67154,47.01705],[7.6731,47.02116],[7.68208,47.02019],[7.68221,47.02235],[7.68792,47.02056],[7.699,47.02292],[7.70571,47.02795],[7.7057,47.03435],[7.71053,47.03888],[7.70774,47.0415],[7.71016,47.0448],[7.71823,47.04621],[7.72122,47.04113],[7.71575,47.04036],[7.71664,47.03883],[7.72272,47.03616],[7.7277,47.038],[7.73005,47.03548],[7.72404,47.03071],[7.72612,47.02627],[7.72259,47.02115],[7.72346,47.01512],[7.73015,47.02048],[7.73653,47.02086],[7.7352,47.01811],[7.74241,47.01181],[7.74089,47.0106],[7.74391,47.00415],[7.7481,47.00533],[7.74652,47.00373],[7.75314,47.00066],[7.7558,47.0024],[7.76418,46.99562],[7.76413,46.9955]]],[[[7.68546,46.98219],[7.68714,46.97988],[7.69072,46.9798],[7.68675,46.97362],[7.68321,46.97137],[7.68025,46.97256],[7.6581,46.96009],[7.65635,46.96217],[7.66048,46.9655],[7.65745,46.9693],[7.66153,46.97364],[7.66094,46.97764],[7.65717,46.97907],[7.65883,46.98308],[7.66551,46.98462],[7.66309,46.98066],[7.66561,46.97939],[7.67167,46.98211],[7.67691,46.98161],[7.67578,46.98013],[7.67824,46.97881],[7.68516,46.98215],[7.68546,46.98219]]],[[[7.60771,46.99775],[7.60363,46.99548],[7.61158,46.99278],[7.6083,46.98944],[7.5934,46.98827],[7.59347,46.9901],[7.58757,46.99175],[7.58771,46.99466],[7.58315,46.99837],[7.60005,47.00703],[7.60158,47.00157],[7.60735,46.99769],[7.60771,46.99775]]]]}},{"type":"Feature","properties":{"name":"Lyss","cantonId":"bern","municipalityId":"lyss-306"},"geometry":{"type":"Polygon","coordinates":[[[7.34797,47.09389],[7.35127,47.08845],[7.34662,47.0888],[7.34515,47.08537],[7.33975,47.08199],[7.34062,47.08044],[7.33421,47.0792],[7.32759,47.06179],[7.31308,47.05941],[7.30871,47.05486],[7.30491,47.05453],[7.30236,47.05621],[7.30292,47.05816],[7.29771,47.06043],[7.29328,47.05825],[7.2946,47.06022],[7.29023,47.06139],[7.28914,47.06602],[7.29338,47.07159],[7.29362,47.08051],[7.31053,47.0966],[7.31552,47.1102],[7.32405,47.10739],[7.33006,47.10896],[7.33357,47.10377],[7.33255,47.0969],[7.33839,47.09337],[7.34788,47.09385],[7.34797,47.09389]]]}},{"type":"Feature","properties":{"name":"Lyssach","cantonId":"bern","municipalityId":"lyssach-415"},"geometry":{"type":"Polygon","coordinates":[[[7.58483,47.08169],[7.59516,47.07319],[7.60281,47.07046],[7.59978,47.06949],[7.59046,47.05645],[7.58376,47.05581],[7.58236,47.0594],[7.57731,47.06118],[7.57365,47.05621],[7.56952,47.05682],[7.57116,47.05518],[7.56173,47.05435],[7.55273,47.05703],[7.56549,47.06863],[7.56946,47.07619],[7.58457,47.08153],[7.58483,47.08169]]]}},{"type":"Feature","properties":{"name":"Madiswil","cantonId":"bern","municipalityId":"madiswil-332"},"geometry":{"type":"Polygon","coordinates":[[[7.82861,47.17992],[7.83407,47.17633],[7.83204,47.16607],[7.8334,47.16446],[7.83126,47.16241],[7.83324,47.15911],[7.83932,47.15624],[7.83662,47.15486],[7.84303,47.15402],[7.84609,47.14849],[7.83896,47.14695],[7.83368,47.14148],[7.82172,47.14116],[7.81397,47.14462],[7.8109,47.14233],[7.80492,47.14473],[7.79971,47.13977],[7.80166,47.13872],[7.79452,47.13648],[7.79509,47.13465],[7.7892,47.12956],[7.78124,47.13332],[7.78586,47.1459],[7.78416,47.14811],[7.77227,47.14829],[7.76309,47.14182],[7.76194,47.13727],[7.7522,47.13387],[7.74619,47.13884],[7.75613,47.15563],[7.76795,47.15832],[7.77259,47.16361],[7.77981,47.16619],[7.77993,47.17048],[7.78735,47.17226],[7.78906,47.17644],[7.79367,47.17708],[7.79408,47.18562],[7.79739,47.18526],[7.79802,47.18725],[7.81596,47.18216],[7.82019,47.17852],[7.82823,47.17978],[7.82861,47.17992]]]}},{"type":"Feature","properties":{"name":"Matten bei Interlaken","cantonId":"bern","municipalityId":"matten-bei-interlaken-587"},"geometry":{"type":"MultiPolygon","coordinates":[[[[7.83475,46.66746],[7.86227,46.68431],[7.86831,46.68458],[7.87033,46.68226],[7.88877,46.68341],[7.88419,46.67382],[7.87977,46.67105],[7.86824,46.67457],[7.86747,46.6722],[7.85718,46.67136],[7.84417,46.6661],[7.83503,46.66707],[7.83475,46.66746]]],[[[7.87328,46.66664],[7.88725,46.67345],[7.90088,46.67445],[7.90529,46.67164],[7.90272,46.66474],[7.89629,46.66536],[7.88954,46.66272],[7.88755,46.65927],[7.88336,46.66353],[7.87372,46.6665],[7.87328,46.66664]]]]}},{"type":"Feature","properties":{"name":"Mattstetten","cantonId":"bern","municipalityId":"mattstetten-543"},"geometry":{"type":"Polygon","coordinates":[[[7.53596,47.00309],[7.52686,47.00225],[7.51885,47.01487],[7.51342,47.01785],[7.50934,47.02411],[7.51147,47.02975],[7.50479,47.02984],[7.50946,47.0393],[7.51404,47.03664],[7.51554,47.03842],[7.51831,47.03698],[7.52314,47.03832],[7.52577,47.0352],[7.52485,47.0333],[7.52839,47.0333],[7.52768,47.03145],[7.53082,47.02817],[7.51615,47.01934],[7.52296,47.01286],[7.53337,47.01351],[7.53389,47.00967],[7.53171,47.00772],[7.53626,47.00327],[7.53596,47.00309]]]}},{"type":"Feature","properties":{"name":"Meienried","cantonId":"bern","municipalityId":"meienried-389"},"geometry":{"type":"Polygon","coordinates":[[[7.34313,47.13096],[7.33974,47.13468],[7.33992,47.13793],[7.33402,47.13941],[7.33396,47.14238],[7.34543,47.13953],[7.34844,47.13624],[7.34389,47.13144],[7.34313,47.13096]]]}},{"type":"Feature","properties":{"name":"Meikirch","cantonId":"bern","municipalityId":"meikirch-307"},"geometry":{"type":"Polygon","coordinates":[[[7.31314,47.00275],[7.31274,47.00628],[7.32895,47.00878],[7.33497,47.01238],[7.33388,47.01425],[7.34091,47.01687],[7.3477,47.01276],[7.37664,47.02124],[7.38792,47.02237],[7.39311,47.01797],[7.38966,47.01257],[7.39246,47.01201],[7.39521,47.00676],[7.38862,47.00031],[7.40468,46.99491],[7.40311,46.99197],[7.40698,46.99141],[7.40668,46.98925],[7.41207,46.98584],[7.41009,46.98487],[7.39943,46.98724],[7.39327,46.99307],[7.39106,46.9924],[7.39067,46.99586],[7.38506,46.99618],[7.38582,46.99804],[7.3768,47.0032],[7.37535,47.00149],[7.3685,47.00375],[7.35442,46.99754],[7.34357,47.00454],[7.31367,47.00274],[7.31314,47.00275]]]}},{"type":"Feature","properties":{"name":"Meinisberg","cantonId":"bern","municipalityId":"meinisberg-390"},"geometry":{"type":"Polygon","coordinates":[[[7.37733,47.16158],[7.37851,47.15915],[7.37173,47.15561],[7.35567,47.15924],[7.35092,47.15756],[7.3568,47.15345],[7.35624,47.15199],[7.34175,47.15188],[7.32758,47.1646],[7.33647,47.16534],[7.33857,47.16745],[7.35813,47.16804],[7.35608,47.16896],[7.35839,47.1692],[7.35804,47.17134],[7.36465,47.17117],[7.36579,47.16627],[7.37697,47.16234],[7.37733,47.16158]]]}},{"type":"Feature","properties":{"name":"Meiringen","cantonId":"bern","municipalityId":"meiringen-785"},"geometry":{"type":"Polygon","coordinates":[[[8.07431,46.69287],[8.08695,46.69882],[8.10365,46.70304],[8.11405,46.71315],[8.11338,46.7187],[8.11837,46.72257],[8.11814,46.72629],[8.11449,46.7279],[8.10477,46.7266],[8.10448,46.72316],[8.08807,46.724],[8.09008,46.72772],[8.08808,46.73157],[8.09193,46.73765],[8.08971,46.73862],[8.09243,46.74582],[8.10315,46.74808],[8.12625,46.74546],[8.12389,46.74975],[8.12183,46.77037],[8.14613,46.75545],[8.14399,46.75588],[8.14329,46.7535],[8.15345,46.75196],[8.15732,46.74678],[8.16528,46.74541],[8.17359,46.73985],[8.18469,46.73847],[8.19397,46.72975],[8.21547,46.72499],[8.22201,46.71789],[8.21998,46.7184],[8.22001,46.71666],[8.21249,46.72008],[8.21289,46.7185],[8.20745,46.72075],[8.1806,46.72323],[8.18188,46.7178],[8.16519,46.72266],[8.15051,46.72211],[8.14101,46.71075],[8.14083,46.70378],[8.11609,46.69599],[8.13863,46.68568],[8.13945,46.68287],[8.14707,46.68112],[8.14487,46.67529],[8.14961,46.67398],[8.15121,46.66586],[8.14205,46.65565],[8.13899,46.65489],[8.13254,46.65673],[8.12973,46.66058],[8.13273,46.6642],[8.12976,46.66671],[8.13145,46.66977],[8.12657,46.67722],[8.11627,46.68372],[8.09456,46.68428],[8.07562,46.69224],[8.07431,46.69287]]]}},{"type":"Feature","properties":{"name":"Melchnau","cantonId":"bern","municipalityId":"melchnau-333"},"geometry":{"type":"Polygon","coordinates":[[[7.82861,47.17992],[7.83877,47.18411],[7.83899,47.18678],[7.84748,47.18791],[7.84094,47.18984],[7.84198,47.19197],[7.84515,47.19191],[7.84403,47.19372],[7.85668,47.20072],[7.8601,47.19832],[7.85997,47.19237],[7.87588,47.18322],[7.88329,47.17319],[7.87699,47.1658],[7.86246,47.16438],[7.86408,47.16055],[7.8575,47.15478],[7.8525,47.1537],[7.8487,47.15656],[7.85086,47.15714],[7.85238,47.1672],[7.84545,47.16901],[7.83585,47.16743],[7.83248,47.17032],[7.83381,47.17697],[7.83222,47.17609],[7.83006,47.17943],[7.82861,47.17992]]]}},{"type":"Feature","properties":{"name":"Merzligen","cantonId":"bern","municipalityId":"merzligen-741"},"geometry":{"type":"Polygon","coordinates":[[[7.26209,47.07511],[7.26032,47.07566],[7.26255,47.07788],[7.25259,47.0823],[7.25133,47.08475],[7.24261,47.08693],[7.23593,47.09225],[7.24579,47.09646],[7.24543,47.0917],[7.25112,47.09626],[7.26215,47.08748],[7.26422,47.0892],[7.26389,47.08724],[7.26943,47.08392],[7.26586,47.08061],[7.26736,47.07877],[7.26503,47.07977],[7.26209,47.07511]]]}},{"type":"Feature","properties":{"name":"Mirchel","cantonId":"bern","municipalityId":"mirchel-615"},"geometry":{"type":"Polygon","coordinates":[[[7.64601,46.89987],[7.65811,46.89714],[7.65622,46.89185],[7.65889,46.88919],[7.66393,46.88933],[7.65824,46.88229],[7.65096,46.88327],[7.64133,46.8886],[7.64345,46.89085],[7.63844,46.89288],[7.63989,46.89633],[7.63745,46.89769],[7.64552,46.89987],[7.64601,46.89987]]]}},{"type":"Feature","properties":{"name":"Mörigen","cantonId":"bern","municipalityId":"moerigen-742"},"geometry":{"type":"Polygon","coordinates":[[[7.225,47.08112],[7.20887,47.07547],[7.20847,47.07786],[7.19923,47.08272],[7.2035,47.08728],[7.20275,47.09013],[7.2138,47.09361],[7.21815,47.08703],[7.22505,47.08232],[7.225,47.08112]]]}},{"type":"Feature","properties":{"name":"Mont-Tramelan","cantonId":"bern","municipalityId":"mont-tramelan-437"},"geometry":{"type":"MultiPolygon","coordinates":[[[[7.09897,47.21085],[7.09736,47.20746],[7.09307,47.20836],[7.08189,47.20346],[7.06345,47.20119],[7.06339,47.20301],[7.05649,47.2029],[7.05252,47.20046],[7.04956,47.2017],[7.04133,47.19935],[7.03495,47.20983],[7.0443,47.22186],[7.04963,47.21594],[7.04683,47.21353],[7.04857,47.21151],[7.05464,47.21277],[7.06053,47.20926],[7.06612,47.21115],[7.0712,47.20682],[7.08781,47.2114],[7.09834,47.21075],[7.09897,47.21085]]],[[[7.14812,47.23483],[7.13877,47.235],[7.14879,47.23766],[7.1492,47.24011],[7.15346,47.23696],[7.14792,47.2354],[7.14812,47.23483]]]]}},{"type":"Feature","properties":{"name":"Moosseedorf","cantonId":"bern","municipalityId":"moosseedorf-544"},"geometry":{"type":"Polygon","coordinates":[[[7.51021,46.99959],[7.50727,47.0],[7.50211,46.99638],[7.49793,47.00134],[7.49233,47.00294],[7.48815,46.99976],[7.47644,46.99806],[7.4742,47.00467],[7.4711,47.00508],[7.47054,47.00935],[7.47242,47.01098],[7.46616,47.01113],[7.46111,47.01392],[7.46233,47.01728],[7.46611,47.01708],[7.46698,47.02335],[7.4697,47.02587],[7.48644,47.01968],[7.49303,47.02108],[7.49409,47.01781],[7.5095,47.00582],[7.51001,46.99975],[7.51021,46.99959]]]}},{"type":"Feature","properties":{"name":"Mühleberg","cantonId":"bern","municipalityId":"muehleberg-668"},"geometry":{"type":"Polygon","coordinates":[[[7.27872,46.97475],[7.28543,46.97221],[7.28496,46.96614],[7.28903,46.96595],[7.29273,46.96991],[7.29621,46.96989],[7.30137,46.9646],[7.30628,46.96385],[7.30748,46.96103],[7.3053,46.95962],[7.3083,46.95264],[7.3048,46.95207],[7.30687,46.94037],[7.30434,46.93623],[7.30636,46.93123],[7.29827,46.92746],[7.29498,46.92287],[7.27794,46.92182],[7.26685,46.92409],[7.24978,46.91745],[7.2399,46.91905],[7.23914,46.92734],[7.24651,46.94065],[7.23445,46.95315],[7.25057,46.96769],[7.25248,46.9776],[7.26175,46.97939],[7.25787,46.97561],[7.26566,46.97019],[7.2775,46.97469],[7.27872,46.97475]]]}},{"type":"Feature","properties":{"name":"Münchenbuchsee","cantonId":"bern","municipalityId":"muenchenbuchsee-546"},"geometry":{"type":"Polygon","coordinates":[[[7.43961,47.00775],[7.43782,47.01077],[7.42745,47.01205],[7.41564,47.01742],[7.40403,47.01681],[7.40215,47.02265],[7.40894,47.02615],[7.40745,47.02965],[7.42103,47.03148],[7.42316,47.02904],[7.42839,47.03103],[7.43175,47.02976],[7.43853,47.03551],[7.44313,47.03425],[7.44249,47.03255],[7.46625,47.02779],[7.46425,47.02475],[7.4681,47.02284],[7.46723,47.01958],[7.46611,47.01708],[7.46233,47.01728],[7.46111,47.01392],[7.46616,47.01113],[7.47242,47.01098],[7.47054,47.00935],[7.4711,47.00508],[7.4742,47.00467],[7.47644,46.99806],[7.4716,46.99925],[7.47003,47.00193],[7.46107,47.00041],[7.44838,47.00292],[7.44445,47.00911],[7.44086,47.00727],[7.43961,47.00775]]]}},{"type":"Feature","properties":{"name":"Münchenwiler","cantonId":"bern","municipalityId":"muenchenwiler-669"},"geometry":{"type":"Polygon","coordinates":[[[7.11872,46.9024],[7.11916,46.90562],[7.11324,46.91056],[7.11486,46.91584],[7.12529,46.91897],[7.12668,46.91739],[7.13537,46.91851],[7.13549,46.91197],[7.13845,46.90754],[7.13272,46.90701],[7.12305,46.9002],[7.1197,46.90055],[7.11872,46.9024]]]}},{"type":"Feature","properties":{"name":"Münsingen","cantonId":"bern","municipalityId":"muensingen-616"},"geometry":{"type":"Polygon","coordinates":[[[7.54641,46.86683],[7.54031,46.87826],[7.54664,46.88426],[7.55434,46.88677],[7.55207,46.89002],[7.55483,46.89122],[7.55334,46.89447],[7.55845,46.89589],[7.56184,46.89399],[7.56629,46.89654],[7.56361,46.90415],[7.56534,46.90992],[7.57199,46.91068],[7.57344,46.91274],[7.57924,46.91027],[7.58496,46.91261],[7.59486,46.91152],[7.59595,46.90965],[7.58683,46.90402],[7.58886,46.90098],[7.5864,46.9026],[7.586,46.90048],[7.58317,46.90129],[7.58502,46.897],[7.57704,46.89112],[7.57733,46.88799],[7.58171,46.88617],[7.5812,46.88354],[7.59967,46.87609],[7.59914,46.87404],[7.60713,46.86751],[7.59229,46.86606],[7.58311,46.86079],[7.58198,46.8628],[7.56821,46.86234],[7.5613,46.86037],[7.56158,46.85846],[7.55501,46.85378],[7.5465,46.86668],[7.54641,46.86683]]]}},{"type":"Feature","properties":{"name":"Müntschemier","cantonId":"bern","municipalityId":"muentschemier-498"},"geometry":{"type":"Polygon","coordinates":[[[7.14657,46.9849],[7.13809,46.98352],[7.13654,46.98845],[7.13302,46.98853],[7.13199,46.99488],[7.12982,46.99525],[7.1275,47.00197],[7.13443,47.00173],[7.13364,47.00457],[7.13659,47.00493],[7.13593,47.00734],[7.13862,47.0058],[7.14745,47.00728],[7.16157,46.99373],[7.16535,46.99615],[7.17112,46.99137],[7.14893,46.98528],[7.14657,46.9849]]]}},{"type":"Feature","properties":{"name":"Muri bei Bern","cantonId":"bern","municipalityId":"muri-bei-bern-356"},"geometry":{"type":"Polygon","coordinates":[[[7.5129,46.94682],[7.51353,46.94397],[7.52078,46.94204],[7.52161,46.93595],[7.5248,46.93425],[7.52431,46.93116],[7.52197,46.93026],[7.52121,46.9251],[7.51645,46.92796],[7.50838,46.92403],[7.51104,46.92165],[7.50494,46.91934],[7.50398,46.91572],[7.48468,46.92552],[7.47354,46.92329],[7.46911,46.92924],[7.47536,46.93299],[7.47811,46.93625],[7.47667,46.93695],[7.49352,46.93766],[7.49556,46.93961],[7.49475,46.94215],[7.50368,46.94401],[7.51019,46.95085],[7.51276,46.95025],[7.51293,46.94708],[7.5129,46.94682]]]}},{"type":"Feature","properties":{"name":"Neuenegg","cantonId":"bern","municipalityId":"neuenegg-670"},"geometry":{"type":"Polygon","coordinates":[[[7.33123,46.91923],[7.33172,46.91506],[7.33744,46.90979],[7.33798,46.90388],[7.3497,46.89715],[7.35453,46.8859],[7.34843,46.88934],[7.32574,46.89373],[7.30935,46.89152],[7.28938,46.89377],[7.2802,46.8896],[7.25682,46.89828],[7.25744,46.90895],[7.25074,46.91197],[7.25122,46.9138],[7.24327,46.91549],[7.24111,46.91896],[7.25008,46.91747],[7.26685,46.92409],[7.27794,46.92182],[7.30856,46.92228],[7.32042,46.9252],[7.32648,46.9242],[7.32746,46.91903],[7.33123,46.91923]]]}},{"type":"Feature","properties":{"name":"Nidau","cantonId":"bern","municipalityId":"nidau-743"},"geometry":{"type":"Polygon","coordinates":[[[7.2526,47.1233],[7.25016,47.12401],[7.24625,47.1191],[7.23732,47.11726],[7.23292,47.12297],[7.22808,47.12371],[7.23508,47.12759],[7.23274,47.12914],[7.23442,47.13035],[7.24192,47.12798],[7.24624,47.13022],[7.25255,47.12604],[7.25274,47.12354],[7.2526,47.1233]]]}},{"type":"Feature","properties":{"name":"Niederbipp","cantonId":"bern","municipalityId":"niederbipp-981"},"geometry":{"type":"Polygon","coordinates":[[[7.74558,47.24918],[7.73571,47.24978],[7.72488,47.24743],[7.72114,47.24233],[7.71421,47.24003],[7.7039,47.25216],[7.69917,47.24897],[7.68922,47.25321],[7.68498,47.26355],[7.67973,47.26125],[7.67808,47.26353],[7.68083,47.26449],[7.67363,47.26992],[7.66883,47.27181],[7.66114,47.26789],[7.65263,47.2689],[7.65483,47.27115],[7.6444,47.27795],[7.64557,47.28096],[7.66052,47.28665],[7.6772,47.28911],[7.68478,47.29399],[7.68857,47.29045],[7.70086,47.28655],[7.71235,47.27377],[7.71563,47.2764],[7.71752,47.27512],[7.72515,47.26931],[7.72484,47.26624],[7.73268,47.25911],[7.73833,47.2599],[7.74467,47.25702],[7.75671,47.25821],[7.75845,47.25653],[7.74615,47.24914],[7.74558,47.24918]]]}},{"type":"Feature","properties":{"name":"Niederhünigen","cantonId":"bern","municipalityId":"niederhuenigen-617"},"geometry":{"type":"Polygon","coordinates":[[[7.62969,46.87318],[7.62485,46.87713],[7.62494,46.87934],[7.62976,46.88368],[7.64186,46.8882],[7.65047,46.88424],[7.654,46.88008],[7.6483,46.87481],[7.65101,46.87173],[7.6721,46.86079],[7.64975,46.85431],[7.64424,46.85627],[7.64583,46.86205],[7.64236,46.86379],[7.64617,46.86851],[7.63006,46.87347],[7.62969,46.87318]]]}},{"type":"Feature","properties":{"name":"Niedermuhlern","cantonId":"bern","municipalityId":"niedermuhlern-877"},"geometry":{"type":"Polygon","coordinates":[[[7.4288,46.85384],[7.44773,46.86237],[7.4474,46.86745],[7.45215,46.86584],[7.45462,46.86813],[7.45803,46.86583],[7.47009,46.87201],[7.47102,46.87002],[7.47487,46.87017],[7.47602,46.86744],[7.48415,46.86704],[7.48418,46.86271],[7.48098,46.85922],[7.48458,46.85644],[7.48315,46.84828],[7.48059,46.84847],[7.47852,46.85212],[7.47587,46.85146],[7.47631,46.84885],[7.46988,46.84698],[7.46309,46.84715],[7.45932,46.85005],[7.45698,46.84776],[7.44049,46.84747],[7.43682,46.85228],[7.42887,46.85379],[7.4288,46.85384]]]}},{"type":"Feature","properties":{"name":"Niederönz","cantonId":"bern","municipalityId":"niederoenz-982"},"geometry":{"type":"Polygon","coordinates":[[[7.68308,47.19556],[7.69558,47.19454],[7.69669,47.18365],[7.68271,47.18167],[7.68412,47.17546],[7.67628,47.17105],[7.67351,47.17234],[7.67379,47.17441],[7.67785,47.18264],[7.67239,47.18336],[7.67135,47.1857],[7.6768,47.19322],[7.68284,47.19567],[7.68308,47.19556]]]}},{"type":"Feature","properties":{"name":"Niederried bei Interlaken","cantonId":"bern","municipalityId":"niederried-bei-interlaken-588"},"geometry":{"type":"Polygon","coordinates":[[[7.91367,46.72839],[7.92381,46.73853],[7.93339,46.7359],[7.94311,46.72525],[7.92612,46.71428],[7.91879,46.71094],[7.91749,46.71707],[7.90833,46.72388],[7.9154,46.72731],[7.91367,46.72839]]]}},{"type":"Feature","properties":{"name":"Nods","cantonId":"bern","municipalityId":"nods-724"},"geometry":{"type":"Polygon","coordinates":[[[7.14495,47.1582],[7.15346,47.14559],[7.12136,47.13638],[7.11253,47.13229],[7.10431,47.12505],[7.0954,47.12206],[7.09492,47.11674],[7.09906,47.1145],[7.09428,47.10951],[7.09489,47.10783],[7.0926,47.1075],[7.09712,47.10618],[7.09875,47.09736],[7.09026,47.09291],[7.09191,47.09079],[7.08414,47.08827],[7.07569,47.09627],[7.05715,47.09969],[7.04062,47.10901],[7.02874,47.10368],[7.0235,47.1122],[7.03139,47.11964],[7.05372,47.13193],[7.14483,47.15813],[7.14495,47.1582]]]}},{"type":"Feature","properties":{"name":"Oberbalm","cantonId":"bern","municipalityId":"oberbalm-357"},"geometry":{"type":"Polygon","coordinates":[[[7.4288,46.85384],[7.41995,46.85087],[7.41429,46.84627],[7.40712,46.84681],[7.38686,46.85413],[7.38448,46.85939],[7.38137,46.86015],[7.38484,46.86192],[7.38273,46.86481],[7.38754,46.86746],[7.38334,46.87413],[7.3905,46.87727],[7.38836,46.87805],[7.38758,46.88266],[7.40276,46.88348],[7.43211,46.87371],[7.43728,46.87981],[7.44204,46.87834],[7.43562,46.87215],[7.44056,46.86718],[7.43653,46.86386],[7.43726,46.86162],[7.43169,46.86262],[7.4314,46.8607],[7.43387,46.86032],[7.42886,46.85387],[7.4288,46.85384]]]}},{"type":"Feature","properties":{"name":"Oberbipp","cantonId":"bern","municipalityId":"oberbipp-983"},"geometry":{"type":"Polygon","coordinates":[[[7.69344,47.24153],[7.67819,47.24778],[7.66701,47.24516],[7.66097,47.24956],[7.659,47.24879],[7.6562,47.25498],[7.6496,47.25687],[7.64445,47.26159],[7.65276,47.2659],[7.65507,47.26978],[7.66114,47.26789],[7.66883,47.27181],[7.68077,47.26456],[7.67808,47.26353],[7.67973,47.26125],[7.68498,47.26355],[7.68932,47.25315],[7.69917,47.24897],[7.7039,47.25216],[7.71677,47.23626],[7.70825,47.2335],[7.69574,47.24188],[7.69344,47.24153]]]}},{"type":"Feature","properties":{"name":"Oberburg","cantonId":"bern","municipalityId":"oberburg-418"},"geometry":{"type":"MultiPolygon","coordinates":[[[[7.60771,46.99775],[7.60158,47.00157],[7.59861,47.01054],[7.59549,47.0112],[7.59922,47.01723],[7.5813,47.01852],[7.58175,47.02139],[7.58556,47.02337],[7.57905,47.0297],[7.58318,47.02946],[7.58521,47.03204],[7.59686,47.03528],[7.60205,47.03477],[7.60236,47.04131],[7.61255,47.0414],[7.61629,47.04436],[7.62263,47.04267],[7.63781,47.02732],[7.6401,47.02791],[7.63406,47.0246],[7.63725,47.02019],[7.6359,47.01891],[7.62961,47.01949],[7.62079,47.01561],[7.6184,47.01065],[7.62197,47.0083],[7.62141,47.00579],[7.61201,47.00383],[7.60803,46.9979],[7.60771,46.99775]]],[[[7.58311,46.99832],[7.58771,46.99466],[7.58805,46.9913],[7.59347,46.9901],[7.5917,46.98434],[7.57944,46.98572],[7.57564,46.98823],[7.57533,46.99264],[7.5813,46.99528],[7.58266,46.99802],[7.58311,46.99832]]],[[[7.58273,47.04766],[7.59345,47.05441],[7.60173,47.05469],[7.60388,47.05111],[7.59302,47.04282],[7.58949,47.04235],[7.58334,47.04737],[7.58273,47.04766]]]]}},{"type":"Feature","properties":{"name":"Oberdiessbach","cantonId":"bern","municipalityId":"oberdiessbach-619"},"geometry":{"type":"Polygon","coordinates":[[[7.64244,46.80777],[7.62262,46.80668],[7.62275,46.81083],[7.62801,46.81866],[7.63542,46.81975],[7.63668,46.82392],[7.61567,46.82689],[7.6073,46.83658],[7.60268,46.83634],[7.60428,46.84308],[7.6137,46.84525],[7.61277,46.85095],[7.61483,46.85596],[7.62516,46.85848],[7.6291,46.85592],[7.63139,46.85764],[7.63611,46.85537],[7.64377,46.85578],[7.64117,46.85341],[7.64606,46.85169],[7.64903,46.8458],[7.64765,46.84267],[7.66099,46.84422],[7.67131,46.83757],[7.67142,46.83485],[7.6749,46.83634],[7.6743,46.83058],[7.6682,46.82572],[7.65401,46.82473],[7.65393,46.81841],[7.64952,46.8172],[7.6488,46.81301],[7.64258,46.80803],[7.64244,46.80777]]]}},{"type":"Feature","properties":{"name":"Oberhofen am Thunersee","cantonId":"bern","municipalityId":"oberhofen-am-thunersee-934"},"geometry":{"type":"Polygon","coordinates":[[[7.67807,46.74414],[7.68466,46.74395],[7.6847,46.74159],[7.68637,46.74325],[7.68815,46.74072],[7.68399,46.72854],[7.6895,46.71625],[7.67669,46.72753],[7.67095,46.72732],[7.66071,46.73354],[7.67103,46.73759],[7.67723,46.74381],[7.67807,46.74414]]]}},{"type":"Feature","properties":{"name":"Oberhünigen","cantonId":"bern","municipalityId":"oberhuenigen-629"},"geometry":{"type":"Polygon","coordinates":[[[7.68883,46.8616],[7.6857,46.8605],[7.68558,46.85713],[7.67075,46.85518],[7.67101,46.85759],[7.66765,46.85948],[7.6721,46.86079],[7.65537,46.86811],[7.6483,46.87481],[7.654,46.88008],[7.65096,46.88327],[7.65877,46.88247],[7.66251,46.88726],[7.6689,46.88125],[7.67619,46.87886],[7.6798,46.88223],[7.68777,46.88227],[7.68755,46.8779],[7.68135,46.86785],[7.68879,46.86192],[7.68883,46.8616]]]}},{"type":"Feature","properties":{"name":"Oberlangenegg","cantonId":"bern","municipalityId":"oberlangenegg-935"},"geometry":{"type":"Polygon","coordinates":[[[7.77708,46.80113],[7.77395,46.79954],[7.76873,46.80126],[7.76352,46.79541],[7.73868,46.79334],[7.73632,46.79157],[7.73835,46.79041],[7.73589,46.78984],[7.73498,46.78508],[7.72712,46.78202],[7.71321,46.78813],[7.72522,46.80745],[7.73338,46.81119],[7.73593,46.81643],[7.74895,46.81415],[7.75647,46.81802],[7.76119,46.81608],[7.76026,46.8108],[7.77675,46.80122],[7.77708,46.80113]]]}},{"type":"Feature","properties":{"name":"Oberried am Brienzersee","cantonId":"bern","municipalityId":"oberried-am-brienzersee-589"},"geometry":{"type":"Polygon","coordinates":[[[7.94279,46.7249],[7.94231,46.72774],[7.93339,46.7359],[7.92381,46.73853],[7.92859,46.74226],[7.91977,46.74684],[7.94255,46.76381],[7.94236,46.76643],[7.94921,46.7763],[7.94714,46.78278],[7.94837,46.78686],[7.95404,46.79172],[7.96871,46.78512],[7.97348,46.77836],[7.98458,46.77498],[7.97034,46.76605],[7.97407,46.7634],[7.98173,46.76575],[7.98429,46.76296],[7.98958,46.7658],[7.99381,46.76395],[7.99706,46.75481],[7.97951,46.74817],[7.97276,46.74434],[7.96873,46.73826],[7.96079,46.73672],[7.95723,46.73262],[7.94289,46.72493],[7.94279,46.7249]]]}},{"type":"Feature","properties":{"name":"Oberthal","cantonId":"bern","municipalityId":"oberthal-620"},"geometry":{"type":"Polygon","coordinates":[[[7.67339,46.90995],[7.66675,46.90859],[7.66503,46.91123],[7.65899,46.91085],[7.64979,46.9061],[7.63981,46.91007],[7.63896,46.9163],[7.64468,46.91743],[7.6529,46.92484],[7.66151,46.92269],[7.677,46.92932],[7.68305,46.92968],[7.68766,46.93451],[7.69271,46.93524],[7.69441,46.93845],[7.69745,46.93842],[7.69805,46.93125],[7.7058,46.92552],[7.70437,46.91816],[7.70752,46.91554],[7.70467,46.91352],[7.71202,46.91225],[7.69449,46.90578],[7.68698,46.90583],[7.68586,46.90715],[7.68944,46.91029],[7.68755,46.91152],[7.67743,46.90593],[7.67699,46.90847],[7.67348,46.90996],[7.67339,46.90995]]]}},{"type":"Feature","properties":{"name":"Oberwil bei Büren","cantonId":"bern","municipalityId":"oberwil-bei-bueren-391"},"geometry":{"type":"Polygon","coordinates":[[[7.42756,47.12337],[7.40376,47.11768],[7.39501,47.1217],[7.38998,47.11952],[7.38675,47.1259],[7.38994,47.12758],[7.38946,47.13031],[7.40351,47.13789],[7.40464,47.14089],[7.40164,47.14223],[7.40576,47.14345],[7.4053,47.14539],[7.41126,47.14652],[7.4112,47.14372],[7.41474,47.14349],[7.42115,47.14633],[7.42581,47.14258],[7.42669,47.13847],[7.4218,47.13586],[7.42647,47.13134],[7.4309,47.13085],[7.43066,47.12924],[7.43542,47.13128],[7.43636,47.12956],[7.43327,47.12618],[7.44019,47.12373],[7.42839,47.12366],[7.42756,47.12337]]]}},{"type":"Feature","properties":{"name":"Oberwil im Simmental","cantonId":"bern","municipalityId":"oberwil-im-simmental-766"},"geometry":{"type":"Polygon","coordinates":[[[7.44658,46.69912],[7.4558,46.6955],[7.46231,46.68641],[7.46377,46.67773],[7.4663,46.67476],[7.46372,46.67215],[7.46395,46.6658],[7.47196,46.66139],[7.47288,46.65776],[7.47758,46.65817],[7.47609,46.652],[7.46145,46.64403],[7.46508,46.63945],[7.45794,46.63891],[7.45835,46.63658],[7.46189,46.63697],[7.46561,46.63436],[7.4632,46.63119],[7.46627,46.62731],[7.46195,46.62402],[7.46641,46.62022],[7.46784,46.61419],[7.453,46.60973],[7.45368,46.60779],[7.44974,46.60802],[7.4458,46.60326],[7.43614,46.59795],[7.43311,46.59947],[7.4347,46.60246],[7.43095,46.60755],[7.43096,46.61653],[7.4221,46.6191],[7.42369,46.62656],[7.4223,46.62945],[7.4247,46.63303],[7.42173,46.63287],[7.41835,46.63873],[7.41561,46.63929],[7.41827,46.64602],[7.41178,46.64417],[7.40587,46.6456],[7.40214,46.65272],[7.37259,46.64353],[7.37128,46.64511],[7.38142,46.65144],[7.37645,46.65308],[7.37726,46.65626],[7.36928,46.65558],[7.37191,46.66279],[7.37114,46.66939],[7.37596,46.67485],[7.38626,46.67085],[7.39692,46.67567],[7.40349,46.67231],[7.40691,46.67503],[7.40682,46.67966],[7.41035,46.68343],[7.40777,46.68866],[7.41884,46.69293],[7.41894,46.69788],[7.42943,46.69915],[7.43242,46.70298],[7.44591,46.6991],[7.44658,46.69912]]]}},{"type":"Feature","properties":{"name":"Ochlenberg","cantonId":"bern","municipalityId":"ochlenberg-985"},"geometry":{"type":"Polygon","coordinates":[[[7.70812,47.15799],[7.72022,47.16373],[7.72217,47.16243],[7.72045,47.15854],[7.72717,47.15565],[7.73612,47.16508],[7.74922,47.16808],[7.75165,47.16646],[7.74913,47.16526],[7.75058,47.16402],[7.75583,47.16378],[7.75792,47.15659],[7.75182,47.15002],[7.75174,47.14647],[7.74734,47.14351],[7.74619,47.13884],[7.74792,47.13808],[7.74054,47.13633],[7.74313,47.13202],[7.73412,47.12478],[7.73821,47.12076],[7.73409,47.11508],[7.73013,47.11336],[7.72699,47.11573],[7.72683,47.12022],[7.72402,47.12014],[7.72563,47.12691],[7.72377,47.13061],[7.72542,47.13234],[7.71598,47.13601],[7.71161,47.14352],[7.70083,47.14987],[7.70813,47.15787],[7.70812,47.15799]]]}},{"type":"Feature","properties":{"name":"Oeschenbach","cantonId":"bern","municipalityId":"oeschenbach-335"},"geometry":{"type":"Polygon","coordinates":[[[7.74152,47.10054],[7.7417,47.10552],[7.72527,47.10444],[7.73109,47.11418],[7.73821,47.12076],[7.73908,47.11837],[7.74693,47.12013],[7.74892,47.11719],[7.75958,47.11519],[7.7594,47.10872],[7.7618,47.10726],[7.75556,47.09915],[7.74152,47.10054]]]}},{"type":"Feature","properties":{"name":"Oppligen","cantonId":"bern","municipalityId":"oppligen-622"},"geometry":{"type":"Polygon","coordinates":[[[7.59254,46.80082],[7.59324,46.80784],[7.59002,46.81142],[7.59184,46.81358],[7.58371,46.83027],[7.58551,46.83111],[7.5906,46.83175],[7.59231,46.82828],[7.60262,46.8267],[7.60648,46.82189],[7.60663,46.8197],[7.60411,46.81894],[7.60711,46.80769],[7.59697,46.80214],[7.59254,46.80082]]]}},{"type":"Feature","properties":{"name":"Orpund","cantonId":"bern","municipalityId":"orpund-744"},"geometry":{"type":"Polygon","coordinates":[[[7.30011,47.15243],[7.31233,47.14985],[7.31591,47.14653],[7.31453,47.14465],[7.32554,47.13921],[7.3007,47.13059],[7.29674,47.13249],[7.29072,47.1372],[7.29263,47.13833],[7.284,47.14003],[7.2828,47.14248],[7.28716,47.14259],[7.2878,47.14485],[7.2852,47.1463],[7.29356,47.14767],[7.29935,47.15198],[7.30011,47.15243]]]}},{"type":"Feature","properties":{"name":"Orvin","cantonId":"bern","municipalityId":"orvin-438"},"geometry":{"type":"Polygon","coordinates":[[[7.16617,47.16618],[7.18042,47.17224],[7.19522,47.17133],[7.22369,47.17586],[7.23959,47.1702],[7.25239,47.16994],[7.25187,47.16638],[7.23834,47.16197],[7.21155,47.14393],[7.19932,47.14234],[7.19086,47.1372],[7.17002,47.13033],[7.15255,47.14658],[7.14495,47.1582],[7.16317,47.16493],[7.16617,47.16618]]]}},{"type":"Feature","properties":{"name":"Ostermundigen","cantonId":"bern","municipalityId":"ostermundigen-363"},"geometry":{"type":"Polygon","coordinates":[[[7.5081,46.96598],[7.51293,46.96188],[7.51326,46.95812],[7.50962,46.94827],[7.49926,46.9417],[7.49573,46.94287],[7.49441,46.94027],[7.4834,46.9452],[7.48406,46.94999],[7.47692,46.95481],[7.47978,46.9566],[7.47848,46.9629],[7.4858,46.96468],[7.48613,46.9679],[7.48256,46.97129],[7.49445,46.9686],[7.49537,46.96558],[7.50461,46.96851],[7.50598,46.96703],[7.5081,46.96598]]]}},{"type":"Feature","properties":{"name":"Perrefitte","cantonId":"bern","municipalityId":"perrefitte-701"},"geometry":{"type":"Polygon","coordinates":[[[7.2946,47.26852],[7.29517,47.27993],[7.27996,47.28438],[7.32919,47.28888],[7.32995,47.2873],[7.33547,47.28828],[7.33953,47.28212],[7.34703,47.2812],[7.35428,47.27129],[7.33879,47.26865],[7.29524,47.26851],[7.2946,47.26852]]]}},{"type":"Feature","properties":{"name":"Péry-La Heutte","cantonId":"bern","municipalityId":"pery-la-heutte-450"},"geometry":{"type":"Polygon","coordinates":[[[7.20744,47.20143],[7.21729,47.20777],[7.23207,47.20814],[7.24009,47.21197],[7.25705,47.21102],[7.26368,47.21313],[7.28372,47.21323],[7.29316,47.21547],[7.29416,47.21746],[7.31926,47.2153],[7.32035,47.2086],[7.29282,47.20347],[7.28148,47.19958],[7.27797,47.19415],[7.25514,47.18768],[7.2527,47.17743],[7.25597,47.17301],[7.25392,47.16982],[7.23959,47.1702],[7.22489,47.17581],[7.20217,47.17345],[7.20246,47.18025],[7.19851,47.1896],[7.20141,47.1898],[7.19994,47.19539],[7.20745,47.19805],[7.20736,47.20083],[7.20744,47.20143]]]}},{"type":"Feature","properties":{"name":"Petit-Val","cantonId":"bern","municipalityId":"petit-val-716"},"geometry":{"type":"Polygon","coordinates":[[[7.2084,47.25828],[7.19044,47.25497],[7.1849,47.25604],[7.18485,47.25974],[7.17864,47.26523],[7.17764,47.27112],[7.17395,47.27],[7.16869,47.27473],[7.16918,47.28361],[7.19831,47.28591],[7.21489,47.28998],[7.2426,47.28522],[7.263,47.28711],[7.29517,47.27993],[7.2946,47.26852],[7.28231,47.26961],[7.28344,47.26699],[7.2809,47.26598],[7.25356,47.2638],[7.25026,47.25961],[7.24242,47.25876],[7.23724,47.26114],[7.23478,47.2651],[7.22697,47.2652],[7.20888,47.25843],[7.2084,47.25828]]]}},{"type":"Feature","properties":{"name":"Pieterlen","cantonId":"bern","municipalityId":"pieterlen-392"},"geometry":{"type":"Polygon","coordinates":[[[7.29329,47.17309],[7.30659,47.18032],[7.32898,47.18297],[7.33517,47.18068],[7.34948,47.18479],[7.35178,47.18838],[7.35683,47.1833],[7.36041,47.17674],[7.3561,47.17462],[7.35839,47.1692],[7.35608,47.16896],[7.35813,47.16804],[7.30374,47.16307],[7.29705,47.16519],[7.29456,47.1713],[7.29329,47.17309]]]}},{"type":"Feature","properties":{"name":"Plateau de Diesse","cantonId":"bern","municipalityId":"plateau-de-diesse-726"},"geometry":{"type":"Polygon","coordinates":[[[7.08706,47.08155],[7.08683,47.0857],[7.08414,47.08827],[7.09191,47.09079],[7.09026,47.09291],[7.09875,47.09736],[7.09712,47.10618],[7.0926,47.1075],[7.09489,47.10783],[7.09428,47.10951],[7.09906,47.1145],[7.09492,47.11674],[7.0954,47.12206],[7.10431,47.12505],[7.11253,47.13229],[7.12136,47.13638],[7.15346,47.14559],[7.17002,47.13033],[7.19086,47.1372],[7.20054,47.13368],[7.1842,47.12499],[7.17623,47.12406],[7.17441,47.12572],[7.15482,47.1183],[7.15098,47.11331],[7.13815,47.10741],[7.13788,47.10136],[7.14231,47.09764],[7.1175,47.08306],[7.11521,47.08211],[7.10803,47.088],[7.09226,47.08266],[7.08706,47.08155]]]}},{"type":"Feature","properties":{"name":"Pohlern","cantonId":"bern","municipalityId":"pohlern-936"},"geometry":{"type":"Polygon","coordinates":[[[7.5319,46.70107],[7.51267,46.70387],[7.50711,46.707],[7.49433,46.70522],[7.49163,46.7087],[7.49417,46.71111],[7.48938,46.71312],[7.4983,46.71552],[7.50299,46.72117],[7.51141,46.72298],[7.5207,46.73137],[7.52904,46.73462],[7.54194,46.72708],[7.54376,46.72494],[7.54122,46.72346],[7.54773,46.71843],[7.5474,46.71138],[7.54282,46.70415],[7.53345,46.70193],[7.5319,46.70107]]]}},{"type":"Feature","properties":{"name":"Port","cantonId":"bern","municipalityId":"port-745"},"geometry":{"type":"Polygon","coordinates":[[[7.24409,47.11272],[7.24283,47.11924],[7.24718,47.11951],[7.25016,47.12401],[7.25401,47.1226],[7.25457,47.11934],[7.26512,47.11619],[7.27194,47.1171],[7.27349,47.11238],[7.28024,47.10893],[7.26802,47.10675],[7.26499,47.11029],[7.25532,47.10819],[7.2506,47.10907],[7.24962,47.11294],[7.2442,47.11253],[7.24409,47.11272]]]}},{"type":"Feature","properties":{"name":"Radelfingen","cantonId":"bern","municipalityId":"radelfingen-309"},"geometry":{"type":"Polygon","coordinates":[[[7.27872,46.97475],[7.26913,46.9704],[7.26361,46.97076],[7.25787,46.97561],[7.26213,46.97992],[7.26169,46.98267],[7.24106,46.99828],[7.23932,47.0021],[7.24227,47.00512],[7.25801,47.00991],[7.25847,47.01325],[7.25421,47.0194],[7.25943,47.0242],[7.27202,47.02949],[7.28528,47.02615],[7.28427,47.02396],[7.29736,47.00781],[7.28346,47.00129],[7.2842,46.99949],[7.28017,46.99599],[7.27911,46.99113],[7.28278,46.98406],[7.27935,46.98264],[7.28192,46.97912],[7.27874,46.97511],[7.27872,46.97475]]]}},{"type":"Feature","properties":{"name":"Rapperswil (BE)","cantonId":"bern","municipalityId":"rapperswil-be-310"},"geometry":{"type":"Polygon","coordinates":[[[7.38786,47.07443],[7.4008,47.07376],[7.40934,47.07617],[7.40582,47.08007],[7.40746,47.08381],[7.41116,47.07948],[7.41857,47.08244],[7.42188,47.08077],[7.41909,47.08302],[7.42146,47.08662],[7.41966,47.09259],[7.42258,47.09343],[7.4214,47.09676],[7.41568,47.09531],[7.41471,47.09697],[7.42028,47.09967],[7.42327,47.09746],[7.43401,47.1005],[7.43744,47.09421],[7.43505,47.09366],[7.43289,47.08798],[7.43543,47.08017],[7.44046,47.0745],[7.44499,47.07367],[7.4449,47.07078],[7.44109,47.06833],[7.44578,47.06561],[7.44545,47.0634],[7.45535,47.06328],[7.45584,47.05764],[7.45836,47.05725],[7.45573,47.05519],[7.45441,47.04844],[7.44569,47.04952],[7.4475,47.0424],[7.44177,47.0383],[7.44284,47.03608],[7.43238,47.03208],[7.42651,47.0342],[7.42915,47.03631],[7.40326,47.04166],[7.40104,47.0456],[7.40164,47.04994],[7.39493,47.04916],[7.39358,47.05103],[7.37223,47.05479],[7.38171,47.05805],[7.38787,47.07345],[7.38786,47.07443]]]}},{"type":"Feature","properties":{"name":"Rebévelier","cantonId":"bern","municipalityId":"rebevelier-715"},"geometry":{"type":"Polygon","coordinates":[[[7.17025,47.2831],[7.1647,47.2886],[7.16937,47.29086],[7.1638,47.29406],[7.20907,47.29475],[7.20622,47.29199],[7.20999,47.28865],[7.17041,47.28305],[7.17025,47.2831]]]}},{"type":"Feature","properties":{"name":"Reconvilier","cantonId":"bern","municipalityId":"reconvilier-703"},"geometry":{"type":"Polygon","coordinates":[[[7.22766,47.23884],[7.23578,47.23715],[7.24565,47.2175],[7.24994,47.21601],[7.25067,47.21223],[7.24009,47.21197],[7.23207,47.20814],[7.22713,47.20782],[7.22631,47.20978],[7.22245,47.20852],[7.21979,47.21054],[7.22303,47.21317],[7.2221,47.21535],[7.21031,47.22934],[7.20321,47.22959],[7.1977,47.23461],[7.1778,47.23691],[7.18444,47.23906],[7.19171,47.23698],[7.20812,47.24096],[7.21156,47.23926],[7.2185,47.24186],[7.22758,47.23881],[7.22766,47.23884]]]}},{"type":"Feature","properties":{"name":"Reichenbach im Kandertal","cantonId":"bern","municipalityId":"reichenbach-im-kandertal-567"},"geometry":{"type":"Polygon","coordinates":[[[7.61102,46.61609],[7.61381,46.6221],[7.61896,46.6256],[7.6191,46.62852],[7.63966,46.63587],[7.64657,46.64426],[7.65173,46.6468],[7.66488,46.64327],[7.67025,46.64471],[7.67176,46.64361],[7.67074,46.63898],[7.67434,46.63982],[7.6752,46.63716],[7.67935,46.63645],[7.688,46.63857],[7.70225,46.63791],[7.71686,46.64266],[7.74668,46.62796],[7.74263,46.62931],[7.74199,46.62718],[7.73685,46.62738],[7.73671,46.6252],[7.74895,46.61832],[7.75138,46.61456],[7.74831,46.60955],[7.75295,46.60692],[7.74993,46.60349],[7.7521,46.59986],[7.74453,46.58871],[7.75464,46.58859],[7.75602,46.59134],[7.7692,46.59592],[7.77559,46.58867],[7.78675,46.58675],[7.78934,46.58429],[7.79482,46.5874],[7.80922,46.58903],[7.81652,46.59292],[7.82113,46.59135],[7.82554,46.58515],[7.82404,46.58001],[7.82655,46.57661],[7.82546,46.56723],[7.8185,46.56169],[7.82367,46.55901],[7.81413,46.55139],[7.81336,46.54699],[7.80631,46.54271],[7.81083,46.53892],[7.81053,46.53474],[7.81366,46.52984],[7.82009,46.52515],[7.82007,46.51876],[7.82726,46.51149],[7.81651,46.4977],[7.79226,46.49513],[7.78921,46.49782],[7.78092,46.49838],[7.77982,46.50573],[7.76248,46.51577],[7.72952,46.52013],[7.72588,46.52645],[7.71608,46.53195],[7.71303,46.54114],[7.70704,46.54414],[7.70543,46.54901],[7.69637,46.55221],[7.6918,46.57402],[7.6932,46.57561],[7.68774,46.57888],[7.68239,46.57808],[7.6833,46.58141],[7.6786,46.59019],[7.66689,46.59469],[7.66676,46.597],[7.66244,46.59623],[7.66197,46.59847],[7.6534,46.60334],[7.65106,46.60954],[7.64727,46.60735],[7.63734,46.61201],[7.62574,46.61357],[7.6178,46.61879],[7.61163,46.61574],[7.61102,46.61609]]]}},{"type":"Feature","properties":{"name":"Reisiswil","cantonId":"bern","municipalityId":"reisiswil-336"},"geometry":{"type":"Polygon","coordinates":[[[7.84303,47.15402],[7.83662,47.15486],[7.83932,47.15624],[7.83324,47.15911],[7.83119,47.16262],[7.8334,47.16446],[7.83204,47.16607],[7.83361,47.16914],[7.83726,47.1671],[7.84545,47.16901],[7.85238,47.1672],[7.85086,47.15714],[7.8487,47.15656],[7.8525,47.1537],[7.84924,47.15143],[7.84957,47.15395],[7.84467,47.15406],[7.84303,47.15402]]]}},{"type":"Feature","properties":{"name":"Renan (BE)","cantonId":"bern","municipalityId":"renan-be-441"},"geometry":{"type":"Polygon","coordinates":[[[6.86687,47.08512],[6.8718,47.10287],[6.88101,47.1084],[6.88634,47.12384],[6.90139,47.12075],[6.91138,47.12246],[6.92774,47.13031],[6.93404,47.13572],[6.93602,47.13288],[6.93996,47.13367],[6.94247,47.13145],[6.93138,47.12548],[6.93951,47.12006],[6.93601,47.12054],[6.93356,47.1182],[6.93756,47.11516],[6.93644,47.11332],[6.93931,47.10974],[6.93635,47.10873],[6.92984,47.1126],[6.91574,47.10379],[6.8703,47.08652],[6.86687,47.08512]]]}},{"type":"Feature","properties":{"name":"Reutigen","cantonId":"bern","municipalityId":"reutigen-767"},"geometry":{"type":"Polygon","coordinates":[[[7.60861,46.71875],[7.61854,46.71308],[7.63075,46.71035],[7.63372,46.7065],[7.63148,46.69298],[7.63405,46.68829],[7.61962,46.67858],[7.61261,46.67758],[7.59923,46.67818],[7.5911,46.6804],[7.58818,46.68417],[7.57246,46.68523],[7.57268,46.68871],[7.57494,46.68877],[7.58127,46.6988],[7.58392,46.69872],[7.59364,46.70826],[7.59005,46.70971],[7.60193,46.70751],[7.59931,46.71186],[7.60814,46.71825],[7.60861,46.71875]]]}},{"type":"Feature","properties":{"name":"Riggisberg","cantonId":"bern","municipalityId":"riggisberg-879"},"geometry":{"type":"Polygon","coordinates":[[[7.48232,46.83769],[7.48459,46.83551],[7.49373,46.83695],[7.49926,46.83323],[7.51119,46.83555],[7.51424,46.83087],[7.51111,46.83011],[7.512,46.82818],[7.4942,46.82449],[7.49561,46.81452],[7.49787,46.81308],[7.49505,46.81202],[7.49648,46.8109],[7.49465,46.80707],[7.49991,46.80292],[7.48528,46.80111],[7.47648,46.79522],[7.48139,46.79192],[7.48215,46.78896],[7.49204,46.78304],[7.49245,46.77926],[7.48774,46.77611],[7.48772,46.77306],[7.48601,46.77137],[7.47141,46.77047],[7.45973,46.7613],[7.46139,46.75728],[7.47399,46.74681],[7.47442,46.74099],[7.47748,46.73831],[7.47579,46.73811],[7.47612,46.73347],[7.4697,46.72849],[7.46576,46.72653],[7.45658,46.73527],[7.45139,46.73326],[7.45221,46.74617],[7.44692,46.7496],[7.44166,46.75981],[7.43613,46.76387],[7.43332,46.77495],[7.42752,46.78251],[7.43536,46.78652],[7.43668,46.79025],[7.42602,46.79916],[7.43602,46.8035],[7.43159,46.80652],[7.43471,46.80687],[7.43356,46.8097],[7.43601,46.8105],[7.43335,46.81143],[7.4329,46.8135],[7.43531,46.81435],[7.43304,46.81522],[7.45205,46.81507],[7.45202,46.81725],[7.46146,46.81616],[7.46731,46.81805],[7.46575,46.8158],[7.47166,46.81399],[7.47261,46.81639],[7.47565,46.81639],[7.47683,46.82199],[7.47343,46.82291],[7.47451,46.82401],[7.46876,46.8295],[7.47701,46.83681],[7.48206,46.83754],[7.48232,46.83769]]]}},{"type":"Feature","properties":{"name":"Ringgenberg (BE)","cantonId":"bern","municipalityId":"ringgenberg-be-590"},"geometry":{"type":"Polygon","coordinates":[[[7.88575,46.69393],[7.87135,46.69254],[7.86079,46.70409],[7.88024,46.71691],[7.89699,46.72107],[7.91367,46.72839],[7.91616,46.72668],[7.90833,46.72388],[7.91749,46.71707],[7.91879,46.71094],[7.90179,46.70403],[7.88764,46.69502],[7.88575,46.69393]]]}},{"type":"Feature","properties":{"name":"Roches (BE)","cantonId":"bern","municipalityId":"roches-be-704"},"geometry":{"type":"Polygon","coordinates":[[[7.3959,47.29818],[7.36008,47.29296],[7.35617,47.29432],[7.34808,47.29231],[7.34623,47.29471],[7.34173,47.29431],[7.34225,47.29749],[7.3503,47.29963],[7.34822,47.30568],[7.36516,47.3093],[7.37865,47.31498],[7.41173,47.31331],[7.41302,47.30998],[7.4217,47.30706],[7.42015,47.3024],[7.39704,47.2984],[7.3959,47.29818]]]}},{"type":"Feature","properties":{"name":"Röthenbach im Emmental","cantonId":"bern","municipalityId":"roethenbach-im-emmental-904"},"geometry":{"type":"Polygon","coordinates":[[[7.77708,46.80113],[7.76026,46.8108],[7.76119,46.81608],[7.75632,46.81814],[7.75436,46.82499],[7.74539,46.82521],[7.74116,46.82907],[7.73275,46.82593],[7.73075,46.82747],[7.73629,46.8299],[7.73447,46.83267],[7.72175,46.83171],[7.71661,46.83654],[7.70986,46.83661],[7.70965,46.8446],[7.72206,46.84612],[7.71786,46.85362],[7.71785,46.8603],[7.71312,46.86426],[7.71815,46.86586],[7.71546,46.86689],[7.70847,46.87897],[7.73092,46.88959],[7.745,46.88279],[7.74263,46.87993],[7.74675,46.8758],[7.74583,46.87283],[7.76031,46.8711],[7.76065,46.86602],[7.77714,46.86699],[7.77716,46.86452],[7.77357,46.86201],[7.77327,46.85535],[7.77995,46.85036],[7.77983,46.84191],[7.78323,46.84033],[7.78703,46.8318],[7.8059,46.81976],[7.80432,46.81949],[7.80706,46.81521],[7.80471,46.81306],[7.80756,46.81276],[7.8087,46.81002],[7.81805,46.81209],[7.82349,46.81009],[7.8254,46.8052],[7.81935,46.80366],[7.79659,46.80425],[7.77758,46.80102],[7.77708,46.80113]]]}},{"type":"Feature","properties":{"name":"Roggwil (BE)","cantonId":"bern","municipalityId":"roggwil-be-337"},"geometry":{"type":"Polygon","coordinates":[[[7.79081,47.23742],[7.79339,47.24416],[7.79608,47.24353],[7.8154,47.25273],[7.82775,47.25336],[7.82601,47.25178],[7.82814,47.24989],[7.82575,47.24871],[7.82826,47.243],[7.83895,47.23455],[7.83649,47.22769],[7.83812,47.2202],[7.83385,47.21593],[7.82936,47.216],[7.8269,47.21944],[7.8229,47.22025],[7.82203,47.22652],[7.81896,47.226],[7.81831,47.22819],[7.80619,47.23405],[7.79951,47.23161],[7.79836,47.23413],[7.792,47.2351],[7.79085,47.23741],[7.79081,47.23742]]]}},{"type":"Feature","properties":{"name":"Rohrbach","cantonId":"bern","municipalityId":"rohrbach-338"},"geometry":{"type":"Polygon","coordinates":[[[7.82473,47.12158],[7.81928,47.12473],[7.8005,47.12456],[7.79532,47.1263],[7.79446,47.12927],[7.79106,47.12941],[7.79509,47.13465],[7.79382,47.13591],[7.80166,47.13872],[7.80054,47.14067],[7.82409,47.14034],[7.8265,47.13652],[7.82365,47.13444],[7.8275,47.12933],[7.82536,47.12614],[7.82832,47.12308],[7.82621,47.12199],[7.82473,47.12158]]]}},{"type":"Feature","properties":{"name":"Rohrbachgraben","cantonId":"bern","municipalityId":"rohrbachgraben-339"},"geometry":{"type":"Polygon","coordinates":[[[7.78565,47.12981],[7.79446,47.12927],[7.79532,47.1263],[7.8005,47.12456],[7.81928,47.12473],[7.82492,47.12107],[7.82157,47.1189],[7.81878,47.11146],[7.81112,47.10232],[7.80715,47.09991],[7.80899,47.09649],[7.80248,47.09613],[7.80172,47.09981],[7.78856,47.09749],[7.7868,47.09879],[7.7883,47.1037],[7.78585,47.10451],[7.79119,47.10927],[7.79226,47.1175],[7.79011,47.12079],[7.79166,47.12403],[7.78643,47.12596],[7.7857,47.12948],[7.78565,47.12981]]]}},{"type":"Feature","properties":{"name":"Romont (BE)","cantonId":"bern","municipalityId":"romont-be-442"},"geometry":{"type":"Polygon","coordinates":[[[7.31926,47.2153],[7.34043,47.21757],[7.34484,47.20722],[7.33822,47.2035],[7.33943,47.19476],[7.35177,47.18702],[7.33517,47.18068],[7.32898,47.18297],[7.30293,47.17928],[7.30502,47.18223],[7.32435,47.18486],[7.32396,47.18706],[7.31858,47.18657],[7.31866,47.18987],[7.32244,47.19248],[7.31419,47.20274],[7.31416,47.20443],[7.31987,47.20465],[7.31958,47.21454],[7.31926,47.2153]]]}},{"type":"Feature","properties":{"name":"Rubigen","cantonId":"bern","municipalityId":"rubigen-623"},"geometry":{"type":"Polygon","coordinates":[[[7.54031,46.87826],[7.536,46.89195],[7.52313,46.90384],[7.51506,46.90817],[7.51712,46.90984],[7.53034,46.90742],[7.53194,46.9085],[7.53049,46.91059],[7.54163,46.91102],[7.54428,46.90925],[7.55936,46.9123],[7.56564,46.90965],[7.56361,46.90415],[7.56629,46.89654],[7.56184,46.89399],[7.55845,46.89589],[7.55334,46.89447],[7.55483,46.89122],[7.55207,46.89002],[7.55434,46.88677],[7.54664,46.88426],[7.54072,46.87855],[7.54031,46.87826]]]}},{"type":"Feature","properties":{"name":"Rüderswil","cantonId":"bern","municipalityId":"ruederswil-905"},"geometry":{"type":"Polygon","coordinates":[[[7.70209,46.95702],[7.70273,46.96646],[7.70056,46.96969],[7.69518,46.96738],[7.68868,46.96807],[7.68501,46.97255],[7.69072,46.9798],[7.68488,46.98164],[7.68933,46.98771],[7.68386,46.98974],[7.68622,46.9923],[7.69534,46.99393],[7.69185,46.99613],[7.6931,46.99783],[7.71325,46.99587],[7.72319,46.997],[7.72758,46.99008],[7.73547,46.99039],[7.74129,46.98788],[7.74128,46.98527],[7.74505,46.98687],[7.74717,46.98445],[7.75333,46.98587],[7.75535,46.98767],[7.75288,46.98972],[7.76201,46.99318],[7.76243,46.99549],[7.76715,46.99163],[7.77775,46.99098],[7.7724,46.98691],[7.77605,46.98167],[7.76606,46.97641],[7.75651,46.9741],[7.74006,46.97516],[7.73185,46.97276],[7.72984,46.97475],[7.72916,46.969],[7.71492,46.95583],[7.70212,46.95698],[7.70209,46.95702]]]}},{"type":"Feature","properties":{"name":"Rüdtligen-Alchenflüh","cantonId":"bern","municipalityId":"ruedtligen-alchenflueh-420"},"geometry":{"type":"Polygon","coordinates":[[[7.58483,47.08169],[7.57678,47.07971],[7.57345,47.07651],[7.57083,47.07724],[7.56725,47.07293],[7.56499,47.07477],[7.56345,47.08035],[7.55371,47.08668],[7.56122,47.09203],[7.56289,47.09588],[7.58224,47.08427],[7.58483,47.08169]]]}},{"type":"Feature","properties":{"name":"Rüeggisberg","cantonId":"bern","municipalityId":"rueeggisberg-880"},"geometry":{"type":"MultiPolygon","coordinates":[[[[7.48232,46.83769],[7.47701,46.83681],[7.46876,46.8295],[7.47451,46.82401],[7.47343,46.82291],[7.47684,46.82194],[7.47656,46.81728],[7.47261,46.81639],[7.47166,46.81399],[7.46575,46.8158],[7.46731,46.81805],[7.46146,46.81616],[7.45202,46.81725],[7.45205,46.81507],[7.43304,46.81522],[7.43531,46.81435],[7.4329,46.8135],[7.43335,46.81143],[7.43601,46.8105],[7.43356,46.8097],[7.43471,46.80687],[7.43159,46.80652],[7.43602,46.8035],[7.42602,46.79916],[7.43668,46.79025],[7.43539,46.78655],[7.43011,46.78338],[7.4172,46.78579],[7.40638,46.79277],[7.40393,46.79652],[7.4093,46.80213],[7.40825,46.80986],[7.39761,46.81125],[7.3958,46.81435],[7.39833,46.81967],[7.40229,46.82193],[7.40178,46.82513],[7.39296,46.83105],[7.39277,46.83335],[7.38456,46.83164],[7.38447,46.83435],[7.37963,46.83582],[7.37565,46.83401],[7.3734,46.83683],[7.37486,46.84085],[7.38334,46.84309],[7.38396,46.84767],[7.39041,46.8526],[7.41429,46.84627],[7.42797,46.85393],[7.43682,46.85228],[7.44049,46.84747],[7.45698,46.84776],[7.45932,46.85005],[7.46309,46.84715],[7.46988,46.84698],[7.47631,46.84885],[7.47587,46.85146],[7.47852,46.85212],[7.48253,46.84376],[7.48241,46.83783],[7.48232,46.83769]]],[[[7.45074,46.70463],[7.44709,46.71583],[7.44447,46.7177],[7.44541,46.72261],[7.44111,46.72663],[7.44296,46.72931],[7.44229,46.73558],[7.45134,46.73786],[7.45139,46.73326],[7.45658,46.73527],[7.46576,46.72653],[7.45439,46.71686],[7.46353,46.71348],[7.46137,46.70632],[7.45336,46.705],[7.45074,46.70463]]]]}},{"type":"Feature","properties":{"name":"Rüegsau","cantonId":"bern","municipalityId":"rueegsau-956"},"geometry":{"type":"Polygon","coordinates":[[[7.7293,47.05346],[7.72504,47.05118],[7.72639,47.04684],[7.72924,47.04785],[7.73319,47.04496],[7.7277,47.038],[7.72272,47.03616],[7.71664,47.03883],[7.71575,47.04036],[7.72122,47.04113],[7.71823,47.04621],[7.71049,47.04505],[7.70774,47.0415],[7.71053,47.03888],[7.7057,47.03435],[7.70571,47.02795],[7.69521,47.02124],[7.6731,47.02116],[7.67164,47.01713],[7.66542,47.0168],[7.66292,47.01287],[7.64759,47.02173],[7.64598,47.02717],[7.65544,47.02878],[7.65564,47.03122],[7.65954,47.03374],[7.66941,47.03752],[7.67925,47.0374],[7.67727,47.04013],[7.68259,47.04239],[7.67777,47.04543],[7.68234,47.05063],[7.6927,47.04971],[7.70324,47.06384],[7.70946,47.06697],[7.71809,47.0663],[7.7144,47.06131],[7.7162,47.05527],[7.72912,47.05341],[7.7293,47.05346]]]}},{"type":"Feature","properties":{"name":"Rüschegg","cantonId":"bern","municipalityId":"rueschegg-853"},"geometry":{"type":"Polygon","coordinates":[[[7.44658,46.69912],[7.43242,46.70298],[7.42943,46.69915],[7.41894,46.69788],[7.41884,46.69293],[7.39697,46.68627],[7.38902,46.69126],[7.39268,46.70585],[7.39578,46.70996],[7.39498,46.71444],[7.39029,46.7173],[7.37871,46.71611],[7.38098,46.72641],[7.37856,46.73224],[7.36829,46.73775],[7.37307,46.74208],[7.35678,46.75555],[7.36601,46.76658],[7.35702,46.76792],[7.35664,46.77025],[7.35933,46.77045],[7.35619,46.77196],[7.35992,46.77467],[7.35672,46.78635],[7.36204,46.78384],[7.3731,46.78705],[7.37967,46.79257],[7.3972,46.79612],[7.40375,46.80206],[7.40052,46.80616],[7.39808,46.806],[7.40215,46.80768],[7.40187,46.81033],[7.40825,46.80986],[7.4093,46.80213],[7.40394,46.7956],[7.4111,46.78838],[7.42848,46.78437],[7.42752,46.78251],[7.43332,46.77495],[7.43613,46.76387],[7.44166,46.75981],[7.44692,46.7496],[7.45221,46.74617],[7.45111,46.73739],[7.44229,46.73558],[7.44296,46.72931],[7.44111,46.72663],[7.44541,46.72261],[7.44447,46.7177],[7.45025,46.70753],[7.45068,46.70396],[7.44679,46.69961],[7.44658,46.69912]]]}},{"type":"Feature","properties":{"name":"Rüti bei Büren","cantonId":"bern","municipalityId":"rueti-bei-bueren-393"},"geometry":{"type":"Polygon","coordinates":[[[7.43996,47.1505],[7.44117,47.14588],[7.43963,47.14399],[7.42664,47.1411],[7.42115,47.14633],[7.41474,47.14349],[7.4112,47.14372],[7.41126,47.14652],[7.40774,47.14602],[7.40204,47.14166],[7.3939,47.14189],[7.38567,47.14835],[7.39077,47.15873],[7.40095,47.16285],[7.41022,47.16215],[7.41319,47.15825],[7.4162,47.15994],[7.4199,47.15572],[7.42843,47.1568],[7.43874,47.15203],[7.43996,47.1505]]]}},{"type":"Feature","properties":{"name":"Rüti bei Lyssach","cantonId":"bern","municipalityId":"rueti-bei-lyssach-422"},"geometry":{"type":"Polygon","coordinates":[[[7.58249,47.04747],[7.58121,47.05106],[7.58377,47.0517],[7.5777,47.05167],[7.5759,47.04975],[7.56952,47.05682],[7.57365,47.05621],[7.57731,47.06118],[7.58236,47.0594],[7.58376,47.05581],[7.59892,47.05609],[7.58273,47.04766],[7.58249,47.04747]]]}},{"type":"Feature","properties":{"name":"Rütschelen","cantonId":"bern","municipalityId":"ruetschelen-340"},"geometry":{"type":"Polygon","coordinates":[[[7.77273,47.18503],[7.78222,47.18377],[7.78338,47.17719],[7.78634,47.17669],[7.78735,47.17226],[7.77993,47.17048],[7.77981,47.16619],[7.77259,47.16361],[7.76795,47.15832],[7.75795,47.15654],[7.7553,47.16425],[7.75839,47.16459],[7.75965,47.1709],[7.76456,47.17276],[7.76805,47.17904],[7.76668,47.18156],[7.77272,47.18502],[7.77273,47.18503]]]}},{"type":"Feature","properties":{"name":"Rumendingen","cantonId":"bern","municipalityId":"rumendingen-421"},"geometry":{"type":"Polygon","coordinates":[[[7.63832,47.09856],[7.63876,47.10218],[7.62983,47.10511],[7.63134,47.11077],[7.63879,47.11257],[7.65716,47.10942],[7.65849,47.10576],[7.65641,47.10531],[7.65505,47.09898],[7.6451,47.09816],[7.64141,47.0949],[7.63915,47.09824],[7.63832,47.09856]]]}},{"type":"Feature","properties":{"name":"Rumisberg","cantonId":"bern","municipalityId":"rumisberg-987"},"geometry":{"type":"Polygon","coordinates":[[[7.65444,47.26834],[7.64582,47.2638],[7.64445,47.26159],[7.64672,47.25899],[7.64411,47.26035],[7.63643,47.25661],[7.62841,47.25752],[7.62578,47.26334],[7.62927,47.26219],[7.6346,47.26413],[7.62469,47.27],[7.62212,47.27656],[7.60831,47.27543],[7.60712,47.2802],[7.64829,47.28199],[7.64431,47.27815],[7.64797,47.27697],[7.65118,47.27205],[7.65393,47.27208],[7.65243,47.26922],[7.65441,47.26834],[7.65444,47.26834]]]}},{"type":"Feature","properties":{"name":"Saanen","cantonId":"bern","municipalityId":"saanen-843"},"geometry":{"type":"Polygon","coordinates":[[[7.37515,46.42825],[7.36687,46.42955],[7.35447,46.44017],[7.34172,46.43875],[7.33357,46.44334],[7.33077,46.44735],[7.32566,46.44706],[7.31371,46.45122],[7.30333,46.45017],[7.29882,46.44511],[7.29777,46.44039],[7.29298,46.44002],[7.29327,46.43374],[7.29835,46.42737],[7.28817,46.42487],[7.25259,46.42827],[7.24761,46.42418],[7.23495,46.42383],[7.21909,46.4173],[7.20984,46.4162],[7.19914,46.42926],[7.19281,46.43376],[7.19513,46.44067],[7.21313,46.43951],[7.22256,46.44201],[7.22694,46.44918],[7.22597,46.45165],[7.23232,46.45394],[7.22636,46.45747],[7.22889,46.45892],[7.23091,46.4662],[7.22498,46.47748],[7.22414,46.48689],[7.23619,46.48803],[7.23556,46.49279],[7.23258,46.49478],[7.23956,46.49579],[7.24526,46.50218],[7.24918,46.52113],[7.24473,46.53319],[7.24593,46.53783],[7.23715,46.54635],[7.23707,46.55379],[7.25573,46.56029],[7.28135,46.58411],[7.29933,46.57912],[7.29423,46.57508],[7.27641,46.55017],[7.27984,46.53842],[7.29099,46.53051],[7.30267,46.52798],[7.30531,46.52992],[7.3161,46.52436],[7.32415,46.52417],[7.32782,46.5146],[7.33053,46.5128],[7.32869,46.50971],[7.32916,46.50554],[7.33165,46.50534],[7.33144,46.49959],[7.33637,46.49663],[7.3374,46.49151],[7.35423,46.49131],[7.36584,46.48683],[7.36989,46.47428],[7.38057,46.46465],[7.38772,46.44907],[7.38111,46.43245],[7.37574,46.4286],[7.37515,46.42825]]]}},{"type":"Feature","properties":{"name":"Safnern","cantonId":"bern","municipalityId":"safnern-746"},"geometry":{"type":"Polygon","coordinates":[[[7.32554,47.13921],[7.31453,47.14465],[7.31591,47.14653],[7.31233,47.14985],[7.30011,47.15243],[7.29904,47.15768],[7.31275,47.16067],[7.31107,47.16416],[7.32758,47.1646],[7.34175,47.15188],[7.33453,47.14502],[7.33358,47.13445],[7.32587,47.13881],[7.32554,47.13921]]]}},{"type":"Feature","properties":{"name":"Saicourt","cantonId":"bern","municipalityId":"saicourt-706"},"geometry":{"type":"Polygon","coordinates":[[[7.2084,47.25828],[7.20973,47.25652],[7.20538,47.25503],[7.21335,47.24691],[7.21236,47.24082],[7.21439,47.24025],[7.20812,47.24096],[7.19122,47.23693],[7.18359,47.23904],[7.17184,47.23443],[7.15346,47.23696],[7.1492,47.24011],[7.15047,47.2464],[7.1558,47.24755],[7.14922,47.25386],[7.15148,47.25551],[7.14278,47.25575],[7.14312,47.25948],[7.14898,47.26219],[7.14568,47.26532],[7.14875,47.26904],[7.16869,47.27473],[7.17395,47.27],[7.17764,47.27112],[7.17864,47.26523],[7.18485,47.25974],[7.1849,47.25604],[7.19044,47.25497],[7.20726,47.25804],[7.2084,47.25828]]]}},{"type":"Feature","properties":{"name":"Saint-Imier","cantonId":"bern","municipalityId":"saint-imier-443"},"geometry":{"type":"Polygon","coordinates":[[[6.94531,47.18536],[6.95218,47.18736],[6.95613,47.18066],[6.97053,47.18134],[6.97704,47.17494],[6.98463,47.17617],[6.99531,47.16929],[7.00342,47.17086],[7.01146,47.16188],[7.01017,47.15403],[7.01464,47.14233],[7.03825,47.12644],[7.03017,47.12727],[7.0256,47.12414],[7.00777,47.12423],[6.99786,47.11941],[6.98458,47.1167],[6.98372,47.12748],[6.98627,47.14075],[6.97647,47.14686],[6.9538,47.17134],[6.9404,47.18036],[6.94144,47.18454],[6.94531,47.18536]]]}},{"type":"Feature","properties":{"name":"Sauge","cantonId":"bern","municipalityId":"sauge-449"},"geometry":{"type":"Polygon","coordinates":[[[7.25335,47.16798],[7.25239,47.16994],[7.25597,47.17301],[7.2527,47.17743],[7.25514,47.18768],[7.27797,47.19415],[7.28148,47.19958],[7.29282,47.20347],[7.32035,47.2086],[7.31987,47.20465],[7.31416,47.20443],[7.31419,47.20274],[7.32244,47.19248],[7.31866,47.18987],[7.31858,47.18657],[7.32396,47.18706],[7.32435,47.18486],[7.30502,47.18223],[7.30293,47.17722],[7.30001,47.17622],[7.30025,47.1778],[7.29329,47.17309],[7.29192,47.17693],[7.27177,47.17124],[7.27047,47.16826],[7.25373,47.1677],[7.25335,47.16798]]]}},{"type":"Feature","properties":{"name":"Saules (BE)","cantonId":"bern","municipalityId":"saules-be-707"},"geometry":{"type":"Polygon","coordinates":[[[7.22766,47.23884],[7.21985,47.24184],[7.21246,47.24063],[7.21335,47.24691],[7.20538,47.25503],[7.20973,47.25652],[7.2084,47.25828],[7.21308,47.26123],[7.23328,47.26535],[7.24034,47.25932],[7.23061,47.25471],[7.23058,47.24657],[7.22872,47.24556],[7.23035,47.24224],[7.22771,47.23886],[7.22766,47.23884]]]}},{"type":"Feature","properties":{"name":"Saxeten","cantonId":"bern","municipalityId":"saxeten-591"},"geometry":{"type":"Polygon","coordinates":[[[7.79357,46.62219],[7.80366,46.62979],[7.80998,46.63837],[7.83066,46.65334],[7.83522,46.65106],[7.84594,46.65167],[7.85177,46.64893],[7.85756,46.64284],[7.85527,46.64139],[7.85829,46.63975],[7.8585,46.63559],[7.85433,46.63355],[7.85881,46.63178],[7.85127,46.62643],[7.85255,46.62214],[7.84355,46.61197],[7.84103,46.60282],[7.83236,46.59815],[7.81613,46.59729],[7.80587,46.6076],[7.80745,46.61225],[7.80483,46.61146],[7.79531,46.6156],[7.79358,46.62198],[7.79357,46.62219]]]}},{"type":"Feature","properties":{"name":"Schangnau","cantonId":"bern","municipalityId":"schangnau-906"},"geometry":{"type":"Polygon","coordinates":[[[7.95082,46.79965],[7.9535,46.79423],[7.9427,46.79558],[7.90076,46.78702],[7.87501,46.78799],[7.8669,46.78562],[7.84839,46.79633],[7.85005,46.79782],[7.84617,46.80072],[7.84043,46.80183],[7.83771,46.80772],[7.8254,46.8052],[7.82326,46.81041],[7.81805,46.81209],[7.83127,46.81983],[7.84032,46.82173],[7.84146,46.82748],[7.86752,46.84739],[7.86984,46.84715],[7.87045,46.84385],[7.87708,46.83706],[7.9224,46.82],[7.94675,46.80525],[7.95085,46.79985],[7.95082,46.79965]]]}},{"type":"Feature","properties":{"name":"Schattenhalb","cantonId":"bern","municipalityId":"schattenhalb-786"},"geometry":{"type":"Polygon","coordinates":[[[8.21289,46.7185],[8.21539,46.71522],[8.21179,46.71293],[8.20854,46.70504],[8.21346,46.70184],[8.2115,46.70025],[8.21365,46.69671],[8.2119,46.69205],[8.20044,46.68537],[8.19699,46.68717],[8.1832,46.68029],[8.18511,46.67748],[8.17427,46.66453],[8.17493,46.66147],[8.16325,46.6512],[8.14913,46.65616],[8.14205,46.65565],[8.15121,46.66586],[8.14961,46.67398],[8.14487,46.67529],[8.14707,46.68112],[8.13945,46.68287],[8.13863,46.68568],[8.11609,46.69599],[8.14083,46.70378],[8.14101,46.71075],[8.15051,46.72211],[8.16519,46.72266],[8.18188,46.7178],[8.1806,46.72323],[8.21274,46.71859],[8.21289,46.7185]]]}},{"type":"Feature","properties":{"name":"Schelten","cantonId":"bern","municipalityId":"schelten-708"},"geometry":{"type":"Polygon","coordinates":[[[7.55836,47.32236],[7.53205,47.32104],[7.52777,47.32267],[7.53449,47.33455],[7.54997,47.34086],[7.55222,47.34531],[7.56172,47.34147],[7.57216,47.32895],[7.56874,47.32434],[7.56172,47.32143],[7.55836,47.32236]]]}},{"type":"Feature","properties":{"name":"Scheuren","cantonId":"bern","municipalityId":"scheuren-747"},"geometry":{"type":"Polygon","coordinates":[[[7.32554,47.13921],[7.33256,47.13417],[7.33402,47.13941],[7.33812,47.13898],[7.3369,47.13825],[7.33992,47.13793],[7.33974,47.13468],[7.34282,47.13125],[7.33554,47.12717],[7.33075,47.13089],[7.32638,47.13014],[7.32405,47.12863],[7.32788,47.1253],[7.32584,47.12345],[7.31931,47.12721],[7.31602,47.1257],[7.31475,47.12814],[7.31768,47.12998],[7.31216,47.13559],[7.31854,47.13704],[7.32554,47.13921]]]}},{"type":"Feature","properties":{"name":"Schüpfen","cantonId":"bern","municipalityId":"schuepfen-311"},"geometry":{"type":"Polygon","coordinates":[[[7.40241,47.0205],[7.39222,47.01884],[7.38792,47.02237],[7.38428,47.02236],[7.35914,47.01614],[7.34152,47.02621],[7.34065,47.03023],[7.33765,47.02893],[7.33363,47.03057],[7.33497,47.03526],[7.32672,47.03301],[7.3257,47.03449],[7.33142,47.04146],[7.33764,47.04349],[7.34128,47.04737],[7.35246,47.04688],[7.34736,47.05055],[7.35251,47.05443],[7.37223,47.05479],[7.39358,47.05103],[7.39493,47.04916],[7.40156,47.04996],[7.40326,47.04166],[7.42915,47.03631],[7.42651,47.0342],[7.43251,47.03071],[7.42412,47.02901],[7.42103,47.03148],[7.40957,47.03056],[7.40745,47.02965],[7.40894,47.02615],[7.40215,47.02265],[7.40238,47.02073],[7.40241,47.0205]]]}},{"type":"Feature","properties":{"name":"Schwadernau","cantonId":"bern","municipalityId":"schwadernau-748"},"geometry":{"type":"Polygon","coordinates":[[[7.34313,47.13096],[7.3404,47.12941],[7.34548,47.12859],[7.34368,47.12641],[7.33177,47.1228],[7.33039,47.1196],[7.33323,47.11729],[7.32223,47.11295],[7.31671,47.11466],[7.31764,47.11635],[7.30643,47.11674],[7.30798,47.11724],[7.30679,47.1188],[7.30223,47.12222],[7.29898,47.12115],[7.29663,47.12658],[7.3109,47.13533],[7.31506,47.1313],[7.31661,47.13202],[7.31768,47.12998],[7.31475,47.12814],[7.31602,47.1257],[7.31931,47.12721],[7.32584,47.12345],[7.32788,47.1253],[7.32405,47.12863],[7.32638,47.13014],[7.33075,47.13089],[7.33554,47.12717],[7.34282,47.13119],[7.34313,47.13096]]]}},{"type":"Feature","properties":{"name":"Schwanden bei Brienz","cantonId":"bern","municipalityId":"schwanden-bei-brienz-592"},"geometry":{"type":"Polygon","coordinates":[[[8.06902,46.78864],[8.06598,46.75035],[8.04895,46.75496],[8.049,46.75918],[8.04491,46.76093],[8.0453,46.76304],[8.04063,46.7681],[8.03989,46.78019],[8.04396,46.78136],[8.04694,46.78711],[8.05029,46.78833],[8.05983,46.78639],[8.06837,46.78842],[8.06902,46.78864]]]}},{"type":"Feature","properties":{"name":"Schwarzenburg","cantonId":"bern","municipalityId":"schwarzenburg-855"},"geometry":{"type":"Polygon","coordinates":[[[7.30349,46.78874],[7.30159,46.79283],[7.30748,46.79876],[7.31032,46.80802],[7.32021,46.81481],[7.32026,46.82674],[7.32892,46.829],[7.33123,46.83177],[7.32333,46.84041],[7.30895,46.84627],[7.30216,46.85204],[7.31208,46.85557],[7.31258,46.86073],[7.31641,46.86259],[7.3174,46.8606],[7.32088,46.86154],[7.3307,46.85763],[7.32356,46.85543],[7.32578,46.85172],[7.33424,46.8524],[7.33821,46.84945],[7.34934,46.85331],[7.36189,46.86478],[7.36662,46.86478],[7.37067,46.86184],[7.37443,46.8627],[7.38413,46.85965],[7.38686,46.85413],[7.3904,46.85268],[7.38396,46.84767],[7.38334,46.84309],[7.37486,46.84085],[7.3734,46.83683],[7.37596,46.83392],[7.37922,46.8358],[7.38408,46.8346],[7.38456,46.83164],[7.39277,46.83335],[7.39296,46.83105],[7.40178,46.82513],[7.40229,46.82193],[7.39833,46.81967],[7.3958,46.81435],[7.39761,46.81125],[7.40187,46.81033],[7.40215,46.80768],[7.39808,46.806],[7.40052,46.80616],[7.40312,46.80076],[7.3972,46.79612],[7.37967,46.79257],[7.3731,46.78705],[7.36204,46.78384],[7.34802,46.78956],[7.34675,46.79326],[7.34846,46.79613],[7.34558,46.7975],[7.33465,46.79065],[7.33312,46.79447],[7.32952,46.78636],[7.32746,46.79112],[7.31505,46.78717],[7.30412,46.78869],[7.30349,46.78874]]]}},{"type":"Feature","properties":{"name":"Schwarzhäusern","cantonId":"bern","municipalityId":"schwarzhaeusern-341"},"geometry":{"type":"Polygon","coordinates":[[[7.74558,47.24918],[7.75845,47.25653],[7.75683,47.25809],[7.76485,47.26669],[7.77461,47.26787],[7.77582,47.26144],[7.78616,47.2561],[7.78008,47.25029],[7.76925,47.24944],[7.76385,47.24666],[7.76175,47.2487],[7.74891,47.24553],[7.74616,47.24855],[7.74558,47.24918]]]}},{"type":"Feature","properties":{"name":"Seeberg","cantonId":"bern","municipalityId":"seeberg-988"},"geometry":{"type":"Polygon","coordinates":[[[7.70081,47.16177],[7.70302,47.16229],[7.70813,47.15787],[7.70102,47.14955],[7.71161,47.14352],[7.71598,47.13601],[7.72542,47.13234],[7.72377,47.13061],[7.72563,47.12691],[7.72402,47.12014],[7.72683,47.12022],[7.72699,47.11573],[7.73048,47.11277],[7.72472,47.11206],[7.71976,47.11484],[7.71204,47.12302],[7.70964,47.12894],[7.7033,47.13162],[7.70245,47.13548],[7.68861,47.13287],[7.68474,47.12821],[7.67612,47.12827],[7.6727,47.1261],[7.64827,47.13306],[7.64977,47.13615],[7.65534,47.13899],[7.65258,47.1408],[7.6525,47.14404],[7.65887,47.14666],[7.65244,47.15158],[7.65076,47.15735],[7.65356,47.16083],[7.65166,47.16159],[7.66009,47.1684],[7.67272,47.16839],[7.67955,47.16315],[7.675,47.15644],[7.67528,47.15324],[7.69016,47.15256],[7.69379,47.15813],[7.70032,47.16106],[7.70081,47.16177]]]}},{"type":"Feature","properties":{"name":"Seedorf (BE)","cantonId":"bern","municipalityId":"seedorf-be-312"},"geometry":{"type":"Polygon","coordinates":[[[7.31314,47.00275],[7.30231,47.00484],[7.29384,47.0015],[7.28924,46.9983],[7.29113,46.99278],[7.29062,46.99056],[7.28659,46.9897],[7.28796,46.98659],[7.28066,46.98715],[7.27911,46.99146],[7.2802,46.99604],[7.2842,46.99949],[7.28346,47.00129],[7.29736,47.00781],[7.28427,47.02396],[7.28528,47.02615],[7.27807,47.02835],[7.27569,47.03213],[7.28145,47.03118],[7.30238,47.04258],[7.29987,47.04656],[7.31563,47.06031],[7.32733,47.06183],[7.33063,47.05794],[7.32667,47.05619],[7.33219,47.05238],[7.3319,47.04889],[7.33724,47.04932],[7.33994,47.04647],[7.32579,47.03607],[7.32672,47.03301],[7.33497,47.03526],[7.33363,47.03057],[7.33765,47.02893],[7.34065,47.03023],[7.34152,47.02621],[7.35768,47.01669],[7.3556,47.01424],[7.3477,47.01276],[7.34091,47.01687],[7.33388,47.01425],[7.33497,47.01238],[7.32895,47.00878],[7.31274,47.00628],[7.31292,47.00458],[7.31314,47.00275]]]}},{"type":"Feature","properties":{"name":"Seehof","cantonId":"bern","municipalityId":"seehof-709"},"geometry":{"type":"Polygon","coordinates":[[[7.55836,47.32236],[7.54835,47.31636],[7.54695,47.30608],[7.53908,47.30198],[7.53955,47.29861],[7.53288,47.29454],[7.52006,47.29385],[7.49539,47.28787],[7.48927,47.29032],[7.49296,47.29424],[7.48869,47.29978],[7.52347,47.31424],[7.55065,47.31985],[7.55836,47.32236]]]}},{"type":"Feature","properties":{"name":"Seftigen","cantonId":"bern","municipalityId":"seftigen-883"},"geometry":{"type":"Polygon","coordinates":[[[7.52754,46.79979],[7.53244,46.79806],[7.54214,46.8002],[7.5478,46.79513],[7.5537,46.79534],[7.55733,46.79172],[7.55376,46.78725],[7.55344,46.78312],[7.53549,46.78159],[7.52884,46.78581],[7.52131,46.78668],[7.52212,46.79171],[7.5276,46.79918],[7.52754,46.79979]]]}},{"type":"Feature","properties":{"name":"Signau","cantonId":"bern","municipalityId":"signau-907"},"geometry":{"type":"Polygon","coordinates":[[[7.74496,46.8828],[7.73114,46.88924],[7.73235,46.89185],[7.72862,46.89754],[7.73016,46.89841],[7.72124,46.90757],[7.71416,46.90625],[7.7119,46.9072],[7.71403,46.9106],[7.71106,46.91121],[7.71208,46.91238],[7.70507,46.91294],[7.70752,46.91554],[7.70437,46.91816],[7.7058,46.92552],[7.69758,46.93235],[7.7113,46.93728],[7.71787,46.93606],[7.73074,46.93829],[7.73818,46.93227],[7.74428,46.93768],[7.75076,46.95062],[7.75801,46.9427],[7.76454,46.94002],[7.76402,46.93781],[7.75938,46.93797],[7.75257,46.93337],[7.7623,46.93211],[7.76841,46.91807],[7.75775,46.91223],[7.76612,46.90065],[7.76557,46.89242],[7.7624,46.89176],[7.76466,46.88949],[7.75982,46.88458],[7.74505,46.8828],[7.74496,46.8828]]]}},{"type":"Feature","properties":{"name":"Sigriswil","cantonId":"bern","municipalityId":"sigriswil-938"},"geometry":{"type":"Polygon","coordinates":[[[7.73183,46.77385],[7.74083,46.77444],[7.75416,46.77067],[7.75716,46.77338],[7.7795,46.76547],[7.78621,46.76522],[7.78772,46.75983],[7.78971,46.76096],[7.79616,46.7562],[7.80392,46.7595],[7.80344,46.75156],[7.8081,46.74959],[7.80584,46.7407],[7.81004,46.73525],[7.80574,46.72968],[7.78711,46.71562],[7.7731,46.71059],[7.7715,46.70722],[7.76717,46.70585],[7.76685,46.70302],[7.75849,46.70021],[7.74953,46.69282],[7.74785,46.69027],[7.74909,46.68825],[7.75892,46.68541],[7.75673,46.68032],[7.74704,46.6831],[7.74294,46.69396],[7.73817,46.6948],[7.73566,46.70027],[7.72461,46.70754],[7.7019,46.71157],[7.68952,46.71623],[7.68411,46.72808],[7.68815,46.74072],[7.68637,46.74325],[7.69078,46.74318],[7.69959,46.74832],[7.70712,46.7444],[7.71286,46.7473],[7.71379,46.75533],[7.71894,46.75963],[7.71774,46.76446],[7.72064,46.76996],[7.73161,46.77372],[7.73183,46.77385]]]}},{"type":"Feature","properties":{"name":"Siselen","cantonId":"bern","municipalityId":"siselen-499"},"geometry":{"type":"Polygon","coordinates":[[[7.18358,47.0442],[7.18441,47.04231],[7.20565,47.04591],[7.20476,47.04301],[7.20787,47.04302],[7.2088,47.03831],[7.21511,47.03866],[7.20845,47.03575],[7.21244,47.02912],[7.2043,47.02419],[7.20686,47.02193],[7.19581,47.01555],[7.19336,47.01764],[7.19485,47.0185],[7.18633,47.02261],[7.18041,47.03126],[7.17962,47.04115],[7.18299,47.04379],[7.18358,47.0442]]]}},{"type":"Feature","properties":{"name":"Sonceboz-Sombeval","cantonId":"bern","municipalityId":"sonceboz-sombeval-444"},"geometry":{"type":"Polygon","coordinates":[[[7.16617,47.16618],[7.15653,47.19058],[7.15734,47.21076],[7.15372,47.2155],[7.17958,47.21185],[7.20744,47.20143],[7.20745,47.19805],[7.19994,47.19539],[7.20141,47.1898],[7.19851,47.1896],[7.20246,47.18025],[7.2011,47.17218],[7.18042,47.17224],[7.17112,47.16795],[7.16617,47.16618]]]}},{"type":"Feature","properties":{"name":"Sonvilier","cantonId":"bern","municipalityId":"sonvilier-445"},"geometry":{"type":"Polygon","coordinates":[[[6.91595,47.16337],[6.93728,47.17406],[6.9404,47.18036],[6.9538,47.17134],[6.97647,47.14686],[6.98627,47.14075],[6.98372,47.12748],[6.98458,47.1167],[6.94835,47.11242],[6.93992,47.10916],[6.93644,47.11332],[6.93756,47.11516],[6.93356,47.1182],[6.93601,47.12054],[6.93951,47.12006],[6.93138,47.12548],[6.94247,47.13145],[6.93996,47.13367],[6.93602,47.13288],[6.93131,47.13737],[6.92155,47.15395],[6.91595,47.16337]]]}},{"type":"Feature","properties":{"name":"Sorvilier","cantonId":"bern","municipalityId":"sorvilier-711"},"geometry":{"type":"Polygon","coordinates":[[[7.31926,47.2153],[7.30151,47.21622],[7.29378,47.2192],[7.2964,47.22525],[7.2949,47.23483],[7.29726,47.23619],[7.29515,47.23688],[7.29744,47.24067],[7.29081,47.24596],[7.291,47.2485],[7.30775,47.25165],[7.30979,47.24955],[7.3099,47.2433],[7.31836,47.24186],[7.31739,47.23874],[7.32087,47.23747],[7.32077,47.22948],[7.32285,47.22585],[7.31859,47.22456],[7.3252,47.22016],[7.32747,47.21563],[7.31993,47.21532],[7.31926,47.2153]]]}},{"type":"Feature","properties":{"name":"Spiez","cantonId":"bern","municipalityId":"spiez-768"},"geometry":{"type":"Polygon","coordinates":[[[7.6313,46.70938],[7.63331,46.71138],[7.62325,46.72102],[7.62886,46.72229],[7.62769,46.7209],[7.62984,46.72032],[7.62693,46.71973],[7.63183,46.7204],[7.629,46.71801],[7.63038,46.71711],[7.62915,46.71802],[7.63203,46.72035],[7.63943,46.72009],[7.6364,46.71685],[7.64153,46.7201],[7.64492,46.71731],[7.64115,46.7162],[7.64405,46.71561],[7.64193,46.71511],[7.6442,46.71468],[7.64378,46.71106],[7.65947,46.70341],[7.66346,46.69724],[7.68881,46.692],[7.68992,46.68835],[7.6859,46.68765],[7.70363,46.68268],[7.70348,46.67371],[7.72432,46.66768],[7.72477,46.66207],[7.70638,46.65981],[7.68955,46.66667],[7.67078,46.66687],[7.65967,46.68306],[7.63326,46.69064],[7.63147,46.69753],[7.63372,46.7065],[7.63113,46.70867],[7.6313,46.70938]]]}},{"type":"Feature","properties":{"name":"St. Stephan","cantonId":"bern","municipalityId":"st-stephan-793"},"geometry":{"type":"Polygon","coordinates":[[[7.35423,46.49131],[7.35747,46.50657],[7.36402,46.51071],[7.36618,46.51866],[7.37883,46.53077],[7.39264,46.53242],[7.40938,46.52869],[7.41176,46.52498],[7.41565,46.52407],[7.43242,46.52691],[7.45187,46.53552],[7.45431,46.53386],[7.46438,46.53611],[7.46771,46.53384],[7.48283,46.53291],[7.48575,46.52926],[7.49903,46.52611],[7.50929,46.51751],[7.52466,46.51477],[7.51716,46.50897],[7.51342,46.50228],[7.47298,46.49289],[7.46548,46.48923],[7.46134,46.49325],[7.45494,46.49112],[7.44098,46.49414],[7.44111,46.49155],[7.43507,46.49004],[7.42999,46.48577],[7.4126,46.4827],[7.40829,46.48027],[7.41435,46.4767],[7.41495,46.47341],[7.41841,46.47421],[7.41726,46.46582],[7.41278,46.4667],[7.41523,46.46303],[7.40641,46.46322],[7.40147,46.46029],[7.39196,46.44966],[7.38733,46.44931],[7.38057,46.46465],[7.36989,46.47428],[7.36584,46.48683],[7.35423,46.49131]]]}},{"type":"Feature","properties":{"name":"Steffisburg","cantonId":"bern","municipalityId":"steffisburg-939"},"geometry":{"type":"Polygon","coordinates":[[[7.66886,46.78601],[7.66367,46.78244],[7.65485,46.78086],[7.6585,46.78091],[7.66547,46.77342],[7.66861,46.77409],[7.66998,46.76954],[7.6731,46.76952],[7.66721,46.76533],[7.66128,46.7642],[7.65681,46.76632],[7.65384,46.76423],[7.63988,46.76657],[7.63448,46.76377],[7.62847,46.76284],[7.62678,46.76462],[7.62247,46.76178],[7.61593,46.7616],[7.60585,46.7703],[7.61546,46.77405],[7.60751,46.78999],[7.61059,46.79315],[7.60959,46.79782],[7.61221,46.80188],[7.61905,46.80123],[7.61912,46.79795],[7.62762,46.80255],[7.62962,46.79853],[7.64209,46.79272],[7.6466,46.79392],[7.653,46.79081],[7.65828,46.79345],[7.66705,46.79369],[7.66716,46.79192],[7.67054,46.79373],[7.67091,46.78999],[7.66889,46.79112],[7.65235,46.78494],[7.65202,46.78308],[7.65609,46.78311],[7.66869,46.78602],[7.66886,46.78601]]]}},{"type":"Feature","properties":{"name":"Stettlen","cantonId":"bern","municipalityId":"stettlen-358"},"geometry":{"type":"Polygon","coordinates":[[[7.5129,46.94682],[7.51276,46.95025],[7.51019,46.95085],[7.51293,46.96188],[7.50781,46.96529],[7.51033,46.96984],[7.51515,46.96397],[7.5152,46.96782],[7.51986,46.96739],[7.52263,46.96192],[7.52744,46.96478],[7.52747,46.96223],[7.53109,46.9607],[7.53489,46.96389],[7.5397,46.96326],[7.53445,46.96235],[7.53653,46.95894],[7.53511,46.95408],[7.53723,46.95247],[7.52999,46.94751],[7.5266,46.94967],[7.52672,46.94673],[7.52279,46.94622],[7.5241,46.9425],[7.52134,46.9432],[7.52006,46.9473],[7.51337,46.94679],[7.5129,46.94682]]]}},{"type":"Feature","properties":{"name":"Stocken-Höfen","cantonId":"bern","municipalityId":"stocken-hoefen-770"},"geometry":{"type":"Polygon","coordinates":[[[7.56593,46.73545],[7.56684,46.73177],[7.57194,46.72883],[7.57291,46.7223],[7.58371,46.71583],[7.60177,46.71359],[7.59925,46.71163],[7.60193,46.70751],[7.59005,46.70971],[7.59364,46.70826],[7.58392,46.69872],[7.58127,46.6988],[7.57494,46.68877],[7.54854,46.69227],[7.54614,46.69441],[7.53571,46.69427],[7.5319,46.70107],[7.54282,46.70415],[7.5474,46.71138],[7.54773,46.71843],[7.54122,46.72346],[7.54376,46.72494],[7.54179,46.7272],[7.55002,46.73251],[7.56588,46.73548],[7.56593,46.73545]]]}},{"type":"Feature","properties":{"name":"Studen (BE)","cantonId":"bern","municipalityId":"studen-be-749"},"geometry":{"type":"Polygon","coordinates":[[[7.28874,47.10822],[7.28345,47.10758],[7.28239,47.10933],[7.29523,47.11523],[7.29227,47.11837],[7.30223,47.12222],[7.30679,47.1188],[7.30798,47.11724],[7.30643,47.11674],[7.31764,47.11635],[7.31671,47.11466],[7.32223,47.11295],[7.31552,47.1102],[7.31287,47.10496],[7.30627,47.10744],[7.30486,47.10513],[7.30308,47.10751],[7.29964,47.1056],[7.29783,47.1076],[7.29003,47.10845],[7.28874,47.10822]]]}},{"type":"Feature","properties":{"name":"Sumiswald","cantonId":"bern","municipalityId":"sumiswald-957"},"geometry":{"type":"Polygon","coordinates":[[[7.76988,47.06317],[7.77521,47.06431],[7.77992,47.06177],[7.78709,47.06339],[7.7975,47.06158],[7.81144,47.05303],[7.81875,47.05639],[7.83721,47.05566],[7.85335,47.05366],[7.8582,47.04919],[7.86731,47.0485],[7.87477,47.04096],[7.8816,47.04059],[7.88408,47.03327],[7.89238,47.0301],[7.89476,47.02216],[7.90054,47.01797],[7.89694,47.01322],[7.90183,47.00625],[7.90034,47.00513],[7.87731,47.00407],[7.87019,46.99714],[7.82927,47.00232],[7.82362,47.00257],[7.8194,46.99976],[7.81598,47.00376],[7.819,47.00589],[7.8154,47.01168],[7.81723,47.01486],[7.80777,47.02369],[7.79982,47.02307],[7.79972,47.02644],[7.79572,47.02826],[7.79289,47.02495],[7.7913,47.02738],[7.78718,47.02727],[7.77655,47.02422],[7.77554,47.02191],[7.77036,47.02186],[7.76442,47.01712],[7.75417,47.01805],[7.75284,47.01617],[7.75111,47.01892],[7.73421,47.02138],[7.72346,47.01512],[7.72259,47.02115],[7.72612,47.02627],[7.72404,47.03071],[7.72926,47.03361],[7.72808,47.0394],[7.73319,47.04496],[7.72924,47.04785],[7.72639,47.04684],[7.72504,47.05118],[7.73393,47.05505],[7.74674,47.0512],[7.74812,47.05474],[7.75208,47.05329],[7.75701,47.05893],[7.76981,47.06313],[7.76988,47.06317]]]}},{"type":"Feature","properties":{"name":"Sutz-Lattrigen","cantonId":"bern","municipalityId":"sutz-lattrigen-750"},"geometry":{"type":"Polygon","coordinates":[[[7.22035,47.1157],[7.22488,47.11256],[7.22361,47.11118],[7.22556,47.11032],[7.22268,47.10842],[7.23201,47.10292],[7.23323,47.09872],[7.23213,47.09642],[7.22951,47.09707],[7.23121,47.09298],[7.22968,47.09435],[7.22764,47.09253],[7.22469,47.08298],[7.21815,47.08703],[7.21386,47.0936],[7.20305,47.09025],[7.20378,47.09405],[7.21968,47.1102],[7.22032,47.11565],[7.22035,47.1157]]]}},{"type":"Feature","properties":{"name":"Täuffelen","cantonId":"bern","municipalityId":"taeuffelen-751"},"geometry":{"type":"Polygon","coordinates":[[[7.17672,47.06329],[7.17715,47.06539],[7.18284,47.06268],[7.18116,47.06458],[7.18879,47.06824],[7.19923,47.08272],[7.20559,47.07985],[7.21057,47.07521],[7.20364,47.06976],[7.20511,47.06583],[7.2091,47.06032],[7.21411,47.06176],[7.21453,47.06003],[7.20631,47.05736],[7.20723,47.05533],[7.20384,47.05297],[7.19843,47.05245],[7.19668,47.04867],[7.18729,47.0535],[7.19386,47.05602],[7.19101,47.05964],[7.19254,47.06199],[7.18324,47.05964],[7.18001,47.06145],[7.17672,47.06329]]]}},{"type":"Feature","properties":{"name":"Tavannes","cantonId":"bern","municipalityId":"tavannes-713"},"geometry":{"type":"Polygon","coordinates":[[[7.20744,47.20143],[7.17958,47.21185],[7.1404,47.21751],[7.14396,47.22587],[7.14932,47.22842],[7.14792,47.2354],[7.15759,47.23727],[7.17184,47.23443],[7.17825,47.23701],[7.1977,47.23461],[7.20321,47.22959],[7.21031,47.22934],[7.2221,47.21535],[7.22303,47.21317],[7.21979,47.21054],[7.22245,47.20852],[7.22631,47.20978],[7.22713,47.20782],[7.21729,47.20777],[7.2086,47.20185],[7.20744,47.20143]]]}},{"type":"Feature","properties":{"name":"Teuffenthal (BE)","cantonId":"bern","municipalityId":"teuffenthal-be-940"},"geometry":{"type":"Polygon","coordinates":[[[7.69778,46.76094],[7.69691,46.76349],[7.69929,46.76416],[7.70132,46.76964],[7.70699,46.77427],[7.71567,46.77645],[7.71822,46.77962],[7.71638,46.77989],[7.72358,46.77955],[7.72718,46.78201],[7.73157,46.7807],[7.72973,46.77846],[7.73205,46.77704],[7.73183,46.77385],[7.72049,46.76973],[7.71774,46.76446],[7.71894,46.75963],[7.71379,46.75533],[7.71286,46.7473],[7.70171,46.75331],[7.70055,46.7594],[7.6979,46.76082],[7.69778,46.76094]]]}},{"type":"Feature","properties":{"name":"Thierachern","cantonId":"bern","municipalityId":"thierachern-941"},"geometry":{"type":"Polygon","coordinates":[[[7.55229,46.76256],[7.56529,46.75907],[7.57193,46.75935],[7.57603,46.76291],[7.58464,46.76488],[7.59123,46.76457],[7.59321,46.76247],[7.58676,46.73617],[7.58187,46.73157],[7.56851,46.74421],[7.56057,46.74169],[7.55403,46.74932],[7.54483,46.7498],[7.54094,46.75259],[7.54844,46.75447],[7.55229,46.76255],[7.55229,46.76256]]]}},{"type":"Feature","properties":{"name":"Thörigen","cantonId":"bern","municipalityId":"thoerigen-989"},"geometry":{"type":"Polygon","coordinates":[[[7.73818,47.18188],[7.74181,47.17654],[7.73733,47.17478],[7.73967,47.17155],[7.74551,47.17185],[7.74922,47.16808],[7.73612,47.16508],[7.72717,47.15565],[7.72045,47.15854],[7.72131,47.16316],[7.71708,47.16231],[7.71679,47.16536],[7.72302,47.16733],[7.72213,47.17126],[7.72558,47.17235],[7.71584,47.18295],[7.72672,47.18426],[7.73022,47.19294],[7.73816,47.18191],[7.73818,47.18188]]]}},{"type":"Feature","properties":{"name":"Thun","cantonId":"bern","municipalityId":"thun-942"},"geometry":{"type":"Polygon","coordinates":[[[7.60525,46.77105],[7.61572,46.76162],[7.62247,46.76178],[7.62678,46.76462],[7.62847,46.76284],[7.63448,46.76377],[7.63988,46.76657],[7.65384,46.76423],[7.65718,46.7663],[7.66128,46.7642],[7.67261,46.76886],[7.67902,46.76572],[7.6869,46.76564],[7.69027,46.7614],[7.68625,46.75918],[7.66441,46.75789],[7.65661,46.75513],[7.64838,46.74822],[7.64033,46.74867],[7.63802,46.74738],[7.63899,46.7462],[7.629,46.74229],[7.63345,46.74169],[7.62849,46.74055],[7.63383,46.74035],[7.63027,46.73645],[7.63242,46.73557],[7.63012,46.73431],[7.63258,46.73427],[7.62998,46.73411],[7.63133,46.73351],[7.62832,46.73115],[7.63073,46.72797],[7.6297,46.72551],[7.62572,46.72527],[7.6281,46.7226],[7.62312,46.7206],[7.63331,46.71138],[7.6313,46.70938],[7.61408,46.71511],[7.60516,46.72354],[7.59199,46.72928],[7.58661,46.73398],[7.58645,46.74003],[7.59239,46.76136],[7.59572,46.7677],[7.60161,46.76981],[7.60074,46.77148],[7.60341,46.77042],[7.60525,46.77105]]]}},{"type":"Feature","properties":{"name":"Thunstetten","cantonId":"bern","municipalityId":"thunstetten-342"},"geometry":{"type":"Polygon","coordinates":[[[7.72147,47.20904],[7.73151,47.2162],[7.73369,47.22034],[7.73627,47.21867],[7.74367,47.22254],[7.76253,47.22213],[7.76416,47.22471],[7.7684,47.22273],[7.76179,47.21995],[7.76682,47.21235],[7.76756,47.20321],[7.76266,47.20069],[7.7657,47.19738],[7.7486,47.18967],[7.73818,47.18188],[7.73022,47.19294],[7.73251,47.20679],[7.72263,47.20502],[7.72164,47.20862],[7.72147,47.20904]]]}},{"type":"Feature","properties":{"name":"Thurnen","cantonId":"bern","municipalityId":"thurnen-889"},"geometry":{"type":"Polygon","coordinates":[[[7.51424,46.83087],[7.51685,46.83078],[7.52005,46.82324],[7.5221,46.82348],[7.52697,46.8031],[7.51214,46.80169],[7.50519,46.80434],[7.50036,46.80254],[7.49465,46.80707],[7.49648,46.8109],[7.49505,46.81202],[7.49787,46.81308],[7.49561,46.81452],[7.4942,46.82449],[7.512,46.82818],[7.51111,46.83011],[7.51424,46.83087]]]}},{"type":"Feature","properties":{"name":"Toffen","cantonId":"bern","municipalityId":"toffen-884"},"geometry":{"type":"Polygon","coordinates":[[[7.50377,46.84516],[7.49366,46.84569],[7.49089,46.84273],[7.48452,46.84492],[7.48376,46.84302],[7.48118,46.8464],[7.48059,46.84847],[7.48342,46.84841],[7.48516,46.85195],[7.48408,46.85778],[7.48098,46.85922],[7.48424,46.86292],[7.48261,46.86762],[7.48406,46.87531],[7.48931,46.8798],[7.4948,46.87959],[7.49307,46.87642],[7.4962,46.87548],[7.49474,46.87141],[7.49771,46.87087],[7.49573,46.86266],[7.5032,46.86152],[7.50535,46.8574],[7.50367,46.85632],[7.50552,46.84581],[7.50377,46.84516]]]}},{"type":"Feature","properties":{"name":"Trachselwald","cantonId":"bern","municipalityId":"trachselwald-958"},"geometry":{"type":"Polygon","coordinates":[[[7.77659,46.99217],[7.76695,46.9917],[7.7558,47.0024],[7.75314,47.00066],[7.74652,47.00373],[7.7481,47.00533],[7.74391,47.00415],[7.74089,47.0106],[7.74241,47.01181],[7.73508,47.01948],[7.73839,47.02102],[7.75111,47.01892],[7.75284,47.01617],[7.75417,47.01805],[7.75953,47.01632],[7.78346,47.02654],[7.7913,47.02738],[7.79289,47.02495],[7.79554,47.02826],[7.79972,47.02644],[7.79982,47.02307],[7.80777,47.02369],[7.81723,47.01486],[7.8154,47.01168],[7.819,47.00589],[7.81598,47.00376],[7.8194,46.99976],[7.8137,47.00092],[7.79813,46.99427],[7.78122,46.99457],[7.77662,46.99222],[7.77659,46.99217]]]}},{"type":"Feature","properties":{"name":"Tramelan","cantonId":"bern","municipalityId":"tramelan-446"},"geometry":{"type":"Polygon","coordinates":[[[7.07954,47.24777],[7.07961,47.24341],[7.0852,47.24538],[7.08883,47.24158],[7.08574,47.23998],[7.08842,47.23702],[7.09623,47.23704],[7.10337,47.24311],[7.11149,47.2419],[7.129,47.24502],[7.13977,47.24319],[7.15047,47.2464],[7.14879,47.23766],[7.13877,47.235],[7.14812,47.23483],[7.14932,47.22866],[7.14396,47.22587],[7.1404,47.21751],[7.1322,47.21727],[7.10961,47.20942],[7.08781,47.2114],[7.0712,47.20682],[7.06612,47.21115],[7.06053,47.20926],[7.05464,47.21277],[7.04857,47.21151],[7.04683,47.21353],[7.04963,47.21594],[7.04368,47.22303],[7.04736,47.22706],[7.05869,47.23119],[7.05635,47.23693],[7.05724,47.24104],[7.07745,47.24707],[7.07954,47.24777]]]}},{"type":"Feature","properties":{"name":"Treiten","cantonId":"bern","municipalityId":"treiten-500"},"geometry":{"type":"Polygon","coordinates":[[[7.15809,47.01814],[7.16776,47.02053],[7.17365,47.01732],[7.17926,47.00935],[7.17714,47.00774],[7.17846,47.0058],[7.17094,46.99977],[7.17863,46.99404],[7.17112,46.99137],[7.16535,46.99615],[7.16157,46.99373],[7.1476,47.00689],[7.15776,47.01812],[7.15809,47.01814]]]}},{"type":"Feature","properties":{"name":"Trub","cantonId":"bern","municipalityId":"trub-908"},"geometry":{"type":"Polygon","coordinates":[[[7.90183,47.00625],[7.92288,47.01055],[7.93267,47.00424],[7.95242,47.00592],[7.95621,47.00342],[7.94825,46.9933],[7.95244,46.98125],[7.94392,46.97718],[7.94613,46.96885],[7.93225,46.96165],[7.93166,46.95051],[7.92169,46.94673],[7.92087,46.94181],[7.91527,46.93463],[7.90793,46.93268],[7.89751,46.93463],[7.87267,46.92429],[7.86703,46.91477],[7.87992,46.91107],[7.88312,46.90663],[7.8798,46.90126],[7.8818,46.89965],[7.87534,46.89576],[7.87306,46.88967],[7.8586,46.88529],[7.85053,46.89253],[7.8527,46.89409],[7.852,46.90051],[7.85381,46.90281],[7.85782,46.90063],[7.86229,46.90503],[7.85879,46.9061],[7.85451,46.91158],[7.85798,46.91467],[7.86182,46.91381],[7.86242,46.92297],[7.86593,46.92474],[7.8637,46.92752],[7.85306,46.92885],[7.85145,46.93102],[7.85584,46.9332],[7.84879,46.9357],[7.85101,46.93762],[7.84748,46.94081],[7.84805,46.94261],[7.83825,46.94961],[7.83749,46.95385],[7.84041,46.95854],[7.83954,46.96867],[7.84101,46.97464],[7.84724,46.98271],[7.84513,46.98449],[7.85115,46.98444],[7.86116,46.98884],[7.86709,46.98704],[7.87019,46.99714],[7.87519,47.0034],[7.90034,47.00513],[7.90183,47.00625]]]}},{"type":"Feature","properties":{"name":"Trubschachen","cantonId":"bern","municipalityId":"trubschachen-909"},"geometry":{"type":"Polygon","coordinates":[[[7.84885,46.93576],[7.85584,46.9332],[7.85145,46.93102],[7.85306,46.92885],[7.86536,46.92676],[7.86593,46.92474],[7.86242,46.92297],[7.86182,46.91381],[7.85798,46.91467],[7.85451,46.91158],[7.85879,46.9061],[7.86229,46.90503],[7.85782,46.90063],[7.85461,46.90277],[7.8524,46.90128],[7.85328,46.89593],[7.85053,46.89253],[7.85317,46.89077],[7.84552,46.88801],[7.84329,46.88392],[7.82649,46.88426],[7.81448,46.89175],[7.8142,46.90142],[7.80657,46.90436],[7.8056,46.90678],[7.81067,46.91171],[7.81903,46.91527],[7.81942,46.92403],[7.8256,46.92323],[7.82802,46.92767],[7.84135,46.92978],[7.84489,46.93517],[7.84872,46.93579],[7.84885,46.93576]]]}},{"type":"Feature","properties":{"name":"Tschugg","cantonId":"bern","municipalityId":"tschugg-501"},"geometry":{"type":"Polygon","coordinates":[[[7.07553,47.03088],[7.08859,47.03401],[7.09305,47.03068],[7.09089,47.02906],[7.09428,47.02547],[7.08516,47.01869],[7.08807,47.01671],[7.083,47.01305],[7.07713,47.01563],[7.07208,47.02114],[7.06167,47.01821],[7.05149,47.02141],[7.05904,47.02662],[7.06035,47.02257],[7.06289,47.0232],[7.07575,47.02823],[7.07549,47.03078],[7.07553,47.03088]]]}},{"type":"Feature","properties":{"name":"Twann-Tüscherz","cantonId":"bern","municipalityId":"twann-tuescherz-756"},"geometry":{"type":"MultiPolygon","coordinates":[[[[7.21548,47.12719],[7.19374,47.11246],[7.18346,47.1082],[7.17664,47.10081],[7.15431,47.09144],[7.14076,47.10167],[7.13954,47.10622],[7.14116,47.10958],[7.15098,47.11331],[7.15482,47.1183],[7.16494,47.1214],[7.16696,47.12397],[7.1842,47.12499],[7.20054,47.13368],[7.20698,47.12907],[7.21541,47.12725],[7.21548,47.12719]]],[[[7.12237,47.05467],[7.1194,47.05759],[7.12599,47.0622],[7.13486,47.0647],[7.13988,47.07222],[7.14006,47.07611],[7.14742,47.0745],[7.14722,47.0706],[7.13357,47.05997],[7.12244,47.05473],[7.12237,47.05467]]]]}},{"type":"Feature","properties":{"name":"Uebeschi","cantonId":"bern","municipalityId":"uebeschi-943"},"geometry":{"type":"Polygon","coordinates":[[[7.54094,46.75259],[7.54483,46.7498],[7.55403,46.74932],[7.55894,46.7424],[7.56691,46.74282],[7.56855,46.74031],[7.56599,46.73907],[7.56792,46.73778],[7.56593,46.73545],[7.55002,46.73251],[7.54179,46.7272],[7.52904,46.73462],[7.53275,46.73776],[7.53019,46.73962],[7.53944,46.74279],[7.53721,46.74794],[7.53982,46.75262],[7.54094,46.75259]]]}},{"type":"Feature","properties":{"name":"Uetendorf","cantonId":"bern","municipalityId":"uetendorf-944"},"geometry":{"type":"Polygon","coordinates":[[[7.55229,46.76256],[7.55019,46.76454],[7.55423,46.76889],[7.54954,46.77189],[7.55206,46.77269],[7.55376,46.78725],[7.56034,46.79262],[7.56421,46.78942],[7.57774,46.78595],[7.58037,46.78752],[7.58714,46.78518],[7.59607,46.78636],[7.60525,46.77105],[7.60074,46.77148],[7.60161,46.76981],[7.59572,46.7677],[7.5941,46.76224],[7.59123,46.76457],[7.58464,46.76488],[7.57603,46.76291],[7.57193,46.75935],[7.56529,46.75907],[7.55262,46.76253],[7.55229,46.76256]]]}},{"type":"Feature","properties":{"name":"Unterlangenegg","cantonId":"bern","municipalityId":"unterlangenegg-945"},"geometry":{"type":"Polygon","coordinates":[[[7.72668,46.80928],[7.71321,46.78813],[7.70501,46.78994],[7.69408,46.78744],[7.68025,46.78836],[7.67733,46.79311],[7.68011,46.79592],[7.67579,46.80031],[7.67803,46.80263],[7.69443,46.80462],[7.69325,46.80691],[7.70313,46.81252],[7.71001,46.81186],[7.71061,46.80923],[7.71709,46.81121],[7.7265,46.80925],[7.72668,46.80928]]]}},{"type":"Feature","properties":{"name":"Unterseen","cantonId":"bern","municipalityId":"unterseen-593"},"geometry":{"type":"Polygon","coordinates":[[[7.82997,46.66721],[7.82752,46.66758],[7.83114,46.67303],[7.82529,46.67197],[7.81875,46.67527],[7.81512,46.67869],[7.81654,46.67911],[7.81303,46.67856],[7.81421,46.68069],[7.81151,46.68227],[7.80083,46.68463],[7.80462,46.6883],[7.81299,46.68631],[7.81761,46.68813],[7.81775,46.69258],[7.82945,46.70333],[7.83072,46.70626],[7.82861,46.70724],[7.8364,46.71173],[7.84042,46.71837],[7.8486,46.71072],[7.85399,46.71558],[7.86506,46.72026],[7.86687,46.72351],[7.87,46.71936],[7.87735,46.72214],[7.88142,46.71721],[7.85463,46.69955],[7.85695,46.69608],[7.85788,46.69761],[7.86042,46.6961],[7.86196,46.68997],[7.85283,46.68831],[7.8453,46.67946],[7.84824,46.67896],[7.84614,46.67624],[7.83057,46.66745],[7.82997,46.66721]]]}},{"type":"Feature","properties":{"name":"Ursenbach","cantonId":"bern","municipalityId":"ursenbach-344"},"geometry":{"type":"Polygon","coordinates":[[[7.76201,47.1085],[7.7594,47.10872],[7.75958,47.11519],[7.74892,47.11719],[7.74693,47.12013],[7.73908,47.11837],[7.73434,47.12544],[7.74313,47.13202],[7.74103,47.13655],[7.74378,47.13568],[7.74874,47.13845],[7.74889,47.13496],[7.7522,47.13387],[7.76194,47.13727],[7.76309,47.14182],[7.77227,47.14829],[7.78532,47.14769],[7.78124,47.13332],[7.78549,47.13035],[7.78643,47.12596],[7.79162,47.12323],[7.78945,47.12055],[7.78124,47.12398],[7.78176,47.12167],[7.76887,47.12002],[7.76767,47.11126],[7.76204,47.10856],[7.76201,47.1085]]]}},{"type":"Feature","properties":{"name":"Urtenen-Schönbühl","cantonId":"bern","municipalityId":"urtenen-schoenbuehl-551"},"geometry":{"type":"Polygon","coordinates":[[[7.51021,46.99959],[7.5095,47.00582],[7.49409,47.01781],[7.49303,47.02108],[7.48644,47.01968],[7.4697,47.02587],[7.47063,47.02732],[7.477,47.02565],[7.4783,47.02712],[7.47645,47.02805],[7.47896,47.02925],[7.47699,47.03226],[7.48318,47.0347],[7.48305,47.03836],[7.50745,47.03714],[7.50481,47.02976],[7.51147,47.02975],[7.50934,47.02411],[7.51525,47.01546],[7.51885,47.01487],[7.52569,47.00396],[7.51697,47.00332],[7.51141,47.00033],[7.51021,46.99959]]]}},{"type":"Feature","properties":{"name":"Uttigen","cantonId":"bern","municipalityId":"uttigen-885"},"geometry":{"type":"Polygon","coordinates":[[[7.56029,46.79261],[7.55469,46.80469],[7.56693,46.80827],[7.5712,46.79972],[7.58829,46.79477],[7.59607,46.78636],[7.58714,46.78518],[7.58037,46.78752],[7.57774,46.78595],[7.56421,46.78942],[7.56034,46.79262],[7.56029,46.79261]]]}},{"type":"Feature","properties":{"name":"Utzenstorf","cantonId":"bern","municipalityId":"utzenstorf-552"},"geometry":{"type":"Polygon","coordinates":[[[7.58579,47.14755],[7.58955,47.14297],[7.58387,47.12952],[7.587,47.12943],[7.58889,47.12618],[7.5893,47.11804],[7.5938,47.11669],[7.58995,47.11168],[7.58533,47.11348],[7.5828,47.11207],[7.58358,47.11615],[7.58173,47.11678],[7.58079,47.11072],[7.57681,47.10938],[7.57576,47.10509],[7.57291,47.10582],[7.56842,47.10332],[7.5705,47.10133],[7.56199,47.09876],[7.56289,47.09588],[7.54511,47.1039],[7.53528,47.11156],[7.53382,47.11553],[7.54474,47.13062],[7.54492,47.15035],[7.54779,47.15097],[7.5523,47.14607],[7.55418,47.14712],[7.55367,47.14173],[7.56165,47.14248],[7.56214,47.14071],[7.56935,47.14259],[7.56867,47.14468],[7.57172,47.14559],[7.56894,47.14793],[7.57706,47.15294],[7.58156,47.14737],[7.58581,47.14765],[7.58579,47.14755]]]}},{"type":"Feature","properties":{"name":"Valbirse","cantonId":"bern","municipalityId":"valbirse-717"},"geometry":{"type":"Polygon","coordinates":[[[7.24994,47.21601],[7.25174,47.21657],[7.25161,47.22047],[7.24776,47.23125],[7.24936,47.23898],[7.2462,47.24197],[7.24843,47.24434],[7.24668,47.26019],[7.25026,47.25961],[7.25356,47.2638],[7.28122,47.26613],[7.28366,47.25628],[7.29114,47.24949],[7.29081,47.24596],[7.29744,47.24067],[7.29515,47.23688],[7.29726,47.23619],[7.2949,47.23483],[7.2964,47.22525],[7.29381,47.21997],[7.29609,47.21748],[7.29316,47.21547],[7.25705,47.21102],[7.25067,47.21223],[7.2503,47.21422],[7.24994,47.21601]]]}},{"type":"Feature","properties":{"name":"Vechigen","cantonId":"bern","municipalityId":"vechigen-359"},"geometry":{"type":"Polygon","coordinates":[[[7.59878,46.95025],[7.59372,46.95153],[7.58474,46.94648],[7.57208,46.9466],[7.57075,46.94512],[7.57394,46.93997],[7.55798,46.9401],[7.55747,46.94309],[7.54843,46.94513],[7.54473,46.93686],[7.54109,46.93514],[7.52198,46.93835],[7.5206,46.94224],[7.51304,46.94429],[7.5129,46.94682],[7.52006,46.9473],[7.52134,46.9432],[7.5241,46.9425],[7.52279,46.94622],[7.52672,46.94673],[7.5266,46.94967],[7.52999,46.94751],[7.53723,46.95247],[7.53511,46.95408],[7.53653,46.95894],[7.53445,46.96235],[7.54684,46.96296],[7.5459,46.97081],[7.54901,46.97434],[7.54998,46.98083],[7.54536,46.98269],[7.55113,46.99055],[7.55107,46.99565],[7.55483,46.99581],[7.55497,46.99392],[7.55856,46.99377],[7.55732,46.98813],[7.56281,46.98579],[7.57518,46.99186],[7.57564,46.98823],[7.57944,46.98572],[7.59199,46.98431],[7.59939,46.97871],[7.60285,46.97972],[7.60248,46.9765],[7.61282,46.97461],[7.61796,46.97595],[7.61057,46.97305],[7.61441,46.97087],[7.61593,46.96575],[7.61102,46.96475],[7.61234,46.96217],[7.60316,46.95991],[7.60911,46.9561],[7.60762,46.95301],[7.59939,46.95022],[7.59878,46.95025]]]}},{"type":"Feature","properties":{"name":"Villeret","cantonId":"bern","municipalityId":"villeret-448"},"geometry":{"type":"Polygon","coordinates":[[[6.98463,47.17617],[6.99451,47.18699],[6.99644,47.19334],[7.01615,47.19477],[7.01486,47.19116],[7.01652,47.18465],[7.02385,47.17937],[7.04136,47.15708],[7.05372,47.13193],[7.03998,47.12465],[7.03212,47.12939],[7.01464,47.14233],[7.01017,47.15403],[7.01146,47.16188],[7.00584,47.16861],[7.00077,47.17172],[6.99531,47.16929],[6.98507,47.17581],[6.98463,47.17617]]]}},{"type":"Feature","properties":{"name":"Vinelz","cantonId":"bern","municipalityId":"vinelz-502"},"geometry":{"type":"Polygon","coordinates":[[[7.1381,47.02887],[7.11942,47.02559],[7.1158,47.02849],[7.10499,47.02094],[7.10252,47.02327],[7.09565,47.02088],[7.09631,47.02441],[7.09919,47.02602],[7.09716,47.03004],[7.10609,47.03924],[7.11987,47.03793],[7.13978,47.04342],[7.14138,47.04176],[7.14453,47.04424],[7.14649,47.03873],[7.13661,47.03582],[7.13929,47.03194],[7.1329,47.03145],[7.13779,47.02896],[7.1381,47.02887]]]}},{"type":"Feature","properties":{"name":"Wachseldorn","cantonId":"bern","municipalityId":"wachseldorn-946"},"geometry":{"type":"Polygon","coordinates":[[[7.72668,46.80928],[7.72947,46.81082],[7.72883,46.81254],[7.71731,46.82011],[7.71732,46.82276],[7.72539,46.82565],[7.73498,46.82594],[7.74116,46.82907],[7.74539,46.82521],[7.75469,46.82481],[7.75647,46.81802],[7.74895,46.81415],[7.73593,46.81643],[7.73289,46.81079],[7.72663,46.80897],[7.72668,46.80928]]]}},{"type":"Feature","properties":{"name":"Wald (BE)","cantonId":"bern","municipalityId":"wald-be-888"},"geometry":{"type":"Polygon","coordinates":[[[7.47794,46.8979],[7.48467,46.88691],[7.48234,46.8815],[7.48931,46.8798],[7.48441,46.87606],[7.48267,46.86797],[7.47602,46.86744],[7.47487,46.87017],[7.47102,46.87002],[7.47009,46.87201],[7.45803,46.86583],[7.45462,46.86813],[7.45215,46.86584],[7.4474,46.86745],[7.44773,46.86237],[7.42998,46.85437],[7.43387,46.86032],[7.4314,46.8607],[7.43169,46.86262],[7.43726,46.86162],[7.43653,46.86386],[7.44056,46.86718],[7.43572,46.87236],[7.44261,46.87786],[7.43676,46.88076],[7.4381,46.88506],[7.43248,46.88303],[7.43038,46.88507],[7.43326,46.88897],[7.44751,46.89355],[7.45162,46.89838],[7.45083,46.90496],[7.45818,46.90596],[7.46818,46.90376],[7.47788,46.89799],[7.47794,46.8979]]]}},{"type":"Feature","properties":{"name":"Walkringen","cantonId":"bern","municipalityId":"walkringen-626"},"geometry":{"type":"Polygon","coordinates":[[[7.59878,46.95025],[7.60762,46.95301],[7.60911,46.9561],[7.60316,46.95991],[7.61234,46.96217],[7.61102,46.96475],[7.61593,46.96575],[7.61441,46.97087],[7.61057,46.97305],[7.61822,46.97511],[7.60254,46.97695],[7.61698,46.98019],[7.62769,46.98636],[7.63413,46.98192],[7.64309,46.98103],[7.64847,46.98401],[7.65068,46.98052],[7.656,46.98173],[7.6582,46.9807],[7.65729,46.9788],[7.66112,46.97739],[7.66121,46.97269],[7.65745,46.9693],[7.66048,46.9655],[7.64421,46.95426],[7.64047,46.94686],[7.63534,46.94659],[7.63243,46.94192],[7.62731,46.94268],[7.62526,46.93975],[7.62237,46.93997],[7.62206,46.93701],[7.61738,46.93585],[7.61763,46.932],[7.6125,46.93235],[7.59057,46.94007],[7.596,46.94671],[7.59525,46.94893],[7.59839,46.95036],[7.59878,46.95025]]]}},{"type":"Feature","properties":{"name":"Walliswil bei Niederbipp","cantonId":"bern","municipalityId":"walliswil-bei-niederbipp-990"},"geometry":{"type":"Polygon","coordinates":[[[7.69344,47.24153],[7.69708,47.24162],[7.70788,47.23228],[7.71559,47.23022],[7.71412,47.22782],[7.70175,47.23231],[7.681,47.23574],[7.67978,47.23785],[7.68322,47.24113],[7.69174,47.23939],[7.6942,47.23949],[7.69353,47.24148],[7.69344,47.24153]]]}},{"type":"Feature","properties":{"name":"Walliswil bei Wangen","cantonId":"bern","municipalityId":"walliswil-bei-wangen-991"},"geometry":{"type":"Polygon","coordinates":[[[7.6923,47.22474],[7.68272,47.21918],[7.68146,47.21747],[7.68378,47.21474],[7.6809,47.21604],[7.6771,47.21436],[7.67052,47.22432],[7.67514,47.2251],[7.67245,47.2328],[7.67482,47.23667],[7.70175,47.23231],[7.69255,47.22483],[7.6923,47.22474]]]}},{"type":"Feature","properties":{"name":"Walperswil","cantonId":"bern","municipalityId":"walperswil-754"},"geometry":{"type":"Polygon","coordinates":[[[7.25064,47.05127],[7.24875,47.04831],[7.25075,47.04633],[7.22491,47.04614],[7.22132,47.03914],[7.2088,47.03831],[7.20787,47.04302],[7.20476,47.04301],[7.20565,47.04591],[7.19624,47.0482],[7.19843,47.05245],[7.20384,47.05297],[7.20723,47.05533],[7.20631,47.05736],[7.21453,47.06003],[7.21411,47.06176],[7.22848,47.06457],[7.2335,47.06766],[7.2342,47.06517],[7.23753,47.06507],[7.23771,47.05876],[7.24535,47.05466],[7.24746,47.05764],[7.25013,47.05608],[7.24877,47.0521],[7.25064,47.05127]]]}},{"type":"Feature","properties":{"name":"Walterswil (BE)","cantonId":"bern","municipalityId":"walterswil-be-959"},"geometry":{"type":"Polygon","coordinates":[[[7.74152,47.10054],[7.75556,47.09915],[7.75992,47.10652],[7.76767,47.11126],[7.76878,47.11996],[7.78176,47.12167],[7.7815,47.12398],[7.79083,47.12081],[7.79226,47.1175],[7.79119,47.10927],[7.78585,47.10451],[7.7883,47.1037],[7.78687,47.09808],[7.78,47.09587],[7.7814,47.09435],[7.77493,47.09378],[7.77287,47.08984],[7.76615,47.08716],[7.76032,47.09477],[7.75043,47.09338],[7.74669,47.0904],[7.7415,47.09299],[7.73505,47.08694],[7.73696,47.09166],[7.73317,47.09534],[7.73876,47.09676],[7.74129,47.10038],[7.74152,47.10054]]]}},{"type":"Feature","properties":{"name":"Wangen an der Aare","cantonId":"bern","municipalityId":"wangen-an-der-aare-992"},"geometry":{"type":"Polygon","coordinates":[[[7.64864,47.21097],[7.64596,47.21502],[7.64848,47.21895],[7.63919,47.22339],[7.64396,47.22545],[7.64057,47.22979],[7.62619,47.22631],[7.62353,47.22936],[7.61912,47.22905],[7.61706,47.23386],[7.63779,47.2357],[7.6394,47.23761],[7.65239,47.23954],[7.65532,47.2376],[7.66667,47.23849],[7.67482,47.23667],[7.67245,47.2328],[7.67514,47.2251],[7.67052,47.22432],[7.67686,47.21456],[7.64963,47.20997],[7.64864,47.21097]]]}},{"type":"Feature","properties":{"name":"Wattenwil","cantonId":"bern","municipalityId":"wattenwil-886"},"geometry":{"type":"Polygon","coordinates":[[[7.51756,46.78391],[7.51631,46.778],[7.52025,46.77517],[7.51702,46.7691],[7.51672,46.75952],[7.52072,46.75441],[7.50824,46.74518],[7.48877,46.74043],[7.47612,46.73347],[7.47579,46.73811],[7.47748,46.73831],[7.47442,46.74099],[7.47399,46.74681],[7.46139,46.75728],[7.45973,46.7613],[7.47141,46.77047],[7.48601,46.77137],[7.48774,46.77611],[7.49245,46.77926],[7.50545,46.77711],[7.51395,46.77978],[7.51662,46.78405],[7.51756,46.78391]]]}},{"type":"Feature","properties":{"name":"Wengi","cantonId":"bern","municipalityId":"wengi-394"},"geometry":{"type":"Polygon","coordinates":[[[7.41221,47.09566],[7.42132,47.09691],[7.42258,47.09343],[7.41966,47.09259],[7.42146,47.08662],[7.41909,47.08302],[7.42188,47.08077],[7.41857,47.08244],[7.41116,47.07948],[7.40746,47.08381],[7.40582,47.08007],[7.40934,47.07617],[7.40182,47.07386],[7.38786,47.07443],[7.38414,47.07723],[7.38381,47.08343],[7.37252,47.08092],[7.3679,47.08148],[7.36412,47.08541],[7.36704,47.08964],[7.37497,47.08955],[7.37468,47.09423],[7.37774,47.09643],[7.38637,47.09618],[7.38946,47.09513],[7.39012,47.09225],[7.41171,47.09552],[7.41221,47.09566]]]}},{"type":"Feature","properties":{"name":"Wichtrach","cantonId":"bern","municipalityId":"wichtrach-632"},"geometry":{"type":"Polygon","coordinates":[[[7.60268,46.83634],[7.59886,46.8345],[7.59451,46.8372],[7.59573,46.83214],[7.58739,46.83167],[7.58188,46.82719],[7.57681,46.8281],[7.56778,46.82485],[7.55846,46.83938],[7.556,46.85609],[7.56158,46.85846],[7.5613,46.86037],[7.57006,46.86277],[7.58198,46.8628],[7.58311,46.86079],[7.58772,46.86215],[7.59137,46.85755],[7.59536,46.85773],[7.59779,46.85272],[7.60868,46.85053],[7.60373,46.83839],[7.60268,46.83634]]]}},{"type":"Feature","properties":{"name":"Wiedlisbach","cantonId":"bern","municipalityId":"wiedlisbach-995"},"geometry":{"type":"Polygon","coordinates":[[[7.69344,47.24153],[7.6942,47.23949],[7.69232,47.23941],[7.68322,47.24113],[7.67978,47.23785],[7.681,47.23574],[7.66667,47.23849],[7.65532,47.2376],[7.65239,47.23954],[7.625,47.23469],[7.627,47.236],[7.62477,47.24134],[7.62961,47.24135],[7.62819,47.24321],[7.63103,47.24459],[7.63143,47.24951],[7.62274,47.25446],[7.62832,47.25548],[7.62798,47.25765],[7.63643,47.25661],[7.64411,47.26035],[7.6562,47.25498],[7.659,47.24879],[7.66097,47.24956],[7.66579,47.24546],[7.67263,47.24507],[7.67819,47.24778],[7.69247,47.24212],[7.69344,47.24153]]]}},{"type":"Feature","properties":{"name":"Wiggiswil","cantonId":"bern","municipalityId":"wiggiswil-553"},"geometry":{"type":"Polygon","coordinates":[[[7.46693,47.03703],[7.47382,47.03492],[7.47626,47.03717],[7.48204,47.03732],[7.48318,47.0347],[7.47699,47.03226],[7.47896,47.02925],[7.47645,47.02805],[7.4783,47.02712],[7.477,47.02565],[7.47063,47.02732],[7.46646,47.02398],[7.46425,47.02475],[7.46625,47.02779],[7.4597,47.02911],[7.46041,47.03215],[7.46277,47.03141],[7.46689,47.03699],[7.46693,47.03703]]]}},{"type":"Feature","properties":{"name":"Wilderswil","cantonId":"bern","municipalityId":"wilderswil-594"},"geometry":{"type":"Polygon","coordinates":[[[7.90249,46.61555],[7.89566,46.61237],[7.90046,46.62522],[7.89986,46.62773],[7.89584,46.62913],[7.87478,46.62537],[7.86896,46.62655],[7.85736,46.62146],[7.85209,46.62233],[7.85199,46.62758],[7.8588,46.63173],[7.85433,46.63355],[7.8585,46.63559],[7.85829,46.63975],[7.85527,46.64139],[7.85756,46.64284],[7.84665,46.65148],[7.83522,46.65106],[7.83066,46.65334],[7.83541,46.65979],[7.8469,46.66787],[7.86747,46.6722],[7.86824,46.67457],[7.87977,46.67105],[7.87203,46.66582],[7.86727,46.65911],[7.86811,46.65497],[7.8754,46.64534],[7.89327,46.63756],[7.90317,46.62859],[7.90453,46.62499],[7.90244,46.61569],[7.90249,46.61555]]]}},{"type":"Feature","properties":{"name":"Wiler bei Utzenstorf","cantonId":"bern","municipalityId":"wiler-bei-utzenstorf-554"},"geometry":{"type":"Polygon","coordinates":[[[7.57303,47.15049],[7.56894,47.14793],[7.57172,47.14559],[7.56867,47.14468],[7.56935,47.14259],[7.56214,47.14071],[7.56165,47.14248],[7.55367,47.14173],[7.55418,47.14712],[7.5523,47.14607],[7.54779,47.15097],[7.54492,47.15035],[7.54332,47.15833],[7.55376,47.16461],[7.56299,47.16154],[7.56614,47.16395],[7.56827,47.15537],[7.57303,47.15049]]]}},{"type":"Feature","properties":{"name":"Wileroltigen","cantonId":"bern","municipalityId":"wileroltigen-671"},"geometry":{"type":"Polygon","coordinates":[[[7.22255,46.97459],[7.23059,46.98045],[7.23786,46.9819],[7.24272,46.98042],[7.25188,46.98317],[7.25167,46.97976],[7.25497,46.98069],[7.25655,46.97877],[7.25139,46.97652],[7.25106,46.96837],[7.2431,46.96033],[7.23829,46.9604],[7.23929,46.96364],[7.23563,46.96378],[7.23414,46.96132],[7.22445,46.96287],[7.22891,46.96389],[7.22242,46.97031],[7.22442,46.97248],[7.22325,46.97446],[7.22255,46.97459]]]}},{"type":"Feature","properties":{"name":"Willadingen","cantonId":"bern","municipalityId":"willadingen-423"},"geometry":{"type":"Polygon","coordinates":[[[7.62197,47.15306],[7.62452,47.15189],[7.62437,47.14176],[7.61803,47.14274],[7.61659,47.14061],[7.61798,47.13748],[7.60892,47.13716],[7.61132,47.14026],[7.60516,47.14203],[7.60791,47.14351],[7.60534,47.14468],[7.60729,47.14552],[7.60486,47.15267],[7.61434,47.15444],[7.61554,47.15657],[7.61973,47.15419],[7.62197,47.15306]]]}},{"type":"Feature","properties":{"name":"Wimmis","cantonId":"bern","municipalityId":"wimmis-769"},"geometry":{"type":"Polygon","coordinates":[[[7.63326,46.69064],[7.65967,46.68306],[7.68326,46.65208],[7.66562,46.64336],[7.65173,46.6468],[7.64657,46.64426],[7.63966,46.63587],[7.63352,46.63366],[7.62724,46.63285],[7.62081,46.63741],[7.61521,46.64812],[7.61013,46.65116],[7.60942,46.65718],[7.61306,46.66157],[7.60859,46.66274],[7.60663,46.66636],[7.60738,46.6684],[7.61299,46.66938],[7.61602,46.678],[7.63228,46.68676],[7.63405,46.68829],[7.6328,46.69017],[7.63326,46.69064]]]}},{"type":"Feature","properties":{"name":"Wohlen bei Bern","cantonId":"bern","municipalityId":"wohlen-bei-bern-360"},"geometry":{"type":"Polygon","coordinates":[[[7.37152,46.96073],[7.36812,46.96672],[7.35385,46.96522],[7.3473,46.96181],[7.32651,46.96368],[7.31754,46.96701],[7.30628,46.96385],[7.30137,46.9646],[7.29621,46.96989],[7.29273,46.96991],[7.28903,46.96595],[7.28496,46.96614],[7.28543,46.97221],[7.27872,46.97475],[7.28192,46.97912],[7.27935,46.98264],[7.28278,46.98406],[7.28063,46.98719],[7.28785,46.98649],[7.28659,46.9897],[7.29062,46.99056],[7.28924,46.9983],[7.30231,47.00484],[7.31829,47.00208],[7.34357,47.00454],[7.35442,46.99754],[7.3685,47.00375],[7.37535,47.00149],[7.37684,47.00319],[7.38582,46.99804],[7.38506,46.99618],[7.39067,46.99586],[7.39106,46.9924],[7.39327,46.99307],[7.39943,46.98724],[7.4052,46.98515],[7.41207,46.98584],[7.41557,46.98255],[7.41511,46.9806],[7.40749,46.97789],[7.40752,46.97353],[7.41215,46.96987],[7.38322,46.9663],[7.37504,46.95983],[7.37152,46.96073]]]}},{"type":"Feature","properties":{"name":"Worb","cantonId":"bern","municipalityId":"worb-627"},"geometry":{"type":"Polygon","coordinates":[[[7.59878,46.95025],[7.59525,46.94893],[7.596,46.94671],[7.59057,46.94007],[7.61657,46.93186],[7.61172,46.92706],[7.61237,46.9237],[7.61498,46.92148],[7.61742,46.9223],[7.61761,46.91994],[7.61515,46.91969],[7.61564,46.91383],[7.61093,46.91098],[7.61151,46.91252],[7.60179,46.91731],[7.5951,46.91569],[7.59812,46.91421],[7.59733,46.91135],[7.58496,46.91261],[7.57924,46.91027],[7.57344,46.91274],[7.57199,46.91068],[7.56534,46.90992],[7.55936,46.9123],[7.54346,46.9094],[7.53905,46.91099],[7.53778,46.9172],[7.53344,46.92096],[7.5307,46.92003],[7.52573,46.92297],[7.5294,46.92515],[7.52201,46.9255],[7.52197,46.93026],[7.5248,46.93425],[7.52161,46.93595],[7.52234,46.93832],[7.54176,46.93522],[7.54936,46.94536],[7.55747,46.94309],[7.55798,46.9401],[7.57394,46.93997],[7.57075,46.94512],[7.57208,46.9466],[7.58474,46.94648],[7.5924,46.95128],[7.59886,46.95038],[7.59878,46.95025]]]}},{"type":"Feature","properties":{"name":"Worben","cantonId":"bern","municipalityId":"worben-755"},"geometry":{"type":"Polygon","coordinates":[[[7.28874,47.10822],[7.29783,47.1076],[7.29964,47.1056],[7.30308,47.10751],[7.30486,47.10513],[7.30627,47.10744],[7.31287,47.10496],[7.31053,47.0966],[7.30738,47.09305],[7.30357,47.09904],[7.2916,47.09179],[7.28319,47.09339],[7.28623,47.0961],[7.28239,47.09932],[7.27914,47.0988],[7.28763,47.10208],[7.28302,47.10525],[7.28942,47.10783],[7.28874,47.10822]]]}},{"type":"Feature","properties":{"name":"Wynau","cantonId":"bern","municipalityId":"wynau-345"},"geometry":{"type":"Polygon","coordinates":[[[7.78616,47.2561],[7.79931,47.26701],[7.80459,47.2684],[7.80705,47.26325],[7.81478,47.26131],[7.82512,47.26557],[7.82757,47.26446],[7.82719,47.26123],[7.83039,47.25927],[7.82775,47.25336],[7.8154,47.25273],[7.79545,47.24333],[7.79114,47.24496],[7.79106,47.24773],[7.78223,47.2512],[7.78329,47.25416],[7.78616,47.2561]]]}},{"type":"Feature","properties":{"name":"Wynigen","cantonId":"bern","municipalityId":"wynigen-424"},"geometry":{"type":"Polygon","coordinates":[[[7.64108,47.09504],[7.6451,47.09816],[7.65505,47.09898],[7.65641,47.10531],[7.65849,47.10576],[7.65716,47.10942],[7.65226,47.11131],[7.65598,47.11707],[7.67071,47.12441],[7.67068,47.12635],[7.68433,47.12808],[7.68836,47.13279],[7.70245,47.13548],[7.7033,47.13162],[7.70964,47.12894],[7.71204,47.12302],[7.71976,47.11484],[7.72502,47.11202],[7.73069,47.11353],[7.72527,47.10444],[7.73094,47.10619],[7.74236,47.10512],[7.73876,47.09676],[7.73317,47.09534],[7.73659,47.09283],[7.73673,47.08798],[7.73045,47.08149],[7.72385,47.08198],[7.71707,47.09138],[7.71081,47.08674],[7.71093,47.07704],[7.70642,47.0766],[7.70148,47.08221],[7.69452,47.07475],[7.6924,47.07619],[7.69397,47.08205],[7.68428,47.08055],[7.67949,47.08809],[7.66723,47.09178],[7.65494,47.09083],[7.65159,47.08612],[7.6434,47.08239],[7.63531,47.08568],[7.63504,47.09112],[7.64058,47.09466],[7.64108,47.09504]]]}},{"type":"Feature","properties":{"name":"Wyssachen","cantonId":"bern","municipalityId":"wyssachen-960"},"geometry":{"type":"Polygon","coordinates":[[[7.83721,47.05566],[7.81875,47.05639],[7.81144,47.05303],[7.79684,47.06171],[7.80795,47.0687],[7.80152,47.07133],[7.80319,47.07479],[7.80033,47.08005],[7.80096,47.08418],[7.80895,47.08443],[7.80696,47.08938],[7.81094,47.09465],[7.82994,47.092],[7.83131,47.09429],[7.83486,47.09197],[7.84472,47.091],[7.84024,47.08414],[7.83689,47.08288],[7.83993,47.07692],[7.83815,47.07368],[7.8411,47.07124],[7.84119,47.06617],[7.83719,47.05578],[7.83721,47.05566]]]}},{"type":"Feature","properties":{"name":"Zäziwil","cantonId":"bern","municipalityId":"zaeziwil-628"},"geometry":{"type":"Polygon","coordinates":[[[7.67339,46.90995],[7.67463,46.90563],[7.67243,46.90188],[7.67461,46.90118],[7.67215,46.89653],[7.67712,46.89201],[7.68632,46.89423],[7.68549,46.89074],[7.68877,46.88949],[7.68517,46.88192],[7.67967,46.88219],[7.67619,46.87886],[7.6689,46.88125],[7.66251,46.88726],[7.66286,46.89052],[7.65869,46.88933],[7.65604,46.89242],[7.65811,46.89714],[7.6457,46.90095],[7.64637,46.90349],[7.64944,46.90301],[7.64979,46.9061],[7.65501,46.90729],[7.65795,46.91062],[7.66503,46.91123],[7.66675,46.90859],[7.67287,46.90999],[7.67339,46.90995]]]}},{"type":"Feature","properties":{"name":"Zielebach","cantonId":"bern","municipalityId":"zielebach-556"},"geometry":{"type":"Polygon","coordinates":[[[7.55891,47.16809],[7.56348,47.16836],[7.56927,47.16247],[7.57492,47.16445],[7.58106,47.16013],[7.58111,47.1556],[7.58355,47.15488],[7.58615,47.14755],[7.58156,47.14737],[7.57706,47.15294],[7.57303,47.15049],[7.56797,47.15511],[7.56614,47.16395],[7.56299,47.16154],[7.55376,47.16461],[7.55817,47.16638],[7.55891,47.16809]]]}},{"type":"Feature","properties":{"name":"Zollikofen","cantonId":"bern","municipalityId":"zollikofen-361"},"geometry":{"type":"Polygon","coordinates":[[[7.43961,47.00775],[7.44445,47.00911],[7.44838,47.00292],[7.46107,47.00041],[7.47003,47.00193],[7.47331,46.9988],[7.47395,46.99594],[7.46931,46.9918],[7.47048,46.98889],[7.46533,46.98698],[7.46315,46.98259],[7.45294,46.98316],[7.45147,46.99012],[7.4485,46.98926],[7.44303,46.98133],[7.44073,46.98415],[7.44262,46.98777],[7.43577,46.98572],[7.43674,46.99047],[7.43244,46.99719],[7.43532,46.99793],[7.43335,47.00131],[7.44154,47.00454],[7.43906,47.0074],[7.43961,47.00775]]]}},{"type":"Feature","properties":{"name":"Zuzwil (BE)","cantonId":"bern","municipalityId":"zuzwil-be-557"},"geometry":{"type":"Polygon","coordinates":[[[7.44798,47.04608],[7.44569,47.04952],[7.45441,47.04844],[7.45573,47.05519],[7.45888,47.05838],[7.47402,47.05748],[7.47499,47.05408],[7.48255,47.05599],[7.48639,47.05367],[7.48362,47.0449],[7.47668,47.04331],[7.47581,47.04593],[7.47193,47.04656],[7.46638,47.04518],[7.46542,47.04031],[7.46163,47.04029],[7.45352,47.04295],[7.4541,47.04713],[7.44812,47.0461],[7.44798,47.04608]]]}},{"type":"Feature","properties":{"name":"Zweisimmen","cantonId":"bern","municipalityId":"zweisimmen-794"},"geometry":{"type":"Polygon","coordinates":[[[7.43304,46.59722],[7.45494,46.58268],[7.45169,46.57941],[7.46108,46.57376],[7.46139,46.56683],[7.44654,46.56048],[7.44013,46.55208],[7.43934,46.54862],[7.442,46.5457],[7.45173,46.54151],[7.4458,46.53375],[7.43242,46.52691],[7.41565,46.52407],[7.41176,46.52498],[7.40938,46.52869],[7.39264,46.53242],[7.37883,46.53077],[7.36618,46.51866],[7.36402,46.51071],[7.35747,46.50657],[7.35423,46.49131],[7.34099,46.49068],[7.3374,46.49151],[7.33637,46.49663],[7.33144,46.49959],[7.33165,46.50534],[7.32916,46.50554],[7.32869,46.50971],[7.33053,46.5128],[7.32782,46.5146],[7.32415,46.52417],[7.3161,46.52436],[7.30531,46.52992],[7.29903,46.5283],[7.28826,46.53164],[7.27984,46.53842],[7.27695,46.54482],[7.27641,46.55017],[7.2797,46.55471],[7.28393,46.54511],[7.28875,46.54093],[7.29458,46.54636],[7.29376,46.5504],[7.29548,46.55225],[7.30391,46.55598],[7.31478,46.5409],[7.32067,46.53917],[7.32644,46.55043],[7.33554,46.55055],[7.33616,46.55306],[7.33379,46.55497],[7.33763,46.55465],[7.34863,46.56751],[7.35488,46.56686],[7.35927,46.5729],[7.37443,46.58063],[7.37203,46.58344],[7.38143,46.58669],[7.38467,46.59274],[7.38869,46.59106],[7.39509,46.59606],[7.41217,46.59893],[7.41032,46.59566],[7.4151,46.58785],[7.41351,46.58598],[7.42311,46.58386],[7.42568,46.58446],[7.433,46.59719],[7.43304,46.59722]]]}}]}
