{"type":"FeatureCollection","features":[{"type":"Feature","properties":{"name":"Albula/Alvra","cantonId":"graubunden","municipalityId":"albula-alvra-3542"},"geometry":{"type":"Polygon","coordinates":[[[9.49892,46.62471],[9.50114,46.62783],[9.50047,46.64163],[9.48882,46.64833],[9.49702,46.65416],[9.50083,46.65374],[9.51237,46.66029],[9.51401,46.66544],[9.50878,46.6739],[9.51704,46.67361],[9.52969,46.68001],[9.52638,46.68283],[9.5348,46.68467],[9.53834,46.68782],[9.53835,46.69159],[9.54141,46.69226],[9.54354,46.69157],[9.54517,46.68645],[9.55458,46.68009],[9.56625,46.67776],[9.5673,46.67294],[9.57797,46.67388],[9.58655,46.68227],[9.58971,46.69078],[9.59411,46.69383],[9.59629,46.69997],[9.59418,46.70416],[9.59508,46.70901],[9.6036,46.71288],[9.60821,46.71263],[9.61195,46.7159],[9.61302,46.72238],[9.61125,46.72951],[9.61345,46.73749],[9.62636,46.74207],[9.64149,46.74407],[9.66501,46.7607],[9.6691,46.7547],[9.67341,46.75834],[9.67256,46.75997],[9.68678,46.76434],[9.69177,46.76055],[9.68673,46.75291],[9.67714,46.74523],[9.67334,46.74496],[9.66838,46.73807],[9.66283,46.73597],[9.66163,46.73224],[9.66384,46.72904],[9.6535,46.72262],[9.66363,46.70231],[9.67041,46.69901],[9.67088,46.69357],[9.66849,46.68879],[9.66421,46.68665],[9.67377,46.6785],[9.67129,46.67449],[9.66413,46.67013],[9.6469,46.66686],[9.65487,46.65987],[9.65045,46.64998],[9.64691,46.63286],[9.64604,46.62422],[9.64821,46.61694],[9.64029,46.61712],[9.62893,46.62186],[9.61082,46.63489],[9.60547,46.64114],[9.5982,46.64329],[9.58108,46.6426],[9.58347,46.64067],[9.58262,46.63734],[9.5788,46.63663],[9.57463,46.64011],[9.53703,46.64492],[9.53157,46.6439],[9.51284,46.6317],[9.49892,46.62471]]]}},{"type":"Feature","properties":{"name":"Andeer","cantonId":"graubunden","municipalityId":"andeer-3701"},"geometry":{"type":"Polygon","coordinates":[[[9.33381,46.59488],[9.33997,46.59885],[9.35992,46.59647],[9.37847,46.59826],[9.38865,46.60754],[9.39961,46.61332],[9.41257,46.61639],[9.41562,46.61474],[9.42859,46.62296],[9.43184,46.62082],[9.43468,46.62366],[9.47122,46.61867],[9.47757,46.61542],[9.48481,46.60743],[9.49712,46.60343],[9.49669,46.59655],[9.5009,46.59122],[9.49528,46.58606],[9.49424,46.58187],[9.48688,46.57706],[9.46334,46.57886],[9.45532,46.57399],[9.44832,46.57449],[9.44609,46.57865],[9.43396,46.56954],[9.4353,46.5654],[9.4264,46.55312],[9.40385,46.54166],[9.41183,46.55251],[9.40898,46.55491],[9.40969,46.56825],[9.4029,46.57052],[9.40177,46.57347],[9.39022,46.5799],[9.36095,46.58929],[9.33381,46.59488]]]}},{"type":"Feature","properties":{"name":"Arosa","cantonId":"graubunden","municipalityId":"arosa-3921"},"geometry":{"type":"Polygon","coordinates":[[[9.59746,46.74255],[9.6003,46.75161],[9.59926,46.75601],[9.60151,46.7587],[9.61914,46.76194],[9.62396,46.77703],[9.6305,46.78008],[9.64086,46.79326],[9.63706,46.80043],[9.62843,46.80171],[9.61754,46.81139],[9.61969,46.81844],[9.61674,46.82575],[9.60937,46.82648],[9.60787,46.82938],[9.60574,46.82793],[9.60218,46.83086],[9.59255,46.8331],[9.58391,46.83252],[9.58324,46.83615],[9.58623,46.8423],[9.59525,46.85262],[9.59375,46.85871],[9.58841,46.86401],[9.59068,46.86369],[9.59243,46.86652],[9.61052,46.87157],[9.62283,46.86847],[9.63229,46.8736],[9.63789,46.86582],[9.64399,46.86458],[9.67408,46.8653],[9.68193,46.86803],[9.69254,46.86222],[9.71423,46.85798],[9.72338,46.85136],[9.74036,46.85462],[9.75836,46.8607],[9.76516,46.866],[9.7693,46.86613],[9.77689,46.86446],[9.78653,46.85822],[9.78722,46.854],[9.79549,46.85487],[9.79784,46.85183],[9.80556,46.85021],[9.80057,46.84225],[9.79728,46.84198],[9.79285,46.83771],[9.80499,46.83284],[9.80701,46.82441],[9.80418,46.82129],[9.80483,46.81847],[9.79381,46.81194],[9.77746,46.80807],[9.77566,46.80354],[9.76926,46.79994],[9.75322,46.79639],[9.74847,46.78743],[9.72524,46.77561],[9.7244,46.77329],[9.73295,46.76641],[9.72224,46.76208],[9.72041,46.75498],[9.7152,46.7513],[9.71519,46.74735],[9.7043,46.74399],[9.70167,46.73968],[9.68444,46.74012],[9.67729,46.73286],[9.66913,46.72973],[9.66409,46.7297],[9.66163,46.73224],[9.66191,46.73509],[9.66838,46.73807],[9.67334,46.74496],[9.67714,46.74523],[9.68673,46.75291],[9.69177,46.76055],[9.68678,46.76434],[9.67256,46.75997],[9.67341,46.75834],[9.6691,46.7547],[9.66501,46.7607],[9.64889,46.74983],[9.64859,46.7476],[9.64041,46.74372],[9.62658,46.74212],[9.61391,46.73783],[9.60362,46.74303],[9.59759,46.74246],[9.59746,46.74255]]]}},{"type":"Feature","properties":{"name":"Avers","cantonId":"graubunden","municipalityId":"avers-3681"},"geometry":{"type":"Polygon","coordinates":[[[9.60569,46.41028],[9.5975,46.41217],[9.59318,46.41069],[9.58686,46.40285],[9.58149,46.40486],[9.56911,46.40218],[9.56734,46.39345],[9.55193,46.38184],[9.53347,46.38898],[9.52689,46.39498],[9.5284,46.39882],[9.52168,46.40782],[9.52309,46.41658],[9.51736,46.42776],[9.51791,46.4313],[9.50603,46.43703],[9.48763,46.43146],[9.4854,46.42821],[9.4813,46.43134],[9.47274,46.42377],[9.46744,46.42222],[9.46574,46.41846],[9.45629,46.41589],[9.45443,46.42078],[9.45708,46.43652],[9.4607,46.44226],[9.45917,46.46308],[9.46472,46.46663],[9.46559,46.4695],[9.46089,46.48567],[9.46271,46.49803],[9.46106,46.50548],[9.4646,46.50791],[9.47676,46.50581],[9.48457,46.50194],[9.48593,46.49881],[9.49387,46.49628],[9.50235,46.49653],[9.51596,46.49233],[9.51989,46.49394],[9.52774,46.48987],[9.54531,46.48909],[9.55408,46.48377],[9.55853,46.48429],[9.56658,46.46715],[9.58649,46.46261],[9.59438,46.46369],[9.6046,46.44994],[9.60656,46.44157],[9.60369,46.43684],[9.60924,46.42813],[9.61251,46.41548],[9.60569,46.41029],[9.60569,46.41028]]]}},{"type":"Feature","properties":{"name":"Bergün Filisur","cantonId":"graubunden","municipalityId":"berguen-filisur-3544"},"geometry":{"type":"Polygon","coordinates":[[[9.75423,46.55656],[9.74745,46.55504],[9.73968,46.55713],[9.73563,46.55347],[9.7265,46.5504],[9.72639,46.55743],[9.71709,46.56632],[9.71981,46.57029],[9.71704,46.57661],[9.70556,46.58415],[9.71165,46.59296],[9.71145,46.59827],[9.7074,46.60257],[9.69272,46.60126],[9.67381,46.60338],[9.6747,46.60702],[9.67196,46.61016],[9.65707,46.60955],[9.64657,46.61424],[9.64888,46.61808],[9.64604,46.62422],[9.64691,46.63286],[9.65045,46.64998],[9.65487,46.65987],[9.6469,46.66686],[9.66413,46.67013],[9.67129,46.67449],[9.67622,46.68095],[9.68948,46.68597],[9.70404,46.68907],[9.70636,46.68788],[9.71047,46.6902],[9.71461,46.68152],[9.71471,46.67362],[9.71657,46.67354],[9.72237,46.6779],[9.71782,46.68212],[9.72421,46.68152],[9.72023,46.68741],[9.71443,46.69072],[9.71434,46.69381],[9.72337,46.69959],[9.72899,46.70066],[9.73264,46.70009],[9.73288,46.69271],[9.73548,46.69542],[9.74358,46.69621],[9.74408,46.6886],[9.7512,46.68047],[9.75091,46.67666],[9.77392,46.67026],[9.81919,46.68345],[9.82538,46.67771],[9.8327,46.67555],[9.84369,46.68205],[9.85054,46.68907],[9.8605,46.6931],[9.87127,46.68646],[9.88064,46.68428],[9.86819,46.67038],[9.87063,46.66381],[9.86453,46.6583],[9.8644,46.65403],[9.8766,46.64488],[9.88793,46.62266],[9.87764,46.61904],[9.8728,46.62129],[9.87073,46.62011],[9.86292,46.61017],[9.86479,46.60769],[9.86288,46.60317],[9.85329,46.60259],[9.84132,46.59512],[9.82844,46.59631],[9.82834,46.5911],[9.82412,46.58862],[9.82638,46.57871],[9.83137,46.57241],[9.81759,46.57114],[9.81507,46.56837],[9.80042,46.56561],[9.76704,46.56163],[9.76197,46.55856],[9.75609,46.55898],[9.75432,46.55662],[9.75423,46.55656]]]}},{"type":"Feature","properties":{"name":"Bever","cantonId":"graubunden","municipalityId":"bever-3781"},"geometry":{"type":"MultiPolygon","coordinates":[[[[9.75423,46.55656],[9.7615,46.54781],[9.76835,46.54625],[9.76964,46.53389],[9.76337,46.52949],[9.75803,46.52126],[9.75865,46.5146],[9.75518,46.51204],[9.75411,46.50775],[9.74936,46.50469],[9.73879,46.50516],[9.72909,46.50707],[9.72502,46.51017],[9.70282,46.51095],[9.69774,46.51443],[9.69958,46.52146],[9.6956,46.52458],[9.70007,46.53173],[9.69596,46.53492],[9.69349,46.54096],[9.69477,46.54286],[9.71657,46.54254],[9.71879,46.54573],[9.73968,46.55713],[9.74745,46.55504],[9.75423,46.55656]]],[[[9.93186,46.53023],[9.90049,46.54126],[9.89661,46.544],[9.90099,46.54613],[9.89989,46.54795],[9.88719,46.54917],[9.88329,46.54372],[9.88204,46.54502],[9.88629,46.54776],[9.88097,46.5494],[9.8683,46.54638],[9.85388,46.54894],[9.8399,46.54171],[9.82427,46.54138],[9.8102,46.54319],[9.808,46.54454],[9.80833,46.54747],[9.81488,46.5505],[9.82753,46.56282],[9.83206,46.57276],[9.85953,46.57282],[9.87979,46.5702],[9.89407,46.57502],[9.90633,46.56613],[9.91222,46.56486],[9.90931,46.56067],[9.91171,46.55906],[9.9094,46.55548],[9.91887,46.55072],[9.91967,46.54699],[9.93386,46.53382],[9.93186,46.53023]]]]}},{"type":"Feature","properties":{"name":"Bonaduz","cantonId":"graubunden","municipalityId":"bonaduz-3721"},"geometry":{"type":"Polygon","coordinates":[[[9.40756,46.8236],[9.40739,46.81558],[9.41566,46.8127],[9.41633,46.80997],[9.413,46.80714],[9.37271,46.80846],[9.37039,46.80637],[9.37238,46.79242],[9.37402,46.79317],[9.37627,46.78814],[9.38146,46.78498],[9.38181,46.78296],[9.37795,46.78203],[9.37753,46.77924],[9.36922,46.7788],[9.36971,46.78334],[9.36362,46.78484],[9.35193,46.7806],[9.34562,46.78815],[9.34601,46.79075],[9.34047,46.79567],[9.34368,46.79927],[9.33064,46.80479],[9.3414,46.8072],[9.35192,46.81629],[9.36156,46.81616],[9.37028,46.8229],[9.37551,46.82391],[9.37795,46.82143],[9.40758,46.82434],[9.40756,46.8236]]]}},{"type":"Feature","properties":{"name":"Bregaglia","cantonId":"graubunden","municipalityId":"bregaglia-3792"},"geometry":{"type":"Polygon","coordinates":[[[9.60569,46.41028],[9.61024,46.40625],[9.63852,46.40454],[9.63869,46.40681],[9.6435,46.4069],[9.64829,46.41333],[9.66345,46.41358],[9.66393,46.42083],[9.66793,46.42252],[9.67709,46.42256],[9.68463,46.41745],[9.69463,46.41907],[9.70127,46.41448],[9.70691,46.41726],[9.74852,46.41936],[9.75441,46.40476],[9.76102,46.39613],[9.76575,46.38256],[9.76698,46.37115],[9.77276,46.36074],[9.77311,46.35356],[9.78023,46.34903],[9.78474,46.3408],[9.77833,46.33512],[9.76988,46.33572],[9.76164,46.33975],[9.75759,46.34452],[9.74738,46.34775],[9.74351,46.3518],[9.73679,46.35086],[9.72295,46.34075],[9.72752,46.33269],[9.71733,46.32417],[9.71809,46.32159],[9.7259,46.31968],[9.72474,46.31024],[9.71815,46.30628],[9.7145,46.29292],[9.70252,46.29084],[9.68738,46.29393],[9.68158,46.29702],[9.68124,46.29983],[9.67696,46.30312],[9.67049,46.29993],[9.66894,46.29603],[9.65971,46.29592],[9.63889,46.28608],[9.61868,46.28736],[9.61036,46.29458],[9.57954,46.29509],[9.56265,46.3024],[9.55859,46.30645],[9.54957,46.30234],[9.53322,46.31269],[9.51849,46.3271],[9.51672,46.3326],[9.51423,46.33234],[9.51148,46.3366],[9.50857,46.3514],[9.50047,46.35607],[9.49641,46.36432],[9.48298,46.36718],[9.47944,46.37113],[9.46125,46.37573],[9.46319,46.3802],[9.46118,46.38342],[9.46499,46.38373],[9.469,46.38863],[9.46647,46.39184],[9.46678,46.39835],[9.46172,46.41179],[9.45629,46.41589],[9.46634,46.41879],[9.46744,46.42222],[9.47274,46.42377],[9.4813,46.43134],[9.4854,46.42821],[9.48601,46.43061],[9.49916,46.43581],[9.50603,46.43703],[9.51791,46.4313],[9.51736,46.42776],[9.52309,46.41658],[9.52168,46.40782],[9.5284,46.39882],[9.52689,46.39498],[9.53347,46.38898],[9.55193,46.38184],[9.56734,46.39345],[9.56911,46.40218],[9.58149,46.40486],[9.58686,46.40285],[9.59318,46.41069],[9.5975,46.41217],[9.60529,46.41023],[9.60569,46.41028]]]}},{"type":"Feature","properties":{"name":"Breil/Brigels","cantonId":"graubunden","municipalityId":"breil-brigels-3981"},"geometry":{"type":"Polygon","coordinates":[[[9.03147,46.73395],[9.02687,46.73675],[9.02575,46.74062],[9.03419,46.74677],[9.02518,46.75321],[9.01901,46.76784],[9.01599,46.76768],[9.0109,46.77285],[8.99599,46.77858],[8.99052,46.78543],[8.97356,46.78436],[8.96797,46.78605],[8.96789,46.7881],[8.96068,46.79183],[8.95749,46.80419],[9.00902,46.81117],[9.01998,46.81732],[9.02739,46.82993],[9.03441,46.83534],[9.03373,46.83904],[9.03759,46.84511],[9.04597,46.8502],[9.04419,46.85551],[9.04537,46.86526],[9.06555,46.87483],[9.06884,46.86751],[9.07907,46.85764],[9.08189,46.85161],[9.09714,46.83963],[9.08998,46.8371],[9.09786,46.83438],[9.11193,46.82207],[9.10949,46.81599],[9.11194,46.80858],[9.12073,46.79948],[9.12378,46.78679],[9.12677,46.78274],[9.14026,46.7804],[9.12867,46.77488],[9.12747,46.77258],[9.13155,46.76588],[9.12253,46.76484],[9.11649,46.75812],[9.08954,46.75212],[9.07208,46.75021],[9.06288,46.75209],[9.05275,46.74994],[9.0314,46.74075],[9.03652,46.73981],[9.03169,46.73418],[9.03147,46.73395]]]}},{"type":"Feature","properties":{"name":"Brusio","cantonId":"graubunden","municipalityId":"brusio-3551"},"geometry":{"type":"Polygon","coordinates":[[[10.13794,46.30112],[10.1456,46.29554],[10.15427,46.29279],[10.15662,46.28928],[10.15449,46.28537],[10.16247,46.28232],[10.1613,46.27685],[10.16334,46.27145],[10.172,46.26661],[10.17651,46.25828],[10.17492,46.25461],[10.15086,46.23964],[10.14593,46.23048],[10.13231,46.22488],[10.12327,46.22379],[10.10916,46.22572],[10.10347,46.22857],[10.08848,46.22781],[10.08107,46.22545],[10.07084,46.21715],[10.06307,46.2202],[10.0586,46.22498],[10.04374,46.22986],[10.05369,46.23583],[10.05339,46.24126],[10.05752,46.24718],[10.06064,46.24826],[10.06909,46.24353],[10.08206,46.24772],[10.08323,46.25548],[10.08711,46.25653],[10.08683,46.26082],[10.11209,46.2834],[10.10585,46.28922],[10.1073,46.29173],[10.11988,46.29181],[10.12584,46.29699],[10.1377,46.301],[10.13794,46.30112]]]}},{"type":"Feature","properties":{"name":"Buseno","cantonId":"graubunden","municipalityId":"buseno-3804"},"geometry":{"type":"Polygon","coordinates":[[[9.12993,46.27665],[9.11935,46.27329],[9.121,46.26897],[9.11179,46.26481],[9.11397,46.26064],[9.1253,46.2553],[9.12449,46.24911],[9.11559,46.24947],[9.11078,46.25243],[9.11242,46.25566],[9.10015,46.26299],[9.09655,46.26203],[9.09594,46.26703],[9.09204,46.27039],[9.08872,46.26879],[9.08771,46.27103],[9.07934,46.27048],[9.07536,46.27565],[9.07813,46.28093],[9.06874,46.29843],[9.07734,46.29046],[9.08809,46.29197],[9.09857,46.2849],[9.10484,46.28414],[9.10755,46.29073],[9.11753,46.29048],[9.11784,46.2879],[9.12878,46.28523],[9.137,46.28576],[9.1334,46.27871],[9.13001,46.27672],[9.12993,46.27665]]]}},{"type":"Feature","properties":{"name":"Calanca","cantonId":"graubunden","municipalityId":"calanca-3837"},"geometry":{"type":"Polygon","coordinates":[[[9.15301,46.31776],[9.14881,46.31241],[9.14976,46.30693],[9.14487,46.29779],[9.14419,46.29093],[9.13941,46.28927],[9.137,46.28576],[9.12878,46.28523],[9.11784,46.2879],[9.11753,46.29048],[9.10755,46.29073],[9.10484,46.28414],[9.09857,46.2849],[9.08809,46.29197],[9.07734,46.29046],[9.06935,46.29925],[9.07,46.30764],[9.07511,46.31459],[9.06433,46.32537],[9.06965,46.33253],[9.06645,46.33636],[9.06932,46.34356],[9.08088,46.34416],[9.10295,46.33906],[9.12215,46.34514],[9.12856,46.3393],[9.15767,46.34019],[9.1622,46.33755],[9.15977,46.33229],[9.16052,46.32117],[9.15911,46.3183],[9.15324,46.31795],[9.15301,46.31776]]]}},{"type":"Feature","properties":{"name":"Cama","cantonId":"graubunden","municipalityId":"cama-3831"},"geometry":{"type":"Polygon","coordinates":[[[9.22107,46.2292],[9.21845,46.23692],[9.21918,46.24398],[9.20997,46.25256],[9.19568,46.25517],[9.19174,46.259],[9.16256,46.26756],[9.17134,46.27743],[9.17319,46.28385],[9.17767,46.28592],[9.18107,46.29174],[9.19216,46.28894],[9.20055,46.28314],[9.20905,46.28207],[9.21278,46.27911],[9.20562,46.27686],[9.20212,46.27274],[9.1926,46.27907],[9.18722,46.2752],[9.18524,46.26674],[9.21699,46.26692],[9.21562,46.26379],[9.23063,46.25357],[9.24119,46.25109],[9.24943,46.24576],[9.2497,46.23939],[9.24685,46.23236],[9.23529,46.2334],[9.22152,46.22909],[9.22107,46.2292]]]}},{"type":"Feature","properties":{"name":"Castaneda","cantonId":"graubunden","municipalityId":"castaneda-3805"},"geometry":{"type":"Polygon","coordinates":[[[9.12993,46.27665],[9.13462,46.26978],[9.12321,46.26602],[9.12727,46.26202],[9.1335,46.2624],[9.13451,46.25931],[9.14367,46.26205],[9.15171,46.25701],[9.15102,46.2541],[9.14399,46.25051],[9.13582,46.25199],[9.1337,46.24971],[9.12361,46.25175],[9.1253,46.2553],[9.11397,46.26064],[9.11179,46.26481],[9.121,46.26897],[9.11935,46.27329],[9.12718,46.2747],[9.12993,46.27665]]]}},{"type":"Feature","properties":{"name":"Cazis","cantonId":"graubunden","municipalityId":"cazis-3661"},"geometry":{"type":"Polygon","coordinates":[[[9.41535,46.70669],[9.39711,46.70918],[9.38888,46.70698],[9.37986,46.71021],[9.35637,46.70575],[9.35924,46.70765],[9.35597,46.71853],[9.38019,46.74753],[9.37684,46.75207],[9.38025,46.75843],[9.37874,46.76158],[9.39547,46.76517],[9.40129,46.76808],[9.39784,46.77054],[9.42007,46.76997],[9.42096,46.76426],[9.44559,46.71586],[9.43149,46.71187],[9.43829,46.70541],[9.43444,46.70415],[9.4321,46.70991],[9.42727,46.71286],[9.41906,46.71371],[9.41534,46.70776],[9.41535,46.70669]]]}},{"type":"Feature","properties":{"name":"Celerina/Schlarigna","cantonId":"graubunden","municipalityId":"celerina-schlarigna-3782"},"geometry":{"type":"Polygon","coordinates":[[[9.86965,46.47209],[9.8632,46.47016],[9.86413,46.48159],[9.85981,46.48797],[9.86325,46.49309],[9.85925,46.49979],[9.8406,46.50449],[9.83345,46.51226],[9.82634,46.50965],[9.80829,46.50973],[9.7875,46.50622],[9.78448,46.50938],[9.78771,46.51527],[9.78519,46.51749],[9.78827,46.5213],[9.78563,46.52374],[9.78656,46.52615],[9.79097,46.52659],[9.79629,46.5293],[9.79537,46.53051],[9.80301,46.53084],[9.81135,46.53582],[9.82027,46.53092],[9.83632,46.53251],[9.85208,46.52466],[9.86339,46.52472],[9.86338,46.52325],[9.866,46.52529],[9.86679,46.52114],[9.87917,46.50918],[9.89952,46.49344],[9.89268,46.48948],[9.8931,46.48683],[9.88944,46.48239],[9.88516,46.48303],[9.86972,46.47214],[9.86965,46.47209]]]}},{"type":"Feature","properties":{"name":"Chur","cantonId":"graubunden","municipalityId":"chur-3901"},"geometry":{"type":"Polygon","coordinates":[[[9.49726,46.81842],[9.49062,46.82001],[9.48822,46.82271],[9.48826,46.83375],[9.49143,46.83551],[9.48494,46.84499],[9.49452,46.85368],[9.48973,46.86324],[9.48742,46.86591],[9.48147,46.86271],[9.46768,46.87817],[9.45426,46.88605],[9.46683,46.88608],[9.46975,46.89147],[9.46774,46.89688],[9.48389,46.89422],[9.49881,46.89582],[9.51058,46.89963],[9.51538,46.90424],[9.51894,46.90419],[9.52279,46.90252],[9.52215,46.898],[9.54017,46.89756],[9.53688,46.88832],[9.56835,46.87345],[9.58067,46.85752],[9.58144,46.86033],[9.58737,46.86376],[9.59091,46.86216],[9.59525,46.85262],[9.58623,46.8423],[9.58324,46.83615],[9.58391,46.83252],[9.59255,46.8331],[9.60218,46.83086],[9.60574,46.82793],[9.60787,46.82938],[9.60937,46.82648],[9.61674,46.82575],[9.61969,46.81844],[9.61754,46.81139],[9.62843,46.80171],[9.63706,46.80043],[9.64086,46.79326],[9.6305,46.78008],[9.62396,46.77703],[9.61914,46.76194],[9.60932,46.75884],[9.60263,46.75924],[9.59528,46.77095],[9.59648,46.77455],[9.59115,46.77289],[9.587,46.77622],[9.58249,46.78389],[9.58345,46.78792],[9.57526,46.79588],[9.57285,46.8033],[9.56908,46.80694],[9.56942,46.81968],[9.56382,46.83105],[9.55627,46.83056],[9.54598,46.83504],[9.54409,46.83299],[9.54604,46.82893],[9.5153,46.82954],[9.50394,46.8184],[9.49803,46.81827],[9.49726,46.81842]]]}},{"type":"Feature","properties":{"name":"Churwalden","cantonId":"graubunden","municipalityId":"churwalden-3911"},"geometry":{"type":"Polygon","coordinates":[[[9.49726,46.81842],[9.50394,46.8184],[9.5153,46.82954],[9.54604,46.82893],[9.54409,46.83299],[9.54598,46.83504],[9.55627,46.83056],[9.56382,46.83105],[9.56942,46.81968],[9.56908,46.80694],[9.57285,46.8033],[9.57526,46.79588],[9.58345,46.78792],[9.58249,46.78389],[9.587,46.77622],[9.59115,46.77289],[9.59648,46.77455],[9.59528,46.77095],[9.58882,46.76498],[9.58936,46.76216],[9.58326,46.76169],[9.57564,46.75014],[9.56008,46.75531],[9.56075,46.75683],[9.55476,46.76087],[9.55369,46.7646],[9.54863,46.76485],[9.54728,46.76783],[9.54324,46.76902],[9.5375,46.76795],[9.54049,46.76217],[9.53944,46.75698],[9.53467,46.75635],[9.53498,46.754],[9.51446,46.75285],[9.50811,46.7635],[9.498,46.76749],[9.49132,46.77678],[9.50144,46.78253],[9.49508,46.79737],[9.49735,46.8009],[9.49652,46.80631],[9.49112,46.8117],[9.49716,46.81822],[9.49726,46.81842]]]}},{"type":"Feature","properties":{"name":"Conters im Prättigau","cantonId":"graubunden","municipalityId":"conters-im-praettigau-3881"},"geometry":{"type":"Polygon","coordinates":[[[9.76952,46.86609],[9.76835,46.8767],[9.76484,46.87911],[9.75982,46.89066],[9.7656,46.89365],[9.76487,46.89974],[9.76891,46.90837],[9.7947,46.91072],[9.81329,46.90385],[9.81567,46.90098],[9.8084,46.8876],[9.81498,46.88241],[9.80706,46.87165],[9.8066,46.86588],[9.79948,46.86209],[9.79549,46.85487],[9.78816,46.85386],[9.78631,46.85465],[9.78653,46.85822],[9.77689,46.86446],[9.76977,46.86605],[9.76952,46.86609]]]}},{"type":"Feature","properties":{"name":"Davos","cantonId":"graubunden","municipalityId":"davos-3851"},"geometry":{"type":"Polygon","coordinates":[[[9.80499,46.83284],[9.81653,46.8569],[9.82968,46.85966],[9.83398,46.85778],[9.84787,46.85904],[9.85459,46.85529],[9.87089,46.85218],[9.87695,46.84719],[9.87712,46.84173],[9.88959,46.82234],[9.90426,46.81833],[9.91117,46.81406],[9.93259,46.80896],[9.94794,46.81245],[9.9486,46.80705],[9.94492,46.80179],[9.95233,46.79633],[9.95877,46.79528],[9.95524,46.78532],[9.9591,46.77943],[9.95733,46.77437],[9.96707,46.76301],[9.96439,46.76092],[9.96662,46.75672],[9.9639,46.75473],[9.95295,46.75086],[9.94542,46.75195],[9.93299,46.7496],[9.94457,46.72965],[9.94247,46.72547],[9.94677,46.72402],[9.94715,46.7218],[9.95376,46.72127],[9.95953,46.71543],[9.95538,46.71091],[9.95578,46.70771],[9.95244,46.70545],[9.95709,46.69885],[9.95618,46.69379],[9.92698,46.69544],[9.91357,46.69095],[9.90934,46.6856],[9.88629,46.6808],[9.8605,46.6931],[9.85054,46.68907],[9.84369,46.68205],[9.8327,46.67555],[9.82538,46.67771],[9.81919,46.68345],[9.77392,46.67026],[9.75091,46.67666],[9.7512,46.68047],[9.74408,46.6886],[9.74358,46.69621],[9.73548,46.69542],[9.73288,46.69271],[9.73264,46.70009],[9.72899,46.70066],[9.72337,46.69959],[9.71434,46.69381],[9.71443,46.69072],[9.72023,46.68741],[9.72421,46.68152],[9.71782,46.68212],[9.72226,46.67717],[9.71504,46.67345],[9.71461,46.68152],[9.71047,46.6902],[9.70636,46.68788],[9.70169,46.68854],[9.70256,46.69159],[9.6973,46.69792],[9.69653,46.70755],[9.66913,46.72973],[9.67729,46.73286],[9.68444,46.74012],[9.70167,46.73968],[9.7043,46.74399],[9.71519,46.74735],[9.7152,46.7513],[9.72063,46.75541],[9.72096,46.76095],[9.73295,46.76641],[9.7244,46.77329],[9.72524,46.77561],[9.74847,46.78743],[9.75322,46.79639],[9.76865,46.79968],[9.77566,46.80354],[9.77746,46.80807],[9.79381,46.81194],[9.80414,46.81795],[9.80701,46.82441],[9.80493,46.83124],[9.80499,46.83284]]]}},{"type":"Feature","properties":{"name":"Disentis/Mustér","cantonId":"graubunden","municipalityId":"disentis-muster-3982"},"geometry":{"type":"Polygon","coordinates":[[[8.90519,46.69043],[8.89942,46.69193],[8.87424,46.68953],[8.86567,46.68493],[8.85685,46.68686],[8.83038,46.67127],[8.80658,46.67201],[8.8007,46.69029],[8.77894,46.70302],[8.77153,46.71347],[8.77228,46.718],[8.77745,46.72035],[8.78003,46.7275],[8.79953,46.73144],[8.81298,46.73731],[8.81044,46.74492],[8.81394,46.74936],[8.81453,46.75526],[8.81857,46.7584],[8.81855,46.76247],[8.82542,46.76603],[8.83172,46.76433],[8.83458,46.76685],[8.83036,46.77114],[8.82791,46.77919],[8.82895,46.78353],[8.82631,46.78834],[8.82815,46.79214],[8.83447,46.79521],[8.84822,46.79343],[8.8473,46.798],[8.85989,46.80569],[8.87393,46.80863],[8.87705,46.81291],[8.89866,46.8142],[8.90675,46.81009],[8.91487,46.81114],[8.89002,46.79999],[8.88992,46.79185],[8.88232,46.78174],[8.88466,46.77151],[8.87745,46.7631],[8.89155,46.75137],[8.89654,46.74199],[8.89808,46.73299],[8.89482,46.72439],[8.90184,46.71435],[8.9037,46.70461],[8.90647,46.70357],[8.90404,46.69819],[8.90519,46.69043]]]}},{"type":"Feature","properties":{"name":"Domat/Ems","cantonId":"graubunden","municipalityId":"domat-ems-3722"},"geometry":{"type":"Polygon","coordinates":[[[9.40756,46.8236],[9.41368,46.82545],[9.41698,46.83018],[9.43278,46.83356],[9.43948,46.83919],[9.45766,46.83795],[9.48494,46.84499],[9.49143,46.83551],[9.48826,46.83375],[9.48822,46.82271],[9.49062,46.82001],[9.49726,46.81842],[9.49112,46.8117],[9.49652,46.80631],[9.49735,46.8009],[9.47486,46.79797],[9.46479,46.80464],[9.45826,46.81199],[9.43492,46.80241],[9.4288,46.80483],[9.41515,46.79754],[9.41436,46.79534],[9.40686,46.79471],[9.40636,46.79853],[9.41633,46.80997],[9.41566,46.8127],[9.40739,46.81558],[9.40753,46.82218],[9.40756,46.8236]]]}},{"type":"Feature","properties":{"name":"Domleschg","cantonId":"graubunden","municipalityId":"domleschg-3673"},"geometry":{"type":"Polygon","coordinates":[[[9.50733,46.73761],[9.48561,46.73814],[9.48452,46.73366],[9.47286,46.73288],[9.47294,46.73066],[9.44014,46.7267],[9.42248,46.76131],[9.43375,46.76278],[9.4315,46.76542],[9.43506,46.77095],[9.43037,46.77221],[9.42616,46.77744],[9.42716,46.78481],[9.41592,46.78992],[9.41515,46.79754],[9.4288,46.80483],[9.43492,46.80241],[9.45826,46.81199],[9.46479,46.80464],[9.47486,46.79797],[9.49735,46.8009],[9.49508,46.79737],[9.50144,46.78253],[9.49132,46.77678],[9.498,46.76749],[9.50811,46.7635],[9.51446,46.75285],[9.50752,46.73784],[9.50733,46.73761]]]}},{"type":"Feature","properties":{"name":"Falera","cantonId":"graubunden","municipalityId":"falera-3572"},"geometry":{"type":"Polygon","coordinates":[[[9.20617,46.80913],[9.19143,46.81584],[9.18456,46.82227],[9.18242,46.82776],[9.18378,46.83291],[9.18005,46.84246],[9.1666,46.85649],[9.16787,46.8653],[9.16545,46.87246],[9.19272,46.85439],[9.20937,46.8461],[9.20759,46.84456],[9.23043,46.83793],[9.23104,46.82838],[9.23492,46.82192],[9.24216,46.81954],[9.24231,46.81698],[9.24917,46.81544],[9.24465,46.81218],[9.2468,46.81005],[9.24557,46.8064],[9.24788,46.80481],[9.24354,46.8019],[9.24662,46.79644],[9.24297,46.79266],[9.22311,46.79388],[9.20618,46.80897],[9.20617,46.80913]]]}},{"type":"Feature","properties":{"name":"Felsberg","cantonId":"graubunden","municipalityId":"felsberg-3731"},"geometry":{"type":"Polygon","coordinates":[[[9.48494,46.84499],[9.45726,46.83795],[9.44022,46.83914],[9.43438,46.8461],[9.43146,46.84573],[9.42934,46.85213],[9.43408,46.85256],[9.43375,46.85497],[9.43625,46.85643],[9.44191,46.85757],[9.44741,46.85515],[9.45564,46.85704],[9.44195,46.8698],[9.45255,46.87461],[9.45579,46.88025],[9.45449,46.88444],[9.46768,46.87817],[9.48147,46.86271],[9.48742,46.86591],[9.48973,46.86324],[9.49452,46.85368],[9.48539,46.84518],[9.48494,46.84499]]]}},{"type":"Feature","properties":{"name":"Ferrera","cantonId":"graubunden","municipalityId":"ferrera-3713"},"geometry":{"type":"MultiPolygon","coordinates":[[[[9.37336,46.50394],[9.39467,46.51382],[9.40488,46.53734],[9.40416,46.54224],[9.41371,46.5479],[9.42085,46.5488],[9.42263,46.55205],[9.4264,46.55312],[9.4353,46.5654],[9.43396,46.56954],[9.43827,46.57107],[9.43734,46.57373],[9.44655,46.5787],[9.44728,46.5753],[9.45138,46.57406],[9.45532,46.57399],[9.45799,46.57707],[9.46443,46.57896],[9.48688,46.57706],[9.49493,46.58285],[9.49608,46.57561],[9.50196,46.56851],[9.5014,46.56094],[9.50671,46.55584],[9.49867,46.55364],[9.49886,46.53253],[9.49728,46.528],[9.49277,46.52605],[9.49584,46.51992],[9.50343,46.51597],[9.51843,46.51697],[9.52172,46.51462],[9.52348,46.50935],[9.53097,46.50394],[9.53043,46.49826],[9.51596,46.49233],[9.48593,46.49881],[9.48457,46.50194],[9.47676,46.50581],[9.45854,46.50835],[9.45507,46.50532],[9.43419,46.49791],[9.42469,46.48874],[9.42628,46.48573],[9.42411,46.47612],[9.41342,46.46716],[9.4093,46.46683],[9.38978,46.47309],[9.38523,46.48238],[9.37771,46.48383],[9.37421,46.48878],[9.3711,46.48951],[9.36852,46.49507],[9.37315,46.4992],[9.37346,46.50363],[9.37336,46.50394]]],[[[9.46103,46.48484],[9.4622,46.48047],[9.4497,46.47998],[9.44909,46.48437],[9.46103,46.48484]]]]}},{"type":"Feature","properties":{"name":"Fideris","cantonId":"graubunden","municipalityId":"fideris-3861"},"geometry":{"type":"Polygon","coordinates":[[[9.76952,46.86609],[9.76516,46.866],[9.75836,46.8607],[9.74036,46.85462],[9.72338,46.85136],[9.71423,46.85798],[9.70341,46.85962],[9.70248,46.86297],[9.70932,46.86749],[9.71431,46.88081],[9.72881,46.88315],[9.73315,46.88599],[9.7311,46.89663],[9.71199,46.90742],[9.71601,46.91545],[9.72862,46.92452],[9.75181,46.92164],[9.76068,46.91247],[9.75806,46.91096],[9.76891,46.90837],[9.76487,46.89974],[9.7656,46.89365],[9.75982,46.89066],[9.76484,46.87911],[9.76835,46.8767],[9.76846,46.86685],[9.76952,46.86609]]]}},{"type":"Feature","properties":{"name":"Fläsch","cantonId":"graubunden","municipalityId":"flaesch-3951"},"geometry":{"type":"MultiPolygon","coordinates":[[[[9.4758,47.05175],[9.4769,47.0546],[9.48228,47.05612],[9.4819,47.05254],[9.48576,47.04909],[9.49132,47.05625],[9.49954,47.05415],[9.50001,47.05712],[9.51208,47.05681],[9.51655,47.06009],[9.53061,47.06304],[9.52463,47.05257],[9.52631,47.05073],[9.5186,47.04523],[9.52099,47.04103],[9.53422,47.03655],[9.54516,47.04396],[9.54826,47.04129],[9.5476,47.03207],[9.53194,47.02787],[9.52998,47.02367],[9.51022,47.01022],[9.50607,47.01869],[9.47726,47.04905],[9.4758,47.05175]],[[9.52886,47.02771],[9.53081,47.03069],[9.5257,47.0299],[9.52877,47.02775],[9.52886,47.02771]]],[[[9.55693,47.04851],[9.58807,47.05485],[9.59274,47.04858],[9.5999,47.04491],[9.60119,47.03853],[9.61195,47.02951],[9.60236,47.02799],[9.56922,47.04044],[9.55737,47.04082],[9.55712,47.04821],[9.55693,47.04851]]]]}},{"type":"Feature","properties":{"name":"Flerden","cantonId":"graubunden","municipalityId":"flerden-3662"},"geometry":{"type":"MultiPolygon","coordinates":[[[[9.38,46.6982],[9.36034,46.70264],[9.35637,46.70575],[9.37016,46.70948],[9.37397,46.70795],[9.37986,46.71021],[9.38888,46.70698],[9.39711,46.70918],[9.41535,46.70669],[9.41842,46.70431],[9.41482,46.69434],[9.38853,46.70009],[9.38846,46.70203],[9.37932,46.70261],[9.38001,46.70013],[9.38,46.6982]]],[[[9.40202,46.66168],[9.3988,46.66205],[9.39432,46.65813],[9.39009,46.66874],[9.39228,46.67612],[9.38982,46.67878],[9.39922,46.68132],[9.39973,46.67435],[9.40392,46.6677],[9.40207,46.66183],[9.40202,46.66168]]]]}},{"type":"Feature","properties":{"name":"Flims","cantonId":"graubunden","municipalityId":"flims-3732"},"geometry":{"type":"Polygon","coordinates":[[[9.21304,46.89195],[9.21797,46.89477],[9.2266,46.90559],[9.23969,46.9079],[9.24485,46.91449],[9.2489,46.91626],[9.26671,46.90332],[9.26077,46.89476],[9.25837,46.88362],[9.30124,46.87749],[9.30747,46.87203],[9.31198,46.86235],[9.32129,46.85486],[9.32732,46.85628],[9.33037,46.85485],[9.33186,46.84989],[9.33708,46.84722],[9.34151,46.84003],[9.33885,46.83747],[9.33079,46.837],[9.32218,46.83333],[9.31959,46.81758],[9.32068,46.80667],[9.31648,46.80623],[9.31248,46.80878],[9.30757,46.80736],[9.30057,46.81375],[9.28607,46.81571],[9.27281,46.82224],[9.25311,46.84067],[9.24045,46.85628],[9.23695,46.8609],[9.23693,46.86883],[9.22149,46.88244],[9.21363,46.88599],[9.21304,46.89195]]]}},{"type":"Feature","properties":{"name":"Fürstenau","cantonId":"graubunden","municipalityId":"fuerstenau-3633"},"geometry":{"type":"Polygon","coordinates":[[[9.45826,46.72882],[9.45346,46.72667],[9.45146,46.71097],[9.44498,46.71641],[9.44014,46.7267],[9.45823,46.72881],[9.45826,46.72882]]]}},{"type":"Feature","properties":{"name":"Furna","cantonId":"graubunden","municipalityId":"furna-3862"},"geometry":{"type":"Polygon","coordinates":[[[9.68081,46.9539],[9.66958,46.94709],[9.68348,46.94738],[9.68254,46.94175],[9.68476,46.93977],[9.69612,46.93679],[9.68934,46.93205],[9.6896,46.92912],[9.68222,46.92614],[9.682,46.923],[9.68503,46.91988],[9.68412,46.91712],[9.68804,46.91355],[9.68568,46.91108],[9.69043,46.89995],[9.68869,46.89258],[9.677,46.88104],[9.68151,46.87621],[9.67408,46.8653],[9.63891,46.86538],[9.63229,46.8736],[9.63343,46.87568],[9.64654,46.88162],[9.65537,46.89186],[9.64623,46.91535],[9.63085,46.92665],[9.63325,46.92777],[9.63619,46.93494],[9.62794,46.93915],[9.62811,46.94878],[9.64338,46.95577],[9.65941,46.95411],[9.66239,46.95804],[9.67391,46.95646],[9.68081,46.9539]]]}},{"type":"Feature","properties":{"name":"Grono","cantonId":"graubunden","municipalityId":"grono-3832"},"geometry":{"type":"MultiPolygon","coordinates":[[[[9.22107,46.2292],[9.22293,46.22396],[9.21998,46.22087],[9.2189,46.21443],[9.21429,46.21078],[9.2023,46.2084],[9.1831,46.21982],[9.18612,46.2273],[9.15085,46.23042],[9.1322,46.24805],[9.13582,46.25199],[9.14547,46.2507],[9.15102,46.2541],[9.15086,46.26402],[9.15305,46.26941],[9.1592,46.27564],[9.15948,46.28177],[9.16476,46.2854],[9.16107,46.29845],[9.16187,46.30535],[9.15301,46.31776],[9.16003,46.31793],[9.16097,46.31396],[9.16683,46.30862],[9.1657,46.30671],[9.16902,46.30313],[9.1704,46.29703],[9.17399,46.29274],[9.18009,46.29188],[9.18053,46.29007],[9.17493,46.28343],[9.17319,46.28385],[9.17134,46.27743],[9.16256,46.26756],[9.19174,46.259],[9.19568,46.25517],[9.20997,46.25256],[9.21918,46.24398],[9.21845,46.23692],[9.22069,46.22943],[9.22107,46.2292]]],[[[9.25046,46.26633],[9.2531,46.26198],[9.24911,46.25643],[9.25138,46.25101],[9.2482,46.24733],[9.23305,46.2542],[9.23063,46.25357],[9.21562,46.26379],[9.21699,46.26692],[9.18524,46.26674],[9.18722,46.2752],[9.1926,46.27907],[9.20212,46.27274],[9.20777,46.27787],[9.22497,46.28143],[9.22999,46.27978],[9.23991,46.26656],[9.24948,46.26615],[9.25046,46.26633]]]]}},{"type":"Feature","properties":{"name":"Grüsch","cantonId":"graubunden","municipalityId":"gruesch-3961"},"geometry":{"type":"Polygon","coordinates":[[[9.59754,46.94202],[9.59392,46.94652],[9.59858,46.95055],[9.6004,46.95931],[9.60519,46.96532],[9.60375,46.96738],[9.61164,46.9711],[9.60792,46.97346],[9.62185,46.97591],[9.63198,46.97381],[9.64614,46.98182],[9.64448,46.98465],[9.64705,46.99046],[9.65244,46.99307],[9.64972,46.99952],[9.65441,47.00403],[9.6533,47.01018],[9.65804,47.01288],[9.66095,47.01864],[9.6827,47.02765],[9.69933,47.02565],[9.71317,47.02694],[9.7146,47.02501],[9.72825,47.02786],[9.74332,47.02645],[9.73727,47.01861],[9.72858,47.01404],[9.72742,47.00722],[9.721,47.00417],[9.70683,47.00337],[9.70302,46.99787],[9.69347,46.99377],[9.69007,46.98948],[9.67863,46.98419],[9.67643,46.98119],[9.66245,46.97874],[9.66148,46.97288],[9.66742,46.97238],[9.6678,46.9656],[9.67382,46.96557],[9.66895,46.95796],[9.66239,46.95804],[9.65941,46.95411],[9.64338,46.95577],[9.62811,46.94878],[9.62794,46.93915],[9.63619,46.93494],[9.63325,46.92777],[9.63085,46.92665],[9.63581,46.92264],[9.62045,46.92239],[9.61931,46.92811],[9.61428,46.93028],[9.61242,46.9266],[9.61832,46.92019],[9.60393,46.91437],[9.59548,46.92148],[9.60245,46.92587],[9.60075,46.92986],[9.60683,46.93439],[9.60442,46.93839],[9.59756,46.94193],[9.59754,46.94202]]]}},{"type":"Feature","properties":{"name":"Ilanz/Glion","cantonId":"graubunden","municipalityId":"ilanz-glion-3619"},"geometry":{"type":"Polygon","coordinates":[[[9.20617,46.80913],[9.20723,46.79982],[9.21353,46.79168],[9.2134,46.78775],[9.2102,46.78604],[9.21175,46.78381],[9.205,46.78031],[9.21001,46.77671],[9.22747,46.77827],[9.24127,46.78561],[9.25338,46.78218],[9.25921,46.78338],[9.26547,46.77472],[9.26586,46.76529],[9.27219,46.75371],[9.2892,46.74617],[9.29291,46.74047],[9.2928,46.73468],[9.29626,46.73155],[9.28398,46.72414],[9.28669,46.70738],[9.27827,46.69563],[9.27032,46.67761],[9.24898,46.65993],[9.23479,46.65649],[9.24271,46.66371],[9.24777,46.67784],[9.24644,46.68163],[9.22065,46.70812],[9.20016,46.71739],[9.19955,46.72078],[9.20333,46.72188],[9.20454,46.72573],[9.21837,46.7394],[9.21742,46.74547],[9.20455,46.74732],[9.19832,46.74411],[9.18885,46.74403],[9.17822,46.74519],[9.17202,46.74932],[9.16782,46.75639],[9.17376,46.76646],[9.18617,46.76506],[9.19013,46.76661],[9.16654,46.76831],[9.15217,46.77238],[9.13983,46.76907],[9.13017,46.76862],[9.12827,46.77054],[9.12867,46.77488],[9.14026,46.7804],[9.12677,46.78274],[9.12378,46.78679],[9.12073,46.79948],[9.11194,46.80858],[9.10949,46.81599],[9.11193,46.82207],[9.09786,46.83438],[9.08998,46.8371],[9.09714,46.83963],[9.08189,46.85161],[9.07907,46.85764],[9.06884,46.86751],[9.06555,46.87483],[9.0765,46.87518],[9.09494,46.87086],[9.09468,46.86758],[9.10361,46.85969],[9.10487,46.85247],[9.11133,46.85037],[9.1254,46.85545],[9.12914,46.85912],[9.14056,46.86183],[9.14452,46.86942],[9.14856,46.87218],[9.15681,46.87393],[9.16545,46.87246],[9.16787,46.8653],[9.1666,46.85649],[9.18005,46.84246],[9.18378,46.83291],[9.18242,46.82776],[9.18456,46.82227],[9.19143,46.81584],[9.20615,46.80916],[9.20617,46.80913]]]}},{"type":"Feature","properties":{"name":"Jenaz","cantonId":"graubunden","municipalityId":"jenaz-3863"},"geometry":{"type":"Polygon","coordinates":[[[9.68081,46.9539],[9.69053,46.95446],[9.70496,46.95159],[9.71308,46.93524],[9.71734,46.93668],[9.72165,46.93041],[9.7302,46.9266],[9.71601,46.91545],[9.71199,46.90742],[9.7311,46.89663],[9.73315,46.88599],[9.72881,46.88315],[9.71431,46.88081],[9.70932,46.86749],[9.70217,46.86165],[9.69254,46.86222],[9.68193,46.86803],[9.6756,46.86654],[9.67754,46.87253],[9.68151,46.87621],[9.677,46.88104],[9.68869,46.89258],[9.69041,46.89944],[9.68568,46.91108],[9.68804,46.91355],[9.68412,46.91712],[9.68503,46.91988],[9.682,46.923],[9.68222,46.92614],[9.6896,46.92912],[9.68934,46.93205],[9.69612,46.93679],[9.68476,46.93977],[9.68254,46.94175],[9.68348,46.94738],[9.66958,46.94709],[9.67436,46.95109],[9.68081,46.9539]]]}},{"type":"Feature","properties":{"name":"Jenins","cantonId":"graubunden","municipalityId":"jenins-3952"},"geometry":{"type":"Polygon","coordinates":[[[9.6031,47.01258],[9.59514,47.01689],[9.59162,47.01605],[9.56974,47.00206],[9.56716,46.99781],[9.56905,46.99504],[9.56817,46.99152],[9.55561,46.98814],[9.55441,46.98604],[9.55298,46.99086],[9.54208,47.00002],[9.54509,47.00195],[9.54293,47.0032],[9.55268,47.00832],[9.54953,47.00878],[9.55182,47.01374],[9.55763,47.01853],[9.56035,47.02414],[9.55947,47.02665],[9.5708,47.02948],[9.57698,47.02861],[9.57767,47.02502],[9.57362,47.01367],[9.5841,47.02039],[9.59621,47.02206],[9.60429,47.0267],[9.62893,47.02453],[9.60336,47.0127],[9.6031,47.01258]]]}},{"type":"Feature","properties":{"name":"Klosters","cantonId":"graubunden","municipalityId":"klosters-3871"},"geometry":{"type":"Polygon","coordinates":[[[9.87614,46.93463],[9.8945,46.93164],[9.90634,46.9253],[9.91232,46.92605],[9.92154,46.91882],[9.93724,46.91331],[9.94614,46.91235],[9.95908,46.91602],[9.96658,46.91222],[9.97788,46.91588],[9.9818,46.91192],[9.98245,46.9062],[9.99013,46.90241],[10.00592,46.8988],[10.01783,46.90161],[10.02648,46.8958],[10.03219,46.88799],[10.03932,46.88581],[10.04245,46.88044],[10.05195,46.87674],[10.05121,46.86394],[10.05957,46.86077],[10.08744,46.86119],[10.09267,46.85805],[10.09197,46.85142],[10.09693,46.84879],[10.08506,46.84276],[10.07965,46.8345],[10.0725,46.83505],[10.06897,46.82986],[10.07469,46.82726],[10.06606,46.82173],[10.06216,46.81309],[10.04924,46.81221],[10.04374,46.80933],[10.03118,46.81106],[10.02768,46.8007],[10.02062,46.79511],[9.99999,46.7937],[9.98914,46.78289],[9.98726,46.77272],[9.96703,46.76283],[9.95733,46.77437],[9.9591,46.77943],[9.95524,46.78532],[9.95877,46.79528],[9.95233,46.79633],[9.94492,46.80179],[9.9486,46.80705],[9.94794,46.81245],[9.93259,46.80896],[9.91117,46.81406],[9.90426,46.81833],[9.88959,46.82234],[9.87712,46.84173],[9.87695,46.84719],[9.87089,46.85218],[9.85459,46.85529],[9.84787,46.85904],[9.82533,46.85901],[9.81653,46.8569],[9.81325,46.85238],[9.81118,46.8429],[9.80688,46.83918],[9.80647,46.83336],[9.79285,46.83771],[9.79728,46.84198],[9.80057,46.84225],[9.80592,46.84922],[9.79784,46.85183],[9.79549,46.85487],[9.79948,46.86209],[9.8066,46.86588],[9.80706,46.87165],[9.81498,46.88241],[9.8084,46.8876],[9.81578,46.90045],[9.81487,46.90309],[9.80659,46.90675],[9.78959,46.91158],[9.79238,46.91449],[9.79303,46.9211],[9.82096,46.92551],[9.83529,46.93259],[9.84516,46.92969],[9.85017,46.93651],[9.85499,46.93323],[9.87219,46.93106],[9.87575,46.93407],[9.87614,46.93463]]]}},{"type":"Feature","properties":{"name":"Küblis","cantonId":"graubunden","municipalityId":"kueblis-3882"},"geometry":{"type":"Polygon","coordinates":[[[9.76891,46.90837],[9.76937,46.91638],[9.77454,46.92429],[9.78015,46.92514],[9.78365,46.93133],[9.7873,46.93438],[9.79203,46.9348],[9.79871,46.94105],[9.81601,46.93776],[9.82125,46.93882],[9.82272,46.9365],[9.83529,46.93259],[9.82096,46.92551],[9.79303,46.9211],[9.79238,46.91449],[9.78959,46.91158],[9.7939,46.91014],[9.78255,46.91073],[9.77376,46.90762],[9.76891,46.90837]]]}},{"type":"Feature","properties":{"name":"La Punt Chamues-ch","cantonId":"graubunden","municipalityId":"la-punt-chamues-ch-3785"},"geometry":{"type":"Polygon","coordinates":[[[9.98319,46.47781],[9.97332,46.47572],[9.96674,46.47735],[9.95714,46.48532],[9.95534,46.48938],[9.94935,46.49078],[9.94372,46.49549],[9.9444,46.50208],[9.94812,46.50426],[9.95368,46.51397],[9.94544,46.52344],[9.93327,46.52839],[9.93186,46.53023],[9.93386,46.53382],[9.91967,46.54699],[9.91887,46.55072],[9.9094,46.55548],[9.91171,46.55906],[9.90931,46.56067],[9.91222,46.56486],[9.90633,46.56613],[9.89407,46.57502],[9.87979,46.5702],[9.85953,46.57282],[9.83137,46.57241],[9.82638,46.57871],[9.82412,46.58862],[9.82834,46.5911],[9.82844,46.59631],[9.84132,46.59512],[9.85555,46.60333],[9.88432,46.60069],[9.8988,46.59621],[9.9078,46.58864],[9.91979,46.5879],[9.92444,46.58659],[9.92972,46.58141],[9.94041,46.5809],[9.94332,46.57847],[9.93983,46.57418],[9.95319,46.56789],[9.96836,46.56953],[9.98636,46.5629],[9.98603,46.55796],[9.9907,46.55667],[9.98987,46.55324],[9.99332,46.55186],[9.99118,46.54832],[9.99404,46.54608],[9.99042,46.53367],[9.99247,46.52816],[9.98589,46.52258],[9.99037,46.51939],[9.98619,46.50866],[9.98891,46.50665],[9.98584,46.4993],[9.98898,46.49435],[9.98588,46.489],[9.98756,46.4831],[9.98313,46.47834],[9.98319,46.47781]]]}},{"type":"Feature","properties":{"name":"Laax","cantonId":"graubunden","municipalityId":"laax-3575"},"geometry":{"type":"Polygon","coordinates":[[[9.21304,46.89195],[9.21435,46.88525],[9.22149,46.88244],[9.23693,46.86883],[9.23695,46.8609],[9.25562,46.83826],[9.275,46.82056],[9.28607,46.81571],[9.29326,46.81542],[9.27981,46.80569],[9.26533,46.80248],[9.26041,46.79998],[9.26125,46.79733],[9.24297,46.79266],[9.24662,46.79644],[9.24354,46.8019],[9.24788,46.80481],[9.24557,46.8064],[9.2468,46.81005],[9.24465,46.81218],[9.24917,46.81544],[9.24231,46.81698],[9.24216,46.81954],[9.23492,46.82192],[9.23104,46.82838],[9.23043,46.83793],[9.20759,46.84456],[9.20937,46.8461],[9.19272,46.85439],[9.16545,46.87246],[9.15681,46.87393],[9.15301,46.87983],[9.17746,46.8791],[9.18824,46.87643],[9.19992,46.88064],[9.2111,46.88929],[9.21304,46.89195]]]}},{"type":"Feature","properties":{"name":"Landquart","cantonId":"graubunden","municipalityId":"landquart-3955"},"geometry":{"type":"MultiPolygon","coordinates":[[[[9.59754,46.94202],[9.5853,46.93624],[9.56961,46.9424],[9.55564,46.95757],[9.554,46.96514],[9.54991,46.96877],[9.58069,46.96987],[9.60898,46.97386],[9.61164,46.9711],[9.60375,46.96738],[9.60519,46.96532],[9.6004,46.95931],[9.59858,46.95055],[9.59392,46.94652],[9.59742,46.94209],[9.59754,46.94202]]],[[[9.52375,46.97252],[9.54124,46.97429],[9.54558,46.97657],[9.5488,46.97358],[9.55008,46.96947],[9.54379,46.94824],[9.52996,46.94543],[9.52431,46.94691],[9.49837,46.94476],[9.50461,46.95366],[9.51849,46.95586],[9.51741,46.96839],[9.52334,46.97259],[9.52375,46.97252]]]]}},{"type":"Feature","properties":{"name":"Lantsch/Lenz","cantonId":"graubunden","municipalityId":"lantsch-lenz-3513"},"geometry":{"type":"Polygon","coordinates":[[[9.59746,46.74255],[9.60362,46.74303],[9.61384,46.73799],[9.61125,46.72951],[9.61302,46.72238],[9.61195,46.7159],[9.60821,46.71263],[9.6036,46.71288],[9.59508,46.70901],[9.59418,46.70416],[9.59629,46.69997],[9.59411,46.69383],[9.58971,46.69078],[9.58529,46.68079],[9.57797,46.67388],[9.57159,46.67204],[9.56605,46.67409],[9.56625,46.67776],[9.55679,46.67886],[9.54587,46.68589],[9.54164,46.69219],[9.55032,46.70142],[9.55658,46.71459],[9.55583,46.71766],[9.57717,46.71972],[9.5769,46.72428],[9.58149,46.73249],[9.5972,46.74255],[9.59746,46.74255]]]}},{"type":"Feature","properties":{"name":"Lostallo","cantonId":"graubunden","municipalityId":"lostallo-3821"},"geometry":{"type":"Polygon","coordinates":[[[9.1622,46.33755],[9.16986,46.33267],[9.18962,46.33047],[9.20031,46.33487],[9.20771,46.34074],[9.22601,46.32967],[9.23006,46.3345],[9.23539,46.33414],[9.24221,46.32903],[9.24712,46.33013],[9.2535,46.32781],[9.26276,46.33246],[9.272,46.33165],[9.28506,46.31443],[9.28157,46.30935],[9.28488,46.29704],[9.27182,46.28927],[9.26831,46.28217],[9.25882,46.27848],[9.25928,46.27295],[9.25698,46.26937],[9.25145,46.2663],[9.23991,46.26656],[9.22802,46.28059],[9.21351,46.27867],[9.20905,46.28207],[9.20055,46.28314],[9.19216,46.28894],[9.17384,46.29286],[9.1657,46.30671],[9.16683,46.30862],[9.15911,46.3183],[9.16169,46.33662],[9.1622,46.33755]]]}},{"type":"Feature","properties":{"name":"Lumnezia","cantonId":"graubunden","municipalityId":"lumnezia-3618"},"geometry":{"type":"Polygon","coordinates":[[[8.96911,46.63195],[8.97228,46.62983],[8.99564,46.62771],[8.99739,46.62482],[9.00223,46.62432],[9.0066,46.63041],[9.02532,46.64025],[9.02076,46.64564],[9.02507,46.65134],[9.02034,46.65473],[9.01535,46.6665],[9.0173,46.67613],[9.02272,46.67754],[9.03801,46.67532],[9.07128,46.68499],[9.08792,46.68548],[9.0999,46.69634],[9.10555,46.70781],[9.12144,46.71513],[9.12073,46.71789],[9.1263,46.72564],[9.13332,46.72801],[9.144,46.73595],[9.14997,46.73647],[9.15948,46.74242],[9.17859,46.74527],[9.19832,46.74411],[9.20455,46.74732],[9.21742,46.74547],[9.21837,46.7394],[9.20454,46.72573],[9.20333,46.72188],[9.19955,46.72078],[9.20016,46.71739],[9.22065,46.70812],[9.24467,46.68412],[9.24777,46.67784],[9.24271,46.66371],[9.23479,46.65649],[9.22877,46.67185],[9.21838,46.67684],[9.21268,46.67683],[9.20599,46.68212],[9.19668,46.67753],[9.17948,46.67916],[9.1803,46.67157],[9.17806,46.66899],[9.18292,46.66474],[9.16021,46.66513],[9.15758,46.66352],[9.15786,46.66063],[9.1537,46.65833],[9.15401,46.65012],[9.14284,46.64493],[9.14683,46.63403],[9.14278,46.62781],[9.12167,46.62232],[9.11902,46.61614],[9.09959,46.6008],[9.1003,46.5949],[9.09778,46.59485],[9.09635,46.59155],[9.08174,46.57987],[9.07106,46.57741],[9.05432,46.57733],[9.04928,46.58081],[9.04926,46.58316],[9.04245,46.58445],[9.04376,46.58724],[9.04168,46.58976],[9.03478,46.59254],[9.0341,46.60002],[9.0272,46.59941],[9.0208,46.60325],[9.01623,46.60321],[9.00421,46.61133],[8.99535,46.61173],[8.98375,46.60881],[8.97206,46.60241],[8.96221,46.60264],[8.9597,46.6107],[8.963,46.61814],[8.95739,46.63032],[8.96868,46.63176],[8.96911,46.63195]]]}},{"type":"Feature","properties":{"name":"Luzein","cantonId":"graubunden","municipalityId":"luzein-3891"},"geometry":{"type":"Polygon","coordinates":[[[9.87614,46.93463],[9.87219,46.93106],[9.85499,46.93323],[9.85017,46.93651],[9.84516,46.92969],[9.82272,46.9365],[9.82125,46.93882],[9.81601,46.93776],[9.79871,46.94105],[9.79203,46.9348],[9.7873,46.93438],[9.78365,46.93133],[9.78015,46.92514],[9.77454,46.92429],[9.76937,46.91638],[9.76891,46.90837],[9.76525,46.90843],[9.75806,46.91096],[9.76068,46.91247],[9.75181,46.92164],[9.72862,46.92452],[9.7302,46.9266],[9.72165,46.93041],[9.71734,46.93668],[9.71308,46.93524],[9.70453,46.94993],[9.71085,46.94723],[9.72108,46.94678],[9.73219,46.95925],[9.7356,46.95817],[9.74092,46.96184],[9.74664,46.96178],[9.74978,46.96554],[9.75671,46.96586],[9.75933,46.97404],[9.76652,46.98371],[9.77371,46.98189],[9.79053,46.98789],[9.81655,46.98888],[9.82045,46.99299],[9.81546,47.00287],[9.82593,47.00705],[9.83077,47.01432],[9.83878,47.01247],[9.84102,47.01512],[9.85274,47.01641],[9.86067,47.02331],[9.87942,47.01956],[9.88036,47.01722],[9.87116,47.01306],[9.87071,47.00965],[9.87327,47.00635],[9.88879,47.00073],[9.88953,46.99416],[9.89232,46.99036],[9.88483,46.98546],[9.88311,46.98327],[9.88456,46.98085],[9.87571,46.97365],[9.8756,46.96749],[9.87074,46.96321],[9.87873,46.95707],[9.87489,46.95039],[9.87658,46.9407],[9.88072,46.94011],[9.87608,46.93475],[9.87614,46.93463]]]}},{"type":"Feature","properties":{"name":"Madulain","cantonId":"graubunden","municipalityId":"madulain-3783"},"geometry":{"type":"MultiPolygon","coordinates":[[[[9.90928,46.62245],[9.91241,46.61655],[9.91945,46.61208],[9.92307,46.59601],[9.9262,46.59377],[9.93671,46.59465],[9.94611,46.5911],[9.94543,46.5883],[9.9508,46.58353],[9.95551,46.58575],[9.96266,46.58062],[9.96628,46.57447],[9.9658,46.56932],[9.95319,46.56789],[9.93983,46.57418],[9.94332,46.57847],[9.94041,46.5809],[9.92972,46.58141],[9.92444,46.58659],[9.91979,46.5879],[9.9078,46.58864],[9.8988,46.59621],[9.90637,46.59332],[9.91425,46.5983],[9.91152,46.60695],[9.89989,46.62451],[9.90109,46.62777],[9.90891,46.62251],[9.90928,46.62245]]],[[[9.98319,46.47781],[9.98756,46.4831],[9.98588,46.489],[9.98898,46.49435],[9.98584,46.4993],[9.9887,46.50712],[10.00437,46.515],[10.00199,46.51807],[10.01868,46.52408],[10.02503,46.51562],[10.00766,46.50809],[10.00965,46.49573],[10.00801,46.4923],[10.01192,46.48916],[10.00901,46.48241],[10.01015,46.47804],[10.0002,46.47497],[9.98761,46.48008],[9.98319,46.47781]]]]}},{"type":"Feature","properties":{"name":"Maienfeld","cantonId":"graubunden","municipalityId":"maienfeld-3953"},"geometry":{"type":"MultiPolygon","coordinates":[[[[9.60348,47.06177],[9.61721,47.05362],[9.63655,47.0517],[9.63588,47.03563],[9.62553,47.03618],[9.62362,47.03293],[9.61507,47.03006],[9.61613,47.02641],[9.60429,47.0267],[9.59621,47.02206],[9.5841,47.02039],[9.57362,47.01367],[9.57767,47.02502],[9.57698,47.02861],[9.5708,47.02948],[9.55873,47.0262],[9.56035,47.02414],[9.55763,47.01853],[9.55182,47.01374],[9.54953,47.00878],[9.55268,47.00832],[9.54293,47.0032],[9.54509,47.00195],[9.54208,47.00002],[9.56236,46.97985],[9.56227,46.97614],[9.55271,46.9742],[9.55315,46.97141],[9.5625,46.96897],[9.54991,46.96877],[9.54795,46.9745],[9.51069,47.00914],[9.52118,47.019],[9.52998,47.02367],[9.53194,47.02787],[9.5476,47.03207],[9.54934,47.03729],[9.54516,47.04396],[9.53422,47.03655],[9.52118,47.04088],[9.5186,47.04523],[9.52631,47.05073],[9.52463,47.05257],[9.5296,47.06255],[9.53976,47.06514],[9.55307,47.05739],[9.5544,47.0505],[9.55801,47.04642],[9.55737,47.04082],[9.56922,47.04044],[9.57648,47.03627],[9.58036,47.03682],[9.59537,47.03002],[9.60618,47.02801],[9.61195,47.02951],[9.60119,47.03853],[9.5999,47.04491],[9.59274,47.04858],[9.58807,47.05485],[9.60302,47.06157],[9.60348,47.06177]]],[[[9.52886,47.02771],[9.5257,47.0299],[9.53081,47.03069],[9.52909,47.02787],[9.52886,47.02771]]]]}},{"type":"Feature","properties":{"name":"Malans","cantonId":"graubunden","municipalityId":"malans-3954"},"geometry":{"type":"Polygon","coordinates":[[[9.5625,46.96897],[9.55315,46.97141],[9.55271,46.9742],[9.56227,46.97614],[9.56236,46.97985],[9.55415,46.98721],[9.56817,46.99152],[9.56905,46.99504],[9.56716,46.99781],[9.57298,47.00523],[9.59514,47.01689],[9.60349,47.01154],[9.59733,47.0091],[9.59921,47.00763],[9.59743,47.00104],[9.59293,46.99555],[9.59656,46.99293],[9.59339,46.99064],[9.59123,46.98452],[9.59404,46.98381],[9.59443,46.98008],[9.60967,46.97412],[9.56365,46.96903],[9.5625,46.96897]]]}},{"type":"Feature","properties":{"name":"Masein","cantonId":"graubunden","municipalityId":"masein-3663"},"geometry":{"type":"Polygon","coordinates":[[[9.40993,46.67836],[9.40905,46.68382],[9.41696,46.69091],[9.4142,46.69245],[9.41842,46.70431],[9.41534,46.70776],[9.41906,46.71371],[9.42772,46.71273],[9.4321,46.70991],[9.43536,46.70009],[9.43196,46.69474],[9.4257,46.69134],[9.42931,46.68914],[9.42627,46.68403],[9.41382,46.68145],[9.41009,46.67818],[9.40993,46.67836]]]}},{"type":"Feature","properties":{"name":"Medel (Lucmagn)","cantonId":"graubunden","municipalityId":"medel-lucmagn-3983"},"geometry":{"type":"Polygon","coordinates":[[[8.90519,46.69043],[8.90861,46.68183],[8.90529,46.67864],[8.90763,46.67457],[8.90614,46.67207],[8.91218,46.66716],[8.90892,46.65875],[8.911,46.65602],[8.92539,46.65522],[8.93464,46.65824],[8.94415,46.6572],[8.95319,46.65934],[8.96122,46.65492],[8.96406,46.65013],[8.96911,46.63195],[8.95739,46.63032],[8.95279,46.63248],[8.95038,46.62396],[8.94146,46.61849],[8.92461,46.62315],[8.91169,46.61878],[8.90693,46.61526],[8.90561,46.61045],[8.90961,46.6032],[8.91643,46.59792],[8.91598,46.59235],[8.90368,46.5841],[8.87944,46.57762],[8.87695,46.57466],[8.86295,46.57304],[8.84323,46.56335],[8.83175,46.56392],[8.82968,46.57136],[8.80074,46.56327],[8.76196,46.57425],[8.75516,46.57416],[8.75074,46.57621],[8.75125,46.58226],[8.75889,46.59499],[8.76504,46.59705],[8.77087,46.60602],[8.77941,46.61248],[8.78529,46.61242],[8.78721,46.61478],[8.78698,46.62093],[8.78926,46.62176],[8.78993,46.62554],[8.78565,46.63165],[8.78621,46.63706],[8.79175,46.64311],[8.78965,46.64548],[8.79618,46.65512],[8.80501,46.66094],[8.80658,46.67201],[8.83038,46.67127],[8.85584,46.68657],[8.86567,46.68493],[8.87424,46.68953],[8.89942,46.69193],[8.90519,46.69043]]]}},{"type":"Feature","properties":{"name":"Mesocco","cantonId":"graubunden","municipalityId":"mesocco-3822"},"geometry":{"type":"Polygon","coordinates":[[[9.0786,46.47808],[9.15612,46.50552],[9.19842,46.50644],[9.20891,46.50439],[9.22693,46.51144],[9.23027,46.51614],[9.24932,46.51661],[9.27107,46.52321],[9.27481,46.51904],[9.27296,46.51776],[9.27261,46.51167],[9.28323,46.50885],[9.28339,46.49701],[9.27886,46.49159],[9.27873,46.4875],[9.27421,46.48369],[9.27739,46.4792],[9.27344,46.46601],[9.27462,46.46303],[9.27818,46.4617],[9.26627,46.45137],[9.247,46.44679],[9.24819,46.43323],[9.26165,46.42429],[9.26363,46.4205],[9.27537,46.41951],[9.27701,46.415],[9.27993,46.41464],[9.28253,46.40495],[9.27888,46.40339],[9.28202,46.40157],[9.27583,46.39489],[9.27839,46.38953],[9.28437,46.38508],[9.27512,46.37373],[9.277,46.36852],[9.26918,46.36667],[9.26024,46.36021],[9.24265,46.36037],[9.23741,46.36502],[9.23244,46.37657],[9.23002,46.37731],[9.22227,46.37554],[9.19821,46.38293],[9.18546,46.38555],[9.1746,46.38428],[9.16608,46.38729],[9.16041,46.39815],[9.1612,46.40631],[9.1587,46.40755],[9.15941,46.41031],[9.15431,46.41337],[9.15572,46.41749],[9.14862,46.4187],[9.14821,46.42766],[9.1421,46.43223],[9.13612,46.44736],[9.11932,46.4524],[9.11287,46.4434],[9.10473,46.4368],[9.08958,46.43693],[9.08702,46.44368],[9.09211,46.44879],[9.09508,46.46038],[9.08506,46.47094],[9.08543,46.47539],[9.07914,46.47797],[9.0786,46.47808]]]}},{"type":"Feature","properties":{"name":"Muntogna da Schons","cantonId":"graubunden","municipalityId":"muntogna-da-schons-3715"},"geometry":{"type":"Polygon","coordinates":[[[9.31353,46.59946],[9.31157,46.60451],[9.31295,46.61084],[9.30194,46.61592],[9.3063,46.62156],[9.30437,46.6263],[9.30683,46.63081],[9.332,46.63435],[9.34207,46.63806],[9.35258,46.64916],[9.36246,46.65568],[9.3751,46.65445],[9.39432,46.65813],[9.3988,46.66205],[9.40251,46.66163],[9.41725,46.66729],[9.41738,46.66967],[9.4276,46.66798],[9.44299,46.67028],[9.44936,46.66569],[9.44631,46.66298],[9.44295,46.66349],[9.4471,46.65592],[9.44404,46.65224],[9.44582,46.64487],[9.43233,46.63338],[9.43678,46.6326],[9.43703,46.62613],[9.43184,46.62082],[9.42841,46.62292],[9.41562,46.61474],[9.41257,46.61639],[9.39961,46.61332],[9.38865,46.60754],[9.37809,46.59815],[9.35992,46.59647],[9.33997,46.59885],[9.33259,46.59473],[9.31366,46.59945],[9.31353,46.59946]]]}},{"type":"Feature","properties":{"name":"Obersaxen Mundaun","cantonId":"graubunden","municipalityId":"obersaxen-mundaun-3988"},"geometry":{"type":"Polygon","coordinates":[[[9.03147,46.73395],[9.03652,46.73981],[9.0314,46.74075],[9.04311,46.74486],[9.04614,46.74795],[9.06288,46.75209],[9.07208,46.75021],[9.10448,46.75486],[9.11393,46.75894],[9.11649,46.75812],[9.12271,46.76493],[9.13084,46.76537],[9.13017,46.76862],[9.15105,46.7723],[9.16654,46.76831],[9.19069,46.76642],[9.17299,46.76571],[9.17388,46.76435],[9.1679,46.75587],[9.17117,46.74999],[9.17779,46.74471],[9.15948,46.74242],[9.1263,46.72564],[9.12073,46.71789],[9.12144,46.71513],[9.10555,46.70781],[9.0999,46.69634],[9.08792,46.68548],[9.07128,46.68499],[9.03345,46.67482],[9.02272,46.67754],[9.01778,46.6765],[9.01015,46.68288],[9.01717,46.69299],[9.01751,46.69677],[9.01362,46.70664],[9.01259,46.72443],[9.03134,46.73382],[9.03147,46.73395]]]}},{"type":"Feature","properties":{"name":"Pontresina","cantonId":"graubunden","municipalityId":"pontresina-3784"},"geometry":{"type":"Polygon","coordinates":[[[9.98319,46.47781],[9.98761,46.48008],[10.0002,46.47497],[10.01088,46.47976],[10.03623,46.47545],[10.04478,46.47676],[10.04949,46.47409],[10.05446,46.46466],[10.05248,46.46041],[10.04385,46.45496],[10.04246,46.44899],[10.03914,46.44698],[10.04211,46.44275],[10.04219,46.43296],[10.03556,46.4285],[10.02367,46.43137],[10.02087,46.41675],[10.01854,46.41417],[9.98405,46.39811],[9.98153,46.38762],[9.97381,46.38512],[9.9706,46.37941],[9.95281,46.37931],[9.93833,46.37611],[9.9304,46.3721],[9.9304,46.36736],[9.92517,46.36598],[9.92306,46.37054],[9.91689,46.37033],[9.90736,46.38087],[9.90585,46.39055],[9.90766,46.39651],[9.90071,46.4067],[9.90229,46.41737],[9.89644,46.4214],[9.8941,46.42589],[9.90022,46.43385],[9.89917,46.43645],[9.90365,46.43819],[9.90584,46.45139],[9.89966,46.46776],[9.88605,46.47213],[9.86965,46.47209],[9.88516,46.48303],[9.88944,46.48239],[9.8931,46.48683],[9.89268,46.48948],[9.89952,46.49344],[9.88204,46.5081],[9.89421,46.51226],[9.89447,46.50916],[9.91187,46.50836],[9.92014,46.50299],[9.93253,46.50005],[9.95485,46.48967],[9.96674,46.47735],[9.97674,46.47596],[9.98125,46.47848],[9.98319,46.47781]]]}},{"type":"Feature","properties":{"name":"Poschiavo","cantonId":"graubunden","municipalityId":"poschiavo-3561"},"geometry":{"type":"Polygon","coordinates":[[[9.95913,46.37827],[9.9706,46.37941],[9.97381,46.38512],[9.98153,46.38762],[9.98405,46.39811],[10.01854,46.41417],[10.02087,46.41675],[10.02367,46.43137],[10.03343,46.42834],[10.03914,46.42977],[10.04258,46.43427],[10.04211,46.44275],[10.05257,46.4397],[10.05627,46.44087],[10.05825,46.43826],[10.058,46.43202],[10.06149,46.42743],[10.06438,46.42587],[10.07714,46.42819],[10.08017,46.4256],[10.08016,46.42108],[10.0907,46.42265],[10.10072,46.42135],[10.1079,46.42828],[10.11722,46.42603],[10.11921,46.42923],[10.12909,46.43175],[10.13291,46.42909],[10.1432,46.42824],[10.14223,46.42705],[10.14719,46.42318],[10.14937,46.41282],[10.1572,46.41589],[10.16132,46.41527],[10.16676,46.40737],[10.16209,46.40423],[10.16398,46.39068],[10.16201,46.38751],[10.15576,46.38491],[10.14255,46.38622],[10.12765,46.37774],[10.12841,46.37398],[10.12598,46.36982],[10.12911,46.36088],[10.1189,46.35718],[10.1131,46.35253],[10.10843,46.35233],[10.10922,46.34604],[10.10595,46.34218],[10.10455,46.33315],[10.11299,46.32329],[10.11659,46.31408],[10.13881,46.30464],[10.13817,46.30135],[10.12584,46.29699],[10.11988,46.29181],[10.1073,46.29173],[10.10585,46.28922],[10.11209,46.2834],[10.08683,46.26082],[10.08711,46.25653],[10.08323,46.25548],[10.08206,46.24772],[10.07046,46.24361],[10.06514,46.24426],[10.06152,46.2468],[10.05875,46.25574],[10.05609,46.25696],[10.05801,46.25822],[10.05451,46.26663],[10.03123,46.27704],[9.99592,46.28493],[9.99173,46.29626],[10.00075,46.30156],[9.99624,46.30731],[9.99974,46.30984],[10.00005,46.31319],[9.99468,46.31388],[9.97993,46.32313],[9.98545,46.33408],[9.99595,46.34222],[9.99458,46.34665],[9.99637,46.35114],[9.9851,46.35164],[9.96451,46.36376],[9.95571,46.37362],[9.95843,46.37801],[9.95913,46.37827]]]}},{"type":"Feature","properties":{"name":"Rhäzüns","cantonId":"graubunden","municipalityId":"rhaezuens-3723"},"geometry":{"type":"Polygon","coordinates":[[[9.40686,46.79471],[9.42007,46.76997],[9.39784,46.77054],[9.40129,46.76808],[9.39265,46.76385],[9.38131,46.76189],[9.37717,46.76427],[9.37942,46.76637],[9.37623,46.77126],[9.37385,46.7703],[9.36881,46.7733],[9.36922,46.7788],[9.37753,46.77924],[9.37795,46.78203],[9.38181,46.78296],[9.37402,46.79317],[9.37238,46.79242],[9.37231,46.80264],[9.36996,46.80513],[9.37271,46.80846],[9.413,46.80714],[9.40617,46.79736],[9.40686,46.79471]]]}},{"type":"Feature","properties":{"name":"Rheinwald","cantonId":"graubunden","municipalityId":"rheinwald-3714"},"geometry":{"type":"Polygon","coordinates":[[[9.36238,46.5095],[9.35503,46.50426],[9.33908,46.5038],[9.33707,46.506],[9.31112,46.50413],[9.30506,46.50096],[9.28384,46.49679],[9.28198,46.50009],[9.28323,46.50885],[9.27261,46.51167],[9.27296,46.51776],[9.27481,46.51904],[9.27107,46.52321],[9.26883,46.52301],[9.24932,46.51661],[9.23027,46.51614],[9.22693,46.51144],[9.20891,46.50439],[9.19842,46.50644],[9.15612,46.50552],[9.0786,46.47808],[9.07356,46.48026],[9.06055,46.4763],[9.05401,46.4768],[9.04534,46.48135],[9.04788,46.48364],[9.04638,46.48664],[9.03928,46.49067],[9.04211,46.50076],[9.04723,46.50764],[9.063,46.51243],[9.08019,46.50874],[9.10241,46.50901],[9.12301,46.52483],[9.1538,46.53276],[9.15487,46.5398],[9.16308,46.54428],[9.17977,46.54809],[9.18151,46.55126],[9.1914,46.55422],[9.20235,46.55385],[9.21123,46.56327],[9.22865,46.56661],[9.23156,46.56858],[9.23278,46.57502],[9.26776,46.5786],[9.27976,46.58289],[9.30692,46.58695],[9.3161,46.584],[9.31608,46.57928],[9.32039,46.57421],[9.32998,46.57388],[9.33649,46.57606],[9.34768,46.5713],[9.3594,46.56013],[9.3635,46.55171],[9.37276,46.54631],[9.37325,46.54363],[9.36833,46.53974],[9.36895,46.53637],[9.36562,46.53373],[9.36755,46.53183],[9.36673,46.52838],[9.36233,46.52724],[9.3581,46.52215],[9.36434,46.5159],[9.36249,46.50964],[9.36238,46.5095]]]}},{"type":"Feature","properties":{"name":"Rongellen","cantonId":"graubunden","municipalityId":"rongellen-3711"},"geometry":{"type":"Polygon","coordinates":[[[9.44936,46.66569],[9.44361,46.67022],[9.42571,46.66822],[9.42579,46.67253],[9.42952,46.6753],[9.44268,46.68053],[9.45358,46.67901],[9.45036,46.67596],[9.45141,46.66917],[9.44948,46.66576],[9.44936,46.66569]]]}},{"type":"Feature","properties":{"name":"Rossa","cantonId":"graubunden","municipalityId":"rossa-3808"},"geometry":{"type":"Polygon","coordinates":[[[9.08726,46.38882],[9.09622,46.39987],[9.09144,46.40323],[9.09045,46.40652],[9.1031,46.41166],[9.10092,46.41753],[9.08902,46.43215],[9.08839,46.4366],[9.10473,46.4368],[9.11287,46.4434],[9.11932,46.4524],[9.13612,46.44736],[9.1421,46.43223],[9.14821,46.42766],[9.14862,46.4187],[9.15572,46.41749],[9.15431,46.41337],[9.15941,46.41031],[9.1587,46.40755],[9.1612,46.40631],[9.16041,46.39815],[9.16608,46.38729],[9.1746,46.38428],[9.17063,46.37892],[9.1711,46.3732],[9.16743,46.37089],[9.17099,46.35976],[9.16573,46.35632],[9.16449,46.35249],[9.15635,46.34809],[9.15767,46.34019],[9.12856,46.3393],[9.12215,46.34514],[9.10295,46.33906],[9.08088,46.34416],[9.07116,46.34358],[9.08193,46.34901],[9.08827,46.34919],[9.09263,46.3575],[9.09445,46.36407],[9.09296,46.37082],[9.09563,46.373],[9.08794,46.38819],[9.08726,46.38882]]]}},{"type":"Feature","properties":{"name":"Rothenbrunnen","cantonId":"graubunden","municipalityId":"rothenbrunnen-3637"},"geometry":{"type":"Polygon","coordinates":[[[9.40686,46.79471],[9.41583,46.79442],[9.41592,46.78992],[9.41877,46.7875],[9.42716,46.78481],[9.42616,46.77744],[9.42978,46.77284],[9.43506,46.77095],[9.4315,46.76542],[9.43375,46.76278],[9.42248,46.76131],[9.41969,46.77247],[9.40723,46.79216],[9.40686,46.79471]]]}},{"type":"Feature","properties":{"name":"Roveredo (GR)","cantonId":"graubunden","municipalityId":"roveredo-gr-3834"},"geometry":{"type":"Polygon","coordinates":[[[9.12552,46.25086],[9.1337,46.24971],[9.1322,46.24805],[9.15085,46.23042],[9.18612,46.2273],[9.1831,46.21982],[9.2023,46.2084],[9.19773,46.19615],[9.19484,46.19362],[9.19799,46.18698],[9.19477,46.18395],[9.19465,46.1792],[9.18191,46.16936],[9.17269,46.17097],[9.16686,46.18765],[9.16668,46.19709],[9.16959,46.19949],[9.16898,46.20284],[9.1598,46.21002],[9.15901,46.19585],[9.15614,46.19304],[9.1577,46.18534],[9.16262,46.17632],[9.16845,46.17158],[9.1534,46.17017],[9.13555,46.18037],[9.1313,46.1848],[9.13109,46.18839],[9.11901,46.20038],[9.08778,46.2135],[9.10533,46.21356],[9.11257,46.21646],[9.11244,46.22172],[9.10083,46.22227],[9.10018,46.22967],[9.10616,46.23039],[9.1173,46.23781],[9.11662,46.24067],[9.12521,46.25035],[9.12552,46.25086]]]}},{"type":"Feature","properties":{"name":"S-chanf","cantonId":"graubunden","municipalityId":"s-chanf-3788"},"geometry":{"type":"Polygon","coordinates":[[[9.90928,46.62245],[9.8962,46.62933],[9.89282,46.62862],[9.88793,46.62266],[9.8766,46.64488],[9.8644,46.65403],[9.86453,46.6583],[9.87063,46.66381],[9.86819,46.67038],[9.88064,46.68428],[9.88469,46.68081],[9.89487,46.68163],[9.90934,46.6856],[9.91649,46.69245],[9.93448,46.69625],[9.94233,46.69346],[9.95524,46.69368],[9.9627,46.68702],[9.96027,46.68015],[9.96559,46.67706],[9.98381,46.67053],[10.00887,46.65619],[10.02967,46.65006],[10.06367,46.6329],[10.06068,46.62938],[10.06052,46.62433],[10.07739,46.62631],[10.09386,46.62425],[10.09574,46.61609],[10.10235,46.61073],[10.09885,46.60586],[10.10128,46.60101],[10.09763,46.59777],[10.09703,46.59348],[10.10111,46.58932],[10.10143,46.58439],[10.09569,46.57735],[10.07867,46.57512],[10.07974,46.57131],[10.08539,46.56712],[10.07784,46.56067],[10.0717,46.55903],[10.06868,46.55118],[10.06141,46.5457],[10.04676,46.54404],[10.04117,46.54933],[10.01178,46.55279],[10.00695,46.55683],[9.99274,46.55936],[10.00586,46.57322],[10.00491,46.58249],[10.00756,46.58563],[10.00777,46.59288],[9.99139,46.60603],[9.97523,46.60382],[9.96728,46.61164],[9.96879,46.61661],[9.96711,46.61904],[9.94162,46.6267],[9.93595,46.62144],[9.92768,46.62026],[9.91519,46.62413],[9.90971,46.62265],[9.90928,46.62245]]]}},{"type":"Feature","properties":{"name":"Safiental","cantonId":"graubunden","municipalityId":"safiental-3672"},"geometry":{"type":"Polygon","coordinates":[[[9.38026,46.7621],[9.37874,46.76158],[9.38025,46.75843],[9.37878,46.75342],[9.37684,46.75207],[9.38019,46.74753],[9.35603,46.71879],[9.35924,46.70765],[9.33508,46.69642],[9.32866,46.68713],[9.31752,46.6781],[9.33365,46.67251],[9.34182,46.66477],[9.33985,46.64759],[9.33596,46.64607],[9.33484,46.643],[9.34265,46.63898],[9.332,46.63435],[9.30683,46.63081],[9.30437,46.6263],[9.3063,46.62156],[9.30194,46.61592],[9.31295,46.61084],[9.31157,46.60451],[9.31353,46.59946],[9.30963,46.59591],[9.3071,46.58695],[9.27976,46.58289],[9.26776,46.5786],[9.23278,46.57502],[9.23146,46.57669],[9.23647,46.58237],[9.23633,46.58977],[9.23272,46.59776],[9.23474,46.60511],[9.23742,46.60903],[9.24292,46.61042],[9.24342,46.61341],[9.22855,46.62342],[9.23732,46.62716],[9.24202,46.63884],[9.24015,46.6456],[9.23276,46.65483],[9.24898,46.65993],[9.27032,46.67761],[9.27827,46.69563],[9.28669,46.70738],[9.28398,46.72414],[9.29626,46.73155],[9.2928,46.73468],[9.29291,46.74047],[9.2892,46.74617],[9.27219,46.75371],[9.26586,46.76529],[9.26547,46.77472],[9.25978,46.78111],[9.26035,46.78514],[9.28182,46.79681],[9.29827,46.79426],[9.30127,46.79812],[9.29958,46.80228],[9.3021,46.80656],[9.31248,46.80878],[9.31952,46.8062],[9.32179,46.8092],[9.32566,46.8043],[9.33064,46.80479],[9.34333,46.79966],[9.34047,46.79567],[9.34601,46.79075],[9.34562,46.78815],[9.35193,46.7806],[9.36327,46.78485],[9.36971,46.78334],[9.36881,46.7733],[9.37385,46.7703],[9.37623,46.77126],[9.37942,46.76637],[9.37717,46.76427],[9.38029,46.7626],[9.38026,46.7621]]]}},{"type":"Feature","properties":{"name":"Sagogn","cantonId":"graubunden","municipalityId":"sagogn-3581"},"geometry":{"type":"Polygon","coordinates":[[[9.30757,46.80736],[9.30112,46.80583],[9.29958,46.80228],[9.30127,46.79812],[9.29827,46.79426],[9.28182,46.79681],[9.26403,46.78825],[9.25867,46.78317],[9.25338,46.78218],[9.24394,46.78485],[9.24297,46.79266],[9.26125,46.79733],[9.26041,46.79998],[9.26533,46.80248],[9.27981,46.80569],[9.29326,46.81542],[9.30057,46.81375],[9.30757,46.80736]]]}},{"type":"Feature","properties":{"name":"Samedan","cantonId":"graubunden","municipalityId":"samedan-3786"},"geometry":{"type":"MultiPolygon","coordinates":[[[[9.83198,46.36058],[9.82586,46.36719],[9.8152,46.37086],[9.81937,46.37585],[9.81427,46.39107],[9.81857,46.3991],[9.81609,46.40859],[9.81993,46.41263],[9.82056,46.41752],[9.83979,46.42907],[9.83929,46.4354],[9.8412,46.43608],[9.8423,46.44288],[9.84619,46.44605],[9.84312,46.45321],[9.84742,46.45396],[9.84812,46.45771],[9.85327,46.45856],[9.85768,46.46521],[9.8612,46.46561],[9.8632,46.47016],[9.88605,46.47213],[9.89966,46.46776],[9.90584,46.45139],[9.90365,46.43819],[9.89917,46.43645],[9.90022,46.43385],[9.89405,46.42632],[9.89644,46.4214],[9.90229,46.41737],[9.90071,46.4067],[9.90766,46.39651],[9.90585,46.39055],[9.90817,46.38256],[9.8985,46.37674],[9.88365,46.37341],[9.88058,46.36835],[9.8682,46.36236],[9.86548,46.36465],[9.85616,46.36274],[9.84914,46.36438],[9.84592,46.36179],[9.83224,46.3607],[9.83198,46.36058]]],[[[9.75423,46.55656],[9.75609,46.55898],[9.76197,46.55856],[9.76704,46.56163],[9.80042,46.56561],[9.82897,46.57318],[9.83137,46.57241],[9.82753,46.56282],[9.81488,46.5505],[9.80881,46.54809],[9.808,46.54454],[9.8102,46.54319],[9.8399,46.54171],[9.85388,46.54894],[9.8683,46.54638],[9.88097,46.5494],[9.88629,46.54776],[9.88204,46.54502],[9.88329,46.54372],[9.88719,46.54917],[9.89989,46.54795],[9.90099,46.54613],[9.89661,46.544],[9.90049,46.54126],[9.92528,46.53347],[9.94931,46.52025],[9.95368,46.51397],[9.94812,46.50426],[9.9444,46.50208],[9.9448,46.49771],[9.94236,46.49536],[9.92014,46.50299],[9.91187,46.50836],[9.89447,46.50916],[9.89421,46.51226],[9.88204,46.5081],[9.87939,46.50907],[9.86679,46.52114],[9.866,46.52529],[9.86338,46.52325],[9.86339,46.52472],[9.85208,46.52466],[9.83632,46.53251],[9.82027,46.53092],[9.81135,46.53582],[9.80301,46.53084],[9.79537,46.53051],[9.79629,46.5293],[9.79097,46.52659],[9.78656,46.52615],[9.78563,46.52374],[9.78827,46.5213],[9.78519,46.51749],[9.78771,46.51527],[9.78462,46.5089],[9.77695,46.5062],[9.77544,46.50938],[9.76882,46.50911],[9.75773,46.51584],[9.75768,46.52058],[9.76337,46.52949],[9.76964,46.53389],[9.76835,46.54625],[9.7615,46.54781],[9.75505,46.55571],[9.75423,46.55656]]]]}},{"type":"Feature","properties":{"name":"Samnaun","cantonId":"graubunden","municipalityId":"samnaun-3752"},"geometry":{"type":"Polygon","coordinates":[[[10.31607,46.92518],[10.31718,46.93095],[10.30618,46.94014],[10.30859,46.94344],[10.30774,46.94726],[10.30937,46.9502],[10.32784,46.95397],[10.32951,46.96427],[10.34073,46.97837],[10.34,46.9813],[10.3448,46.98306],[10.34653,46.98959],[10.355,46.99236],[10.37206,46.99067],[10.38339,46.99927],[10.38933,47.00052],[10.39833,46.99714],[10.40219,46.99085],[10.41251,46.98264],[10.4266,46.97568],[10.42709,46.97117],[10.42295,46.96553],[10.42213,46.96024],[10.42865,46.95615],[10.4342,46.95638],[10.42527,46.95321],[10.41404,46.95415],[10.3928,46.94439],[10.38255,46.93096],[10.38119,46.92172],[10.37696,46.91307],[10.37934,46.9025],[10.37391,46.89771],[10.36517,46.90217],[10.34348,46.90356],[10.34111,46.91013],[10.33683,46.91131],[10.33332,46.91786],[10.31614,46.92511],[10.31607,46.92518]]]}},{"type":"Feature","properties":{"name":"San Vittore","cantonId":"graubunden","municipalityId":"san-vittore-3835"},"geometry":{"type":"MultiPolygon","coordinates":[[[[9.07,46.30764],[9.06874,46.29843],[9.07813,46.28093],[9.07536,46.27565],[9.07934,46.27048],[9.08771,46.27103],[9.08872,46.26879],[9.0916,46.27063],[9.09594,46.26703],[9.09655,46.26203],[9.10015,46.26299],[9.11242,46.25566],[9.11065,46.2527],[9.11361,46.25031],[9.12449,46.24911],[9.11662,46.24067],[9.1173,46.23781],[9.10616,46.23039],[9.10018,46.22967],[9.10083,46.22227],[9.11244,46.22172],[9.11257,46.21646],[9.10533,46.21356],[9.08778,46.2135],[9.07961,46.23327],[9.07457,46.23172],[9.07119,46.23558],[9.07603,46.23786],[9.07777,46.26029],[9.07222,46.2677],[9.06365,46.27305],[9.05371,46.29304],[9.05563,46.29603],[9.06048,46.29739],[9.06921,46.30749],[9.07,46.30764]]],[[[9.16845,46.17158],[9.16262,46.17632],[9.1577,46.18534],[9.15614,46.19304],[9.15901,46.19585],[9.1598,46.21002],[9.16898,46.20284],[9.16959,46.19949],[9.16668,46.19709],[9.16686,46.18765],[9.17319,46.17199],[9.16866,46.17157],[9.16845,46.17158]]]]}},{"type":"Feature","properties":{"name":"Santa Maria in Calanca","cantonId":"graubunden","municipalityId":"santa-maria-in-calanca-3810"},"geometry":{"type":"Polygon","coordinates":[[[9.12993,46.27665],[9.1344,46.28011],[9.13702,46.28692],[9.14419,46.29093],[9.14487,46.29779],[9.14976,46.30693],[9.14881,46.31241],[9.15301,46.31776],[9.15854,46.31166],[9.16187,46.30535],[9.16107,46.29845],[9.16519,46.2883],[9.16476,46.2854],[9.15948,46.28177],[9.1592,46.27564],[9.15305,46.26941],[9.15056,46.2616],[9.15171,46.25701],[9.14367,46.26205],[9.1348,46.2593],[9.1335,46.2624],[9.12727,46.26202],[9.12299,46.2663],[9.13462,46.26978],[9.12993,46.27665]]]}},{"type":"Feature","properties":{"name":"Scharans","cantonId":"graubunden","municipalityId":"scharans-3638"},"geometry":{"type":"Polygon","coordinates":[[[9.50733,46.73761],[9.51322,46.72653],[9.5104,46.72027],[9.48866,46.71193],[9.49914,46.71219],[9.50397,46.70913],[9.49098,46.70222],[9.49482,46.7008],[9.4942,46.69664],[9.49683,46.69366],[9.483,46.695],[9.47914,46.69917],[9.47386,46.69813],[9.47259,46.70361],[9.46401,46.70326],[9.46064,46.70794],[9.45146,46.71097],[9.45346,46.72667],[9.47294,46.73066],[9.47286,46.73288],[9.48452,46.73366],[9.48561,46.73814],[9.50713,46.73774],[9.50733,46.73761]]]}},{"type":"Feature","properties":{"name":"Schiers","cantonId":"graubunden","municipalityId":"schiers-3962"},"geometry":{"type":"Polygon","coordinates":[[[9.68081,46.9539],[9.66895,46.95796],[9.67382,46.96557],[9.6678,46.9656],[9.66742,46.97238],[9.66148,46.97288],[9.66245,46.97874],[9.67643,46.98119],[9.67863,46.98419],[9.69007,46.98948],[9.69347,46.99377],[9.70302,46.99787],[9.70683,47.00337],[9.721,47.00417],[9.72742,47.00722],[9.72858,47.01404],[9.73727,47.01861],[9.73834,47.02213],[9.74945,47.03076],[9.76425,47.03021],[9.77619,47.03251],[9.78438,47.03854],[9.7919,47.03169],[9.80141,47.02909],[9.80758,47.02356],[9.82018,47.02111],[9.83044,47.0153],[9.82593,47.00705],[9.81546,47.00287],[9.82045,46.99299],[9.81669,46.989],[9.79053,46.98789],[9.77371,46.98189],[9.76652,46.98371],[9.75933,46.97404],[9.75671,46.96586],[9.74978,46.96554],[9.74664,46.96178],[9.74092,46.96184],[9.7356,46.95817],[9.73219,46.95925],[9.72108,46.94678],[9.71085,46.94723],[9.70496,46.95159],[9.69053,46.95446],[9.68081,46.9539]]]}},{"type":"Feature","properties":{"name":"Schluein","cantonId":"graubunden","municipalityId":"schluein-3582"},"geometry":{"type":"Polygon","coordinates":[[[9.20617,46.80913],[9.22311,46.79388],[9.24297,46.79266],[9.24394,46.78485],[9.24127,46.78561],[9.22747,46.77827],[9.21001,46.77671],[9.20482,46.78051],[9.21161,46.78369],[9.2102,46.78604],[9.2134,46.78775],[9.21353,46.79168],[9.20723,46.79982],[9.20598,46.80907],[9.20617,46.80913]]]}},{"type":"Feature","properties":{"name":"Schmitten (GR)","cantonId":"graubunden","municipalityId":"schmitten-gr-3514"},"geometry":{"type":"Polygon","coordinates":[[[9.67374,46.67862],[9.66421,46.68665],[9.66849,46.68879],[9.67088,46.69357],[9.67041,46.69901],[9.66363,46.70231],[9.65346,46.72244],[9.66409,46.7297],[9.66913,46.72973],[9.6902,46.71433],[9.69653,46.70755],[9.6973,46.69792],[9.70314,46.68989],[9.67371,46.67874],[9.67374,46.67862]]]}},{"type":"Feature","properties":{"name":"Scuol","cantonId":"graubunden","municipalityId":"scuol-3762"},"geometry":{"type":"Polygon","coordinates":[[[10.23251,46.8716],[10.24437,46.87118],[10.25323,46.8815],[10.24962,46.88639],[10.26087,46.88892],[10.25801,46.89764],[10.2597,46.90142],[10.26311,46.90207],[10.26325,46.90502],[10.25744,46.9153],[10.25751,46.92977],[10.29105,46.92326],[10.29356,46.92186],[10.28736,46.91717],[10.28805,46.90985],[10.29391,46.90488],[10.30858,46.89974],[10.31258,46.89403],[10.32592,46.88549],[10.33293,46.87213],[10.33099,46.86675],[10.33502,46.86116],[10.33484,46.85455],[10.34278,46.84394],[10.37113,46.83311],[10.36757,46.82691],[10.36853,46.82452],[10.37281,46.82359],[10.37975,46.82772],[10.38331,46.82477],[10.38076,46.82242],[10.3889,46.82204],[10.39666,46.81774],[10.39989,46.81232],[10.41252,46.80384],[10.41235,46.7971],[10.41979,46.79258],[10.4235,46.7869],[10.43371,46.78192],[10.43441,46.77824],[10.44048,46.77401],[10.44402,46.76237],[10.44172,46.75204],[10.43554,46.75267],[10.40007,46.73294],[10.40776,46.72919],[10.40992,46.72479],[10.4189,46.71852],[10.41532,46.71223],[10.41558,46.7085],[10.41001,46.70548],[10.40333,46.7055],[10.39347,46.6893],[10.38357,46.68728],[10.38184,46.68465],[10.39251,46.67159],[10.39089,46.66811],[10.39271,46.6614],[10.39097,46.65899],[10.39408,46.65463],[10.3873,46.65016],[10.35857,46.64962],[10.3322,46.65225],[10.31379,46.66361],[10.31295,46.67397],[10.29817,46.67746],[10.29002,46.68346],[10.28261,46.68441],[10.27671,46.69056],[10.26516,46.68422],[10.2582,46.68427],[10.23952,46.69009],[10.2295,46.69055],[10.21583,46.69631],[10.19606,46.69798],[10.18818,46.70828],[10.18396,46.70862],[10.17918,46.71489],[10.1727,46.71421],[10.16287,46.71739],[10.15452,46.72326],[10.14737,46.72438],[10.14751,46.72732],[10.14258,46.7306],[10.14344,46.73691],[10.1492,46.74062],[10.14982,46.74977],[10.1353,46.76418],[10.1395,46.7649],[10.14283,46.77376],[10.14297,46.77832],[10.13978,46.78091],[10.13949,46.79175],[10.11854,46.79444],[10.11365,46.80267],[10.11783,46.81175],[10.10915,46.81454],[10.11241,46.81981],[10.10784,46.82568],[10.10834,46.82849],[10.10305,46.83011],[10.10188,46.83752],[10.10632,46.84142],[10.11924,46.84422],[10.11994,46.84738],[10.12292,46.84844],[10.13942,46.84738],[10.14709,46.85141],[10.1546,46.85032],[10.15742,46.84786],[10.16271,46.85099],[10.16908,46.85066],[10.17177,46.85366],[10.18101,46.85497],[10.19367,46.86644],[10.20384,46.86461],[10.21924,46.86728],[10.23268,46.86629],[10.23085,46.86943],[10.23257,46.87129],[10.23251,46.8716]]]}},{"type":"Feature","properties":{"name":"Seewis im Prättigau","cantonId":"graubunden","municipalityId":"seewis-im-praettigau-3972"},"geometry":{"type":"Polygon","coordinates":[[[9.74332,47.02645],[9.72825,47.02786],[9.7146,47.02501],[9.71317,47.02694],[9.69933,47.02565],[9.6827,47.02765],[9.66095,47.01864],[9.65804,47.01288],[9.65386,47.01096],[9.65441,47.00403],[9.64972,46.99952],[9.65239,46.99288],[9.64705,46.99046],[9.64448,46.98465],[9.64608,46.98175],[9.63198,46.97381],[9.62185,46.97591],[9.60898,46.97386],[9.60857,46.97604],[9.59443,46.98008],[9.59404,46.98381],[9.59123,46.98452],[9.59339,46.99064],[9.59656,46.99293],[9.59293,46.99555],[9.59743,47.00104],[9.59921,47.00763],[9.59733,47.0091],[9.61725,47.02046],[9.62893,47.02453],[9.61588,47.02638],[9.61507,47.03006],[9.62362,47.03293],[9.62553,47.03618],[9.63588,47.03563],[9.63655,47.0517],[9.64134,47.05392],[9.64371,47.05908],[9.659,47.05823],[9.68185,47.0621],[9.6821,47.05887],[9.6882,47.05522],[9.69757,47.05239],[9.70761,47.05381],[9.70859,47.05166],[9.70568,47.05035],[9.70702,47.04804],[9.71822,47.04337],[9.74186,47.04267],[9.74809,47.03692],[9.78328,47.03836],[9.77619,47.03251],[9.76425,47.03021],[9.74945,47.03076],[9.74332,47.02645]]]}},{"type":"Feature","properties":{"name":"Sils im Domleschg","cantonId":"graubunden","municipalityId":"sils-im-domleschg-3640"},"geometry":{"type":"Polygon","coordinates":[[[9.44249,46.69354],[9.45018,46.71179],[9.46064,46.70794],[9.46401,46.70326],[9.47259,46.70361],[9.47386,46.69813],[9.47914,46.69917],[9.48248,46.69518],[9.49538,46.69452],[9.50036,46.69136],[9.50176,46.68911],[9.46544,46.68076],[9.46654,46.67913],[9.46414,46.6788],[9.46604,46.67575],[9.47756,46.66951],[9.45137,46.67285],[9.4504,46.67575],[9.45392,46.67961],[9.44225,46.69082],[9.44265,46.69355],[9.44249,46.69354]]]}},{"type":"Feature","properties":{"name":"Sils im Engadin/Segl","cantonId":"graubunden","municipalityId":"sils-im-engadin-segl-3789"},"geometry":{"type":"Polygon","coordinates":[[[9.83198,46.36058],[9.82867,46.35601],[9.81831,46.34968],[9.78514,46.34061],[9.78023,46.34903],[9.77311,46.35356],[9.77276,46.36074],[9.76698,46.37115],[9.76575,46.38256],[9.76102,46.39613],[9.75441,46.40476],[9.74852,46.41936],[9.70691,46.41726],[9.70127,46.41448],[9.69463,46.41907],[9.68463,46.41745],[9.68237,46.42028],[9.67436,46.42284],[9.67831,46.42847],[9.7038,46.44067],[9.71531,46.43856],[9.72207,46.44111],[9.72235,46.44547],[9.72879,46.45066],[9.73279,46.44905],[9.74908,46.45581],[9.75291,46.46085],[9.76068,46.45848],[9.78311,46.4477],[9.79568,46.44437],[9.79825,46.43675],[9.80521,46.43076],[9.8003,46.42929],[9.80028,46.42751],[9.80771,46.42009],[9.80603,46.41756],[9.81993,46.41263],[9.81609,46.40859],[9.81857,46.3991],[9.81427,46.39144],[9.81937,46.37585],[9.81499,46.37164],[9.81818,46.36862],[9.82586,46.36719],[9.83206,46.36083],[9.83198,46.36058]]]}},{"type":"Feature","properties":{"name":"Silvaplana","cantonId":"graubunden","municipalityId":"silvaplana-3790"},"geometry":{"type":"Polygon","coordinates":[[[9.81993,46.41263],[9.80603,46.41756],[9.80771,46.42009],[9.80028,46.42751],[9.8003,46.42929],[9.80521,46.43076],[9.79825,46.43675],[9.79568,46.44437],[9.78311,46.4477],[9.75291,46.46085],[9.74908,46.45581],[9.73279,46.44905],[9.72879,46.45066],[9.73253,46.45795],[9.72637,46.46173],[9.72554,46.47056],[9.72815,46.47215],[9.72845,46.47858],[9.73192,46.48187],[9.73218,46.48669],[9.72802,46.48987],[9.73096,46.49314],[9.72956,46.49759],[9.72314,46.49984],[9.72779,46.50799],[9.74936,46.50469],[9.75917,46.49656],[9.75989,46.49099],[9.77009,46.49009],[9.77476,46.48227],[9.80366,46.48671],[9.81059,46.47836],[9.84812,46.45771],[9.84742,46.45396],[9.84312,46.45321],[9.84619,46.44605],[9.8423,46.44288],[9.8412,46.43608],[9.83929,46.4354],[9.83979,46.42907],[9.8205,46.41737],[9.81993,46.41263]]]}},{"type":"Feature","properties":{"name":"Soazza","cantonId":"graubunden","municipalityId":"soazza-3823"},"geometry":{"type":"Polygon","coordinates":[[[9.1622,46.33755],[9.15712,46.34096],[9.15635,46.34809],[9.16449,46.35249],[9.16573,46.35632],[9.17099,46.35976],[9.16743,46.37089],[9.1711,46.3732],[9.17063,46.37892],[9.1746,46.38428],[9.18546,46.38555],[9.22227,46.37554],[9.23244,46.37657],[9.23741,46.36502],[9.24265,46.36037],[9.26024,46.36021],[9.26918,46.36667],[9.27838,46.36692],[9.28258,46.35804],[9.29621,46.35567],[9.2977,46.35251],[9.29609,46.3491],[9.29987,46.3436],[9.29211,46.3362],[9.29394,46.33106],[9.29936,46.32754],[9.29531,46.32325],[9.29509,46.31775],[9.28506,46.31443],[9.272,46.33165],[9.26276,46.33246],[9.2535,46.32781],[9.24712,46.33013],[9.24221,46.32903],[9.23539,46.33414],[9.23006,46.3345],[9.22601,46.32967],[9.20771,46.34074],[9.20031,46.33487],[9.18962,46.33047],[9.16986,46.33267],[9.16268,46.33753],[9.1622,46.33755]]]}},{"type":"Feature","properties":{"name":"St. Moritz","cantonId":"graubunden","municipalityId":"st-moritz-3787"},"geometry":{"type":"Polygon","coordinates":[[[9.75865,46.5146],[9.76882,46.50911],[9.77544,46.50938],[9.77743,46.50617],[9.78462,46.5089],[9.7875,46.50622],[9.79406,46.50648],[9.80829,46.50973],[9.82634,46.50965],[9.83345,46.51226],[9.8406,46.50449],[9.85925,46.49979],[9.86325,46.49309],[9.85981,46.48797],[9.86413,46.48159],[9.86455,46.4743],[9.86142,46.46588],[9.85768,46.46521],[9.85301,46.45846],[9.84315,46.45911],[9.81059,46.47836],[9.80366,46.48671],[9.77476,46.48227],[9.77009,46.49009],[9.75989,46.49099],[9.75917,46.49656],[9.74936,46.50469],[9.75411,46.50775],[9.75837,46.5145],[9.75865,46.5146]]]}},{"type":"Feature","properties":{"name":"Sufers","cantonId":"graubunden","municipalityId":"sufers-3695"},"geometry":{"type":"Polygon","coordinates":[[[9.36238,46.5095],[9.36434,46.5159],[9.3581,46.52215],[9.36233,46.52724],[9.36673,46.52838],[9.36755,46.53183],[9.36562,46.53373],[9.36895,46.53637],[9.36833,46.53974],[9.37325,46.54363],[9.37276,46.54631],[9.3635,46.55171],[9.3594,46.56013],[9.34652,46.57194],[9.33649,46.57606],[9.32998,46.57388],[9.31881,46.5755],[9.31608,46.57928],[9.3161,46.584],[9.3071,46.58678],[9.31147,46.59879],[9.3269,46.59734],[9.37571,46.58585],[9.40969,46.56825],[9.40898,46.55491],[9.41183,46.55251],[9.40395,46.54293],[9.40488,46.53734],[9.39467,46.51382],[9.37392,46.50385],[9.3624,46.50948],[9.36238,46.5095]]]}},{"type":"Feature","properties":{"name":"Sumvitg","cantonId":"graubunden","municipalityId":"sumvitg-3985"},"geometry":{"type":"Polygon","coordinates":[[[8.90519,46.69043],[8.90377,46.70022],[8.90647,46.70357],[8.9037,46.70461],[8.90184,46.71435],[8.89482,46.72439],[8.89808,46.73299],[8.89654,46.74199],[8.89155,46.75137],[8.87745,46.7631],[8.88466,46.77151],[8.88232,46.78174],[8.88992,46.79185],[8.89002,46.79999],[8.91487,46.81114],[8.91407,46.8006],[8.92828,46.79646],[8.93355,46.77919],[8.94196,46.77664],[8.96103,46.75472],[8.95814,46.7483],[8.96335,46.73487],[8.96853,46.73378],[8.96633,46.72941],[8.97167,46.71197],[8.96648,46.7093],[8.96501,46.69408],[8.97719,46.69174],[8.9807,46.68821],[8.99905,46.68988],[9.0084,46.68498],[9.01778,46.6765],[9.01535,46.6665],[9.02034,46.65473],[9.02507,46.65134],[9.02076,46.64564],[9.02532,46.64025],[9.0066,46.63041],[9.00223,46.62432],[8.99739,46.62482],[8.99564,46.62771],[8.97228,46.62983],[8.96911,46.63195],[8.96122,46.65492],[8.95319,46.65934],[8.94415,46.6572],[8.93464,46.65824],[8.92539,46.65522],[8.911,46.65602],[8.90892,46.65875],[8.91218,46.66716],[8.90614,46.67207],[8.90763,46.67457],[8.90529,46.67864],[8.90861,46.68183],[8.90559,46.68839],[8.90519,46.69043]]]}},{"type":"Feature","properties":{"name":"Surses","cantonId":"graubunden","municipalityId":"surses-3543"},"geometry":{"type":"Polygon","coordinates":[[[9.49892,46.62471],[9.5329,46.6442],[9.55962,46.64267],[9.56397,46.64037],[9.57742,46.63951],[9.5788,46.63663],[9.58262,46.63734],[9.58347,46.64067],[9.58108,46.6426],[9.5982,46.64329],[9.60547,46.64114],[9.61082,46.63489],[9.62893,46.62186],[9.64668,46.61632],[9.6501,46.61162],[9.66057,46.60905],[9.67196,46.61016],[9.6747,46.60702],[9.67381,46.60338],[9.69272,46.60126],[9.70679,46.60283],[9.71145,46.59827],[9.71165,46.59296],[9.70556,46.58415],[9.71704,46.57661],[9.71981,46.57029],[9.71709,46.56632],[9.72639,46.55743],[9.72657,46.55053],[9.71657,46.54254],[9.69477,46.54286],[9.69349,46.54096],[9.69596,46.53492],[9.70007,46.53173],[9.6956,46.52458],[9.69958,46.52146],[9.69774,46.51443],[9.70282,46.51095],[9.72502,46.51017],[9.72779,46.50799],[9.72314,46.49984],[9.73041,46.49629],[9.73096,46.49314],[9.72802,46.48987],[9.73228,46.48523],[9.72559,46.4677],[9.72637,46.46173],[9.73196,46.45871],[9.73219,46.45657],[9.72235,46.44547],[9.72207,46.44111],[9.71455,46.43854],[9.7038,46.44067],[9.69128,46.43528],[9.67831,46.42847],[9.67436,46.42284],[9.66429,46.42113],[9.66345,46.41358],[9.64829,46.41333],[9.6435,46.4069],[9.63869,46.40681],[9.63852,46.40454],[9.60766,46.40703],[9.60587,46.41091],[9.61251,46.41548],[9.60924,46.42813],[9.60369,46.43684],[9.60656,46.44157],[9.6046,46.44994],[9.59438,46.46369],[9.58649,46.46261],[9.57027,46.46564],[9.56459,46.4684],[9.55778,46.48476],[9.55408,46.48377],[9.54531,46.48909],[9.52774,46.48987],[9.52033,46.49248],[9.51989,46.49394],[9.53043,46.49826],[9.53033,46.5049],[9.52348,46.50935],[9.52172,46.51462],[9.51843,46.51697],[9.50343,46.51597],[9.49488,46.52168],[9.49277,46.52605],[9.49774,46.52854],[9.49946,46.53551],[9.49867,46.55364],[9.50671,46.55584],[9.5014,46.56094],[9.50196,46.56851],[9.49608,46.57561],[9.49422,46.58358],[9.5009,46.59122],[9.49669,46.59655],[9.49614,46.60232],[9.50127,46.60623],[9.50457,46.61352],[9.50051,46.62372],[9.49892,46.62471]]]}},{"type":"Feature","properties":{"name":"Tamins","cantonId":"graubunden","municipalityId":"tamins-3733"},"geometry":{"type":"Polygon","coordinates":[[[9.34314,46.89828],[9.34704,46.89967],[9.36551,46.89691],[9.3817,46.89763],[9.39942,46.89213],[9.40995,46.89197],[9.42447,46.88798],[9.43326,46.88457],[9.44824,46.87352],[9.44195,46.8698],[9.45564,46.85704],[9.44741,46.85515],[9.43953,46.85746],[9.43375,46.85497],[9.43408,46.85256],[9.42934,46.85213],[9.43146,46.84573],[9.43438,46.8461],[9.44022,46.83914],[9.43278,46.83356],[9.41698,46.83018],[9.41368,46.82545],[9.40903,46.82346],[9.40493,46.82541],[9.37795,46.82143],[9.37551,46.82391],[9.37632,46.82722],[9.3851,46.82594],[9.38349,46.83016],[9.38731,46.83152],[9.37819,46.84974],[9.37049,46.85441],[9.36691,46.86307],[9.3672,46.87128],[9.35407,46.88296],[9.34159,46.88494],[9.34314,46.89828]]]}},{"type":"Feature","properties":{"name":"Thusis","cantonId":"graubunden","municipalityId":"thusis-3668"},"geometry":{"type":"MultiPolygon","coordinates":[[[[9.5094,46.67407],[9.51401,46.66544],[9.51237,46.66029],[9.50083,46.65374],[9.49702,46.65416],[9.48882,46.64833],[9.48652,46.64992],[9.48529,46.65445],[9.47833,46.66204],[9.47596,46.66985],[9.47756,46.66951],[9.46604,46.67575],[9.46414,46.6788],[9.46654,46.67913],[9.46544,46.68076],[9.50217,46.68923],[9.51254,46.68659],[9.5063,46.67934],[9.5055,46.67438],[9.50884,46.67467],[9.5094,46.67407]]],[[[9.40993,46.67836],[9.41382,46.68145],[9.42627,46.68403],[9.42931,46.68914],[9.4257,46.69134],[9.43196,46.69474],[9.43536,46.70009],[9.43444,46.70415],[9.43829,46.70541],[9.43149,46.71187],[9.44559,46.71586],[9.45018,46.71179],[9.44173,46.6914],[9.45358,46.67901],[9.43989,46.68003],[9.42706,46.67375],[9.42571,46.66822],[9.41738,46.66967],[9.41725,46.66729],[9.41083,46.66474],[9.41201,46.66969],[9.40959,46.67825],[9.40993,46.67836]]]]}},{"type":"Feature","properties":{"name":"Trimmis","cantonId":"graubunden","municipalityId":"trimmis-3945"},"geometry":{"type":"Polygon","coordinates":[[[9.55607,46.91961],[9.59548,46.92148],[9.60393,46.91437],[9.61832,46.92019],[9.61242,46.9266],[9.61236,46.92958],[9.61549,46.93044],[9.61931,46.92811],[9.62045,46.92239],[9.63624,46.92266],[9.64307,46.91849],[9.65161,46.904],[9.65164,46.89805],[9.65537,46.89186],[9.64654,46.88162],[9.63544,46.87747],[9.63053,46.8719],[9.6224,46.86841],[9.61052,46.87157],[9.60208,46.86792],[9.59502,46.86768],[9.59058,46.86363],[9.58144,46.86033],[9.58067,46.85752],[9.56835,46.87345],[9.53688,46.88832],[9.54413,46.90621],[9.55525,46.91687],[9.55607,46.91961]]]}},{"type":"Feature","properties":{"name":"Trin","cantonId":"graubunden","municipalityId":"trin-3734"},"geometry":{"type":"Polygon","coordinates":[[[9.34314,46.89828],[9.34159,46.88494],[9.35407,46.88296],[9.3672,46.87128],[9.36691,46.86307],[9.37049,46.85441],[9.37819,46.84974],[9.38731,46.83152],[9.38349,46.83016],[9.38526,46.82601],[9.37671,46.82742],[9.37551,46.82391],[9.3695,46.82256],[9.36156,46.81616],[9.35192,46.81629],[9.34073,46.80685],[9.32566,46.8043],[9.32079,46.80911],[9.31945,46.81466],[9.32052,46.82933],[9.3237,46.83498],[9.34118,46.8389],[9.33734,46.84694],[9.33186,46.84989],[9.32825,46.85615],[9.32129,46.85486],[9.31198,46.86235],[9.30747,46.87203],[9.30124,46.87749],[9.25837,46.88362],[9.25811,46.88784],[9.26671,46.90332],[9.2769,46.90734],[9.28649,46.90508],[9.29331,46.90708],[9.30994,46.90576],[9.31763,46.90122],[9.33868,46.90202],[9.34079,46.90034],[9.34314,46.89828]]]}},{"type":"Feature","properties":{"name":"Trun","cantonId":"graubunden","municipalityId":"trun-3987"},"geometry":{"type":"Polygon","coordinates":[[[9.03147,46.73395],[9.01259,46.72443],[9.01362,46.70664],[9.01751,46.69677],[9.01717,46.69299],[9.01015,46.68288],[8.99905,46.68988],[8.98751,46.68749],[8.9807,46.68821],[8.97719,46.69174],[8.96599,46.69287],[8.96467,46.70014],[8.96648,46.7093],[8.97167,46.71197],[8.96633,46.72941],[8.96853,46.73378],[8.96335,46.73487],[8.95814,46.7483],[8.96103,46.75472],[8.94196,46.77664],[8.93355,46.77919],[8.92871,46.79406],[8.92978,46.79733],[8.95601,46.80484],[8.95775,46.80443],[8.96068,46.79183],[8.96789,46.7881],[8.96797,46.78605],[8.97356,46.78436],[8.98717,46.78646],[8.99116,46.78519],[8.99599,46.77858],[9.0109,46.77285],[9.01599,46.76768],[9.01901,46.76784],[9.02518,46.75321],[9.03419,46.74677],[9.02575,46.74062],[9.02687,46.73675],[9.03141,46.73419],[9.03147,46.73395]]]}},{"type":"Feature","properties":{"name":"Tschappina","cantonId":"graubunden","municipalityId":"tschappina-3669"},"geometry":{"type":"Polygon","coordinates":[[[9.38,46.6982],[9.39043,46.69618],[9.39881,46.68152],[9.38982,46.67878],[9.39228,46.67612],[9.39009,46.66874],[9.39432,46.65813],[9.3751,46.65445],[9.36246,46.65568],[9.34196,46.63889],[9.33484,46.643],[9.33596,46.64607],[9.33985,46.64759],[9.34182,46.66477],[9.33365,46.67251],[9.31752,46.6781],[9.32866,46.68713],[9.33508,46.69642],[9.3439,46.70112],[9.35637,46.70575],[9.36034,46.70264],[9.37343,46.69936],[9.38,46.6982]]]}},{"type":"Feature","properties":{"name":"Tujetsch","cantonId":"graubunden","municipalityId":"tujetsch-3986"},"geometry":{"type":"Polygon","coordinates":[[[8.67875,46.57918],[8.68192,46.58852],[8.68061,46.59504],[8.67672,46.59937],[8.67961,46.60534],[8.67775,46.60935],[8.67875,46.61599],[8.67668,46.61996],[8.66403,46.62167],[8.65796,46.62615],[8.65659,46.63132],[8.65107,46.63458],[8.65188,46.63793],[8.65748,46.64162],[8.65842,46.64715],[8.65488,46.64996],[8.6614,46.65601],[8.66622,46.65596],[8.67861,46.66426],[8.67361,46.6714],[8.67285,46.68122],[8.67518,46.68451],[8.67365,46.6909],[8.67831,46.69494],[8.68629,46.69417],[8.69554,46.70283],[8.70116,46.70339],[8.70899,46.69895],[8.7172,46.70258],[8.71771,46.70608],[8.7261,46.70686],[8.74303,46.71551],[8.74907,46.72073],[8.7444,46.72887],[8.74764,46.7359],[8.76102,46.74292],[8.76907,46.74455],[8.76966,46.74057],[8.77278,46.73975],[8.78199,46.7283],[8.77925,46.7267],[8.77745,46.72035],[8.77228,46.718],[8.77218,46.711],[8.77894,46.70302],[8.8007,46.69029],[8.80657,46.67251],[8.80501,46.66094],[8.79618,46.65512],[8.78965,46.64548],[8.79175,46.64311],[8.78621,46.63706],[8.78565,46.63165],[8.78993,46.62554],[8.78926,46.62176],[8.78698,46.62093],[8.78721,46.61478],[8.78529,46.61242],[8.77941,46.61248],[8.77087,46.60602],[8.76504,46.59705],[8.75921,46.59533],[8.7514,46.58267],[8.75074,46.57621],[8.74422,46.57231],[8.73905,46.57218],[8.72794,46.57709],[8.71538,46.57123],[8.7053,46.57379],[8.70477,46.57712],[8.6984,46.58105],[8.67934,46.57899],[8.67875,46.57918]]]}},{"type":"Feature","properties":{"name":"Untervaz","cantonId":"graubunden","municipalityId":"untervaz-3946"},"geometry":{"type":"Polygon","coordinates":[[[9.55607,46.91961],[9.55359,46.91397],[9.54441,46.90661],[9.54017,46.89756],[9.52215,46.898],[9.52279,46.90252],[9.51894,46.90419],[9.51538,46.90424],[9.51058,46.89963],[9.50082,46.89624],[9.48389,46.89422],[9.46774,46.89688],[9.46726,46.89988],[9.47543,46.90642],[9.488,46.91229],[9.47858,46.91568],[9.4778,46.92056],[9.48573,46.93037],[9.48653,46.93552],[9.49372,46.93771],[9.49287,46.93921],[9.49611,46.94033],[9.49837,46.94476],[9.52431,46.94691],[9.52996,46.94543],[9.54379,46.94824],[9.54536,46.94129],[9.55675,46.9322],[9.55813,46.92656],[9.55607,46.91961]]]}},{"type":"Feature","properties":{"name":"Urmein","cantonId":"graubunden","municipalityId":"urmein-3670"},"geometry":{"type":"Polygon","coordinates":[[[9.40202,46.66168],[9.40392,46.6677],[9.39973,46.67435],[9.39922,46.68132],[9.395,46.68628],[9.39632,46.68765],[9.39043,46.69618],[9.38,46.6982],[9.37932,46.70261],[9.38846,46.70203],[9.38853,46.70009],[9.41482,46.69434],[9.4142,46.69245],[9.41696,46.69091],[9.40905,46.68382],[9.40893,46.67556],[9.41201,46.66969],[9.41083,46.66474],[9.40891,46.66553],[9.40251,46.66163],[9.40202,46.66168]]]}},{"type":"Feature","properties":{"name":"Val Müstair","cantonId":"graubunden","municipalityId":"val-muestair-3847"},"geometry":{"type":"Polygon","coordinates":[[[10.24478,46.62217],[10.2503,46.6263],[10.24354,46.63851],[10.23828,46.64063],[10.23987,46.64306],[10.2572,46.64317],[10.27952,46.65905],[10.27546,46.66059],[10.2745,46.66484],[10.26733,46.67007],[10.26421,46.678],[10.26573,46.68546],[10.27671,46.69056],[10.28261,46.68441],[10.29002,46.68346],[10.29817,46.67746],[10.31295,46.67397],[10.31379,46.66361],[10.3322,46.65225],[10.35857,46.64962],[10.38412,46.64992],[10.39408,46.65464],[10.40039,46.64576],[10.40175,46.64071],[10.39985,46.63858],[10.40228,46.63681],[10.40912,46.63506],[10.4202,46.63831],[10.44344,46.63938],[10.44607,46.64127],[10.46256,46.63305],[10.48426,46.61742],[10.49206,46.61538],[10.49114,46.61107],[10.48443,46.60508],[10.48735,46.59837],[10.48378,46.59215],[10.48778,46.58956],[10.48338,46.58093],[10.48478,46.57754],[10.47467,46.56668],[10.47406,46.56271],[10.47791,46.55741],[10.47109,46.54838],[10.47228,46.54353],[10.4591,46.54132],[10.45857,46.53655],[10.45279,46.53068],[10.43668,46.53739],[10.41823,46.55131],[10.39703,46.54392],[10.3756,46.55262],[10.35186,46.55588],[10.35022,46.54942],[10.33818,46.54272],[10.32546,46.55173],[10.31142,46.54669],[10.30814,46.54943],[10.29606,46.54997],[10.29442,46.55195],[10.29599,46.55888],[10.28949,46.56464],[10.28741,46.57039],[10.2767,46.57259],[10.26933,46.57769],[10.26381,46.57715],[10.25413,46.57124],[10.24607,46.57501],[10.24183,46.5916],[10.24838,46.60066],[10.25904,46.60997],[10.25412,46.61398],[10.24478,46.62217]]]}},{"type":"Feature","properties":{"name":"Vals","cantonId":"graubunden","municipalityId":"vals-3603"},"geometry":{"type":"Polygon","coordinates":[[[9.04016,46.49394],[9.03469,46.50078],[9.02364,46.50872],[9.02092,46.52706],[9.01719,46.52903],[9.01664,46.53204],[9.02157,46.53387],[9.02296,46.53788],[9.01924,46.54727],[9.02465,46.55533],[9.02324,46.55824],[9.02669,46.56181],[9.02991,46.57133],[9.0354,46.5752],[9.03733,46.58202],[9.0485,46.58357],[9.05432,46.57733],[9.07106,46.57741],[9.08417,46.5812],[9.09778,46.59485],[9.1003,46.5949],[9.09959,46.6008],[9.11902,46.61614],[9.12167,46.62232],[9.14278,46.62781],[9.14683,46.63403],[9.14284,46.64493],[9.15401,46.65012],[9.1537,46.65833],[9.15786,46.66063],[9.15758,46.66352],[9.16021,46.66513],[9.18292,46.66474],[9.17806,46.66899],[9.1803,46.67157],[9.17948,46.67916],[9.19668,46.67753],[9.20599,46.68212],[9.21268,46.67683],[9.21838,46.67684],[9.22877,46.67185],[9.23479,46.65649],[9.23276,46.65483],[9.24015,46.6456],[9.24202,46.63884],[9.23732,46.62716],[9.22855,46.62342],[9.2417,46.61516],[9.24292,46.61042],[9.23742,46.60903],[9.23474,46.60511],[9.23272,46.59776],[9.23633,46.58977],[9.23647,46.58237],[9.23146,46.57669],[9.232,46.56962],[9.22865,46.56661],[9.21123,46.56327],[9.20235,46.55385],[9.1914,46.55422],[9.18151,46.55126],[9.17977,46.54809],[9.16308,46.54428],[9.15487,46.5398],[9.1538,46.53276],[9.12301,46.52483],[9.10241,46.50901],[9.08019,46.50874],[9.063,46.51243],[9.04932,46.50914],[9.04211,46.50076],[9.04019,46.49411],[9.04016,46.49394]]]}},{"type":"Feature","properties":{"name":"Valsot","cantonId":"graubunden","municipalityId":"valsot-3764"},"geometry":{"type":"MultiPolygon","coordinates":[[[[10.42272,46.78824],[10.41195,46.79754],[10.41252,46.80384],[10.39989,46.81232],[10.39656,46.81782],[10.3889,46.82204],[10.38076,46.82242],[10.38331,46.82477],[10.37975,46.82772],[10.37281,46.82359],[10.36853,46.82452],[10.36757,46.82691],[10.37113,46.83311],[10.34278,46.84394],[10.33484,46.85455],[10.33502,46.86116],[10.33099,46.86675],[10.33293,46.87213],[10.32592,46.88549],[10.31258,46.89403],[10.30858,46.89974],[10.29391,46.90488],[10.28805,46.90985],[10.28736,46.91717],[10.29356,46.92186],[10.29689,46.91995],[10.30047,46.9245],[10.30953,46.92582],[10.324,46.92295],[10.33332,46.91786],[10.33683,46.91131],[10.34111,46.91013],[10.34348,46.90356],[10.36517,46.90217],[10.37391,46.89771],[10.37934,46.9025],[10.37702,46.9134],[10.38593,46.93712],[10.3928,46.94439],[10.40937,46.9526],[10.4291,46.95365],[10.4342,46.95638],[10.44916,46.95231],[10.45549,46.95288],[10.46896,46.94702],[10.47621,46.94103],[10.48936,46.93778],[10.48531,46.93144],[10.48832,46.92628],[10.48529,46.91862],[10.48623,46.91545],[10.47855,46.91059],[10.4751,46.89429],[10.4647,46.88427],[10.46924,46.8811],[10.47127,46.87296],[10.46801,46.86211],[10.47183,46.8487],[10.46385,46.8412],[10.46647,46.83936],[10.46651,46.83586],[10.4601,46.83474],[10.45661,46.83019],[10.46043,46.82454],[10.45581,46.8218],[10.45769,46.81605],[10.45059,46.80404],[10.44751,46.80074],[10.43899,46.79764],[10.42956,46.79678],[10.42674,46.79423],[10.42665,46.7894],[10.4235,46.78861],[10.42272,46.78824]]],[[[10.23251,46.8716],[10.23485,46.88468],[10.22762,46.8902],[10.22573,46.89594],[10.23332,46.90164],[10.23705,46.9157],[10.24203,46.91883],[10.2417,46.93163],[10.25751,46.92977],[10.25744,46.9153],[10.26325,46.90502],[10.26311,46.90207],[10.2597,46.90142],[10.25801,46.89764],[10.26081,46.88881],[10.24962,46.88639],[10.25323,46.8815],[10.24437,46.87118],[10.24131,46.87087],[10.23251,46.8716]]]]}},{"type":"Feature","properties":{"name":"Vaz/Obervaz","cantonId":"graubunden","municipalityId":"vaz-obervaz-3506"},"geometry":{"type":"Polygon","coordinates":[[[9.50733,46.73761],[9.51446,46.75285],[9.53498,46.754],[9.53467,46.75635],[9.53944,46.75698],[9.54039,46.76338],[9.5375,46.76795],[9.54672,46.76819],[9.54863,46.76485],[9.55369,46.7646],[9.55476,46.76087],[9.56075,46.75683],[9.56008,46.75531],[9.57564,46.75014],[9.58326,46.76169],[9.58936,46.76216],[9.58882,46.76498],[9.59528,46.77095],[9.60263,46.75924],[9.59926,46.75601],[9.6003,46.75161],[9.59746,46.74255],[9.58149,46.73249],[9.5769,46.72428],[9.57717,46.71972],[9.55583,46.71766],[9.55658,46.71459],[9.54623,46.6964],[9.53835,46.69159],[9.53834,46.68782],[9.5348,46.68467],[9.52638,46.68283],[9.52969,46.68001],[9.51704,46.67361],[9.5055,46.67438],[9.5063,46.67934],[9.51254,46.68659],[9.50375,46.68839],[9.49636,46.69317],[9.4942,46.69664],[9.49482,46.7008],[9.49098,46.70222],[9.50361,46.70777],[9.50366,46.70968],[9.49914,46.71219],[9.48866,46.71193],[9.5104,46.72027],[9.51322,46.72653],[9.50733,46.73717],[9.50733,46.73761]]]}},{"type":"Feature","properties":{"name":"Zernez","cantonId":"graubunden","municipalityId":"zernez-3746"},"geometry":{"type":"Polygon","coordinates":[[[10.10516,46.8409],[10.10188,46.83752],[10.10305,46.83011],[10.10834,46.82849],[10.10784,46.82568],[10.11225,46.82024],[10.10915,46.81454],[10.11783,46.81175],[10.11365,46.80267],[10.11854,46.79444],[10.13949,46.79175],[10.13978,46.78091],[10.14297,46.77832],[10.14283,46.77376],[10.1395,46.7649],[10.1353,46.76418],[10.14982,46.74977],[10.1492,46.74062],[10.14344,46.73691],[10.14208,46.7321],[10.14751,46.72732],[10.1469,46.72478],[10.15452,46.72326],[10.16287,46.71739],[10.1727,46.71421],[10.17918,46.71489],[10.18396,46.70862],[10.18818,46.70828],[10.19606,46.69798],[10.21583,46.69631],[10.2295,46.69055],[10.26516,46.68422],[10.26421,46.678],[10.26733,46.67007],[10.2745,46.66484],[10.27546,46.66059],[10.27952,46.65905],[10.2572,46.64317],[10.23987,46.64306],[10.23828,46.64063],[10.24354,46.63851],[10.2491,46.62988],[10.24989,46.62439],[10.24478,46.62217],[10.23891,46.63533],[10.22413,46.62913],[10.21531,46.61694],[10.1934,46.62313],[10.19276,46.62593],[10.18798,46.62558],[10.16241,46.6157],[10.13736,46.61074],[10.13666,46.60786],[10.13156,46.60606],[10.11874,46.60604],[10.10049,46.61192],[10.09574,46.61609],[10.09386,46.62425],[10.07739,46.62631],[10.06052,46.62433],[10.06068,46.62938],[10.06367,46.6329],[10.02967,46.65006],[10.00757,46.65676],[9.98381,46.67053],[9.96027,46.68015],[9.9627,46.68702],[9.95529,46.6923],[9.95709,46.69885],[9.95245,46.70472],[9.95953,46.71543],[9.95376,46.72127],[9.94715,46.7218],[9.94677,46.72402],[9.94247,46.72547],[9.94457,46.72965],[9.93299,46.7496],[9.94542,46.75195],[9.95295,46.75086],[9.9639,46.75473],[9.96662,46.75672],[9.96439,46.76092],[9.97461,46.76777],[9.98726,46.77272],[9.98914,46.78289],[9.9938,46.78919],[10.001,46.79398],[10.02062,46.79511],[10.02768,46.8007],[10.03118,46.81106],[10.04374,46.80933],[10.04924,46.81221],[10.06216,46.81309],[10.06606,46.82173],[10.07469,46.82726],[10.06897,46.82986],[10.0725,46.83505],[10.07965,46.8345],[10.08947,46.84597],[10.09693,46.84879],[10.10498,46.84123],[10.10516,46.8409]]]}},{"type":"Feature","properties":{"name":"Zillis-Reischen","cantonId":"graubunden","municipalityId":"zillis-reischen-3712"},"geometry":{"type":"Polygon","coordinates":[[[9.49892,46.62471],[9.50479,46.61624],[9.50457,46.61352],[9.50127,46.60623],[9.49712,46.60343],[9.48481,46.60743],[9.47757,46.61542],[9.47122,46.61867],[9.43468,46.62366],[9.43703,46.62613],[9.4368,46.63254],[9.43221,46.63314],[9.43835,46.64032],[9.44582,46.64487],[9.44404,46.65224],[9.4471,46.65592],[9.44295,46.66349],[9.44712,46.66327],[9.4496,46.66589],[9.45141,46.66917],[9.45036,46.67596],[9.45391,46.67808],[9.44199,46.69084],[9.44249,46.69354],[9.44225,46.69082],[9.45392,46.67961],[9.4504,46.67575],[9.45137,46.67285],[9.4765,46.66932],[9.47833,46.66204],[9.48529,46.65445],[9.48652,46.64992],[9.50047,46.64163],[9.50114,46.62783],[9.49892,46.62471]]]}},{"type":"Feature","properties":{"name":"Zizers","cantonId":"graubunden","municipalityId":"zizers-3947"},"geometry":{"type":"Polygon","coordinates":[[[9.59754,46.94202],[9.60442,46.93839],[9.60683,46.93439],[9.60075,46.92986],[9.60245,46.92587],[9.59548,46.92148],[9.55607,46.91961],[9.55773,46.93075],[9.5468,46.93951],[9.54375,46.94535],[9.54991,46.96877],[9.554,46.96514],[9.55564,46.95757],[9.5694,46.94252],[9.5853,46.93624],[9.59634,46.94123],[9.59754,46.94202]]]}},{"type":"Feature","properties":{"name":"Zuoz","cantonId":"graubunden","municipalityId":"zuoz-3791"},"geometry":{"type":"MultiPolygon","coordinates":[[[[9.90928,46.62245],[9.91519,46.62413],[9.92768,46.62026],[9.93595,46.62144],[9.94162,46.6267],[9.96265,46.62106],[9.96801,46.61849],[9.96728,46.61164],[9.97523,46.60382],[9.99139,46.60603],[10.00741,46.59338],[10.00756,46.58563],[10.00512,46.58424],[10.00465,46.57973],[10.00586,46.57322],[10.00199,46.57105],[9.9997,46.56505],[9.9922,46.55982],[10.00028,46.55668],[10.00695,46.55683],[10.01178,46.55279],[10.04117,46.54933],[10.04693,46.54562],[10.04396,46.5374],[10.05353,46.53169],[10.05043,46.52896],[10.05398,46.52266],[10.05163,46.51355],[10.04226,46.51004],[10.04509,46.50206],[10.04908,46.4996],[10.0448,46.49319],[10.04848,46.48781],[10.04317,46.48167],[10.04507,46.47698],[10.03623,46.47545],[10.00984,46.4797],[10.01192,46.48916],[10.00801,46.4923],[10.00965,46.49573],[10.00766,46.50809],[10.02503,46.51562],[10.02454,46.51697],[10.01868,46.52408],[10.00199,46.51807],[10.00437,46.515],[9.99502,46.50908],[9.9887,46.50712],[9.98619,46.50866],[9.99037,46.51939],[9.98599,46.52307],[9.99248,46.52819],[9.99042,46.53367],[9.99404,46.54608],[9.99118,46.54832],[9.99332,46.55186],[9.98987,46.55324],[9.9907,46.55667],[9.98707,46.5569],[9.98636,46.5629],[9.97961,46.56651],[9.9658,46.56932],[9.96628,46.57447],[9.95857,46.5843],[9.95551,46.58575],[9.9508,46.58353],[9.94543,46.5883],[9.94611,46.5911],[9.93671,46.59465],[9.9262,46.59377],[9.92307,46.59601],[9.91945,46.61208],[9.91241,46.61655],[9.90909,46.62229],[9.90928,46.62245]]],[[[9.88793,46.62266],[9.89282,46.62862],[9.90091,46.62805],[9.89989,46.62451],[9.91393,46.60067],[9.91425,46.5983],[9.90865,46.59439],[9.90637,46.59332],[9.89056,46.59959],[9.86288,46.60317],[9.86479,46.60769],[9.86292,46.61017],[9.87073,46.62011],[9.8728,46.62129],[9.87764,46.61904],[9.88764,46.62251],[9.88793,46.62266]]]]}}]}
