{"type":"FeatureCollection","features":[{"type":"Feature","properties":{"name":"Aclens","cantonId":"vaud","municipalityId":"aclens-5621"},"geometry":{"type":"Polygon","coordinates":[[[6.52784,46.55979],[6.52238,46.56305],[6.52054,46.5594],[6.50951,46.55981],[6.4998,46.56326],[6.49842,46.56014],[6.49459,46.56061],[6.49741,46.56708],[6.49348,46.56887],[6.49492,46.57306],[6.50775,46.57755],[6.51521,46.5742],[6.52116,46.57823],[6.52341,46.57543],[6.52651,46.57555],[6.52394,46.56773],[6.52599,46.56743],[6.5268,46.56222],[6.52887,46.5623],[6.52803,46.55973],[6.52784,46.55979]]]}},{"type":"Feature","properties":{"name":"Agiez","cantonId":"vaud","municipalityId":"agiez-5742"},"geometry":{"type":"Polygon","coordinates":[[[6.51225,46.70397],[6.51145,46.7084],[6.50407,46.70885],[6.49884,46.71078],[6.49915,46.71268],[6.49114,46.71377],[6.49316,46.71648],[6.4885,46.71703],[6.48524,46.72163],[6.48917,46.72816],[6.50437,46.72612],[6.52184,46.72802],[6.52237,46.72627],[6.52575,46.72664],[6.52153,46.70826],[6.52572,46.7076],[6.52489,46.70604],[6.51782,46.70698],[6.51723,46.70488],[6.51253,46.70413],[6.51225,46.70397]]]}},{"type":"Feature","properties":{"name":"Aigle","cantonId":"vaud","municipalityId":"aigle-5401"},"geometry":{"type":"Polygon","coordinates":[[[6.93226,46.32444],[6.96474,46.32445],[6.9782,46.32956],[6.97819,46.32241],[6.98419,46.32071],[7.01645,46.33075],[7.03087,46.34167],[7.04027,46.33053],[7.03286,46.33197],[7.0203,46.32125],[7.01025,46.31822],[7.00117,46.31228],[6.98224,46.308],[6.97289,46.3032],[6.97324,46.3011],[6.95763,46.29674],[6.94945,46.29131],[6.93655,46.29834],[6.9318,46.31661],[6.93231,46.32421],[6.93226,46.32444]]]}},{"type":"Feature","properties":{"name":"Allaman","cantonId":"vaud","municipalityId":"allaman-5851"},"geometry":{"type":"Polygon","coordinates":[[[6.39449,46.41166],[6.3778,46.46723],[6.38437,46.47226],[6.38347,46.47419],[6.4005,46.47665],[6.40652,46.48038],[6.40837,46.47496],[6.40615,46.47382],[6.40654,46.46874],[6.39521,46.46411],[6.39134,46.45988],[6.42562,46.41582],[6.39449,46.41166]]]}},{"type":"Feature","properties":{"name":"Arnex-sur-Nyon","cantonId":"vaud","municipalityId":"arnex-sur-nyon-5701"},"geometry":{"type":"Polygon","coordinates":[[[6.17627,46.37177],[6.17922,46.37085],[6.18897,46.37596],[6.18202,46.37863],[6.19249,46.3811],[6.19566,46.37722],[6.20105,46.37829],[6.20455,46.37643],[6.19877,46.36729],[6.19476,46.36808],[6.1925,46.37184],[6.18846,46.36887],[6.18512,46.36982],[6.18566,46.36804],[6.18024,46.36459],[6.17355,46.36733],[6.17525,46.36904],[6.17297,46.36947],[6.17603,46.37161],[6.17627,46.37177]]]}},{"type":"Feature","properties":{"name":"Arnex-sur-Orbe","cantonId":"vaud","municipalityId":"arnex-sur-orbe-5743"},"geometry":{"type":"Polygon","coordinates":[[[6.54907,46.68939],[6.53837,46.69143],[6.53796,46.68846],[6.52396,46.68784],[6.51661,46.6794],[6.50838,46.6763],[6.50841,46.67833],[6.50604,46.672],[6.50279,46.67442],[6.49825,46.66944],[6.4881,46.6725],[6.4901,46.67726],[6.49557,46.67875],[6.49905,46.6769],[6.49917,46.6854],[6.50375,46.69276],[6.5007,46.69449],[6.51782,46.70698],[6.52512,46.70607],[6.53579,46.698],[6.54862,46.69591],[6.5488,46.69333],[6.54907,46.68939]]]}},{"type":"Feature","properties":{"name":"Arzier-Le Muids","cantonId":"vaud","municipalityId":"arzier-le-muids-5702"},"geometry":{"type":"Polygon","coordinates":[[[6.15666,46.54531],[6.17275,46.53338],[6.18081,46.5321],[6.18895,46.53432],[6.19341,46.53098],[6.17671,46.51318],[6.1522,46.49912],[6.17076,46.4887],[6.18889,46.47337],[6.20123,46.47119],[6.2109,46.46633],[6.22595,46.46511],[6.23129,46.45421],[6.23196,46.44388],[6.22172,46.44129],[6.21981,46.44179],[6.21989,46.44728],[6.20859,46.44666],[6.20399,46.4413],[6.19002,46.43727],[6.18333,46.44739],[6.1737,46.44961],[6.17322,46.45126],[6.18213,46.45358],[6.17855,46.45584],[6.16748,46.45814],[6.16296,46.45672],[6.15773,46.4586],[6.15814,46.46041],[6.13741,46.46354],[6.1266,46.46088],[6.11663,46.46251],[6.11458,46.47091],[6.09917,46.47472],[6.09689,46.48132],[6.1126,46.50958],[6.13795,46.53101],[6.14368,46.52775],[6.15347,46.53681],[6.14858,46.53938],[6.15666,46.54531]]]}},{"type":"Feature","properties":{"name":"Assens","cantonId":"vaud","municipalityId":"assens-5511"},"geometry":{"type":"Polygon","coordinates":[[[6.58775,46.6165],[6.58648,46.61752],[6.58995,46.62677],[6.59552,46.62436],[6.59775,46.62783],[6.60506,46.62957],[6.6109,46.62849],[6.60927,46.62601],[6.61178,46.62455],[6.61505,46.62793],[6.63164,46.62633],[6.63339,46.62857],[6.63867,46.62866],[6.6476,46.62391],[6.64514,46.6191],[6.63929,46.61475],[6.63809,46.60814],[6.63029,46.60965],[6.62638,46.60341],[6.61236,46.60869],[6.61349,46.61049],[6.61182,46.61106],[6.59568,46.6109],[6.58799,46.61645],[6.58775,46.6165]]]}},{"type":"Feature","properties":{"name":"Aubonne","cantonId":"vaud","municipalityId":"aubonne-5422"},"geometry":{"type":"Polygon","coordinates":[[[6.35882,46.51884],[6.38634,46.49929],[6.39187,46.49927],[6.40144,46.495],[6.40505,46.48985],[6.40356,46.48825],[6.40618,46.48366],[6.40359,46.48261],[6.40623,46.47982],[6.4005,46.47665],[6.38728,46.47461],[6.38429,46.47972],[6.372,46.48526],[6.36493,46.49195],[6.35554,46.48529],[6.34852,46.48407],[6.3402,46.49007],[6.3421,46.49188],[6.34016,46.49394],[6.33676,46.49473],[6.33322,46.49204],[6.32939,46.49259],[6.32734,46.49545],[6.33858,46.50345],[6.33577,46.50708],[6.3374,46.50995],[6.3447,46.51249],[6.34509,46.51528],[6.35226,46.51664],[6.35282,46.51879],[6.35881,46.51884],[6.35882,46.51884]]]}},{"type":"Feature","properties":{"name":"Avenches","cantonId":"vaud","municipalityId":"avenches-5451"},"geometry":{"type":"Polygon","coordinates":[[[6.99495,46.87807],[6.9938,46.87897],[7.00804,46.88757],[7.01425,46.8957],[7.01778,46.89429],[7.01874,46.89807],[7.02014,46.89687],[7.04064,46.9101],[7.07218,46.92471],[7.05458,46.90404],[7.06054,46.8947],[7.07184,46.89642],[7.0749,46.89394],[7.07984,46.89412],[7.07091,46.88976],[7.07208,46.88872],[7.06426,46.8871],[7.06168,46.87962],[7.0673,46.88094],[7.07033,46.87174],[7.06262,46.86714],[7.0532,46.85561],[7.04908,46.85487],[7.04305,46.84693],[7.03959,46.8483],[7.03706,46.84558],[7.02912,46.85087],[7.0341,46.85532],[7.03334,46.85706],[7.03967,46.86061],[7.0299,46.86618],[7.03578,46.873],[7.03219,46.87586],[7.02519,46.8778],[7.02129,46.87669],[7.0162,46.88078],[7.01529,46.87682],[7.00804,46.8731],[6.99934,46.87433],[6.99544,46.87768],[6.99495,46.87807]]]}},{"type":"Feature","properties":{"name":"Ballaigues","cantonId":"vaud","municipalityId":"ballaigues-5744"},"geometry":{"type":"Polygon","coordinates":[[[6.41712,46.75273],[6.42067,46.74207],[6.42999,46.73901],[6.43599,46.72887],[6.43033,46.72389],[6.41419,46.71951],[6.40788,46.71873],[6.40409,46.72261],[6.39713,46.72247],[6.39069,46.73023],[6.38508,46.73187],[6.39202,46.73898],[6.3884,46.74331],[6.3952,46.74848],[6.41597,46.75251],[6.41712,46.75273]]]}},{"type":"Feature","properties":{"name":"Ballens","cantonId":"vaud","municipalityId":"ballens-5423"},"geometry":{"type":"Polygon","coordinates":[[[6.37327,46.5377],[6.353,46.54742],[6.3581,46.55228],[6.35615,46.55305],[6.35803,46.55447],[6.35452,46.55595],[6.35765,46.55933],[6.35484,46.56095],[6.36157,46.56405],[6.36759,46.56094],[6.37821,46.56916],[6.38237,46.56855],[6.38889,46.57286],[6.3943,46.5686],[6.39022,46.55429],[6.40329,46.54932],[6.40054,46.5398],[6.39199,46.541],[6.39104,46.54406],[6.38602,46.54686],[6.37384,46.53776],[6.37327,46.5377]]]}},{"type":"Feature","properties":{"name":"Bassins","cantonId":"vaud","municipalityId":"bassins-5703"},"geometry":{"type":"Polygon","coordinates":[[[6.21042,46.52354],[6.2072,46.5169],[6.19683,46.50822],[6.20122,46.50201],[6.20015,46.50061],[6.20373,46.4989],[6.20095,46.49485],[6.22014,46.47917],[6.22539,46.47859],[6.22513,46.47651],[6.23549,46.47254],[6.2425,46.46379],[6.24812,46.46068],[6.24476,46.45082],[6.23714,46.44676],[6.23698,46.44401],[6.23369,46.44469],[6.22595,46.46511],[6.2109,46.46633],[6.20123,46.47119],[6.18889,46.47337],[6.17076,46.4887],[6.1522,46.49912],[6.17671,46.51318],[6.19341,46.53098],[6.21,46.52378],[6.21042,46.52354]]]}},{"type":"Feature","properties":{"name":"Baulmes","cantonId":"vaud","municipalityId":"baulmes-5745"},"geometry":{"type":"Polygon","coordinates":[[[6.45225,46.77422],[6.45167,46.77864],[6.45842,46.78879],[6.43479,46.8015],[6.44349,46.80996],[6.46332,46.79199],[6.46755,46.79037],[6.50105,46.80229],[6.52536,46.8076],[6.52868,46.80712],[6.53062,46.80342],[6.54148,46.80065],[6.55214,46.7916],[6.54678,46.78306],[6.5449,46.78373],[6.53419,46.7752],[6.52876,46.77496],[6.52473,46.77201],[6.52577,46.7696],[6.51976,46.77213],[6.51786,46.77018],[6.51466,46.77161],[6.51038,46.76748],[6.47479,46.77634],[6.46349,46.77188],[6.45853,46.77284],[6.45558,46.76765],[6.45282,46.77038],[6.45225,46.77422]]]}},{"type":"Feature","properties":{"name":"Bavois","cantonId":"vaud","municipalityId":"bavois-5746"},"geometry":{"type":"Polygon","coordinates":[[[6.54907,46.68939],[6.54852,46.69731],[6.55084,46.69946],[6.56759,46.69638],[6.56885,46.69809],[6.5814,46.68932],[6.5817,46.68492],[6.58762,46.67589],[6.58436,46.6684],[6.58251,46.66823],[6.5828,46.66363],[6.57358,46.65981],[6.563,46.66627],[6.55727,46.66409],[6.5498,46.66513],[6.55236,46.67028],[6.5505,46.67095],[6.5494,46.68588],[6.54907,46.68939]]]}},{"type":"Feature","properties":{"name":"Begnins","cantonId":"vaud","municipalityId":"begnins-5704"},"geometry":{"type":"Polygon","coordinates":[[[6.23698,46.44401],[6.23714,46.44676],[6.24476,46.45082],[6.24828,46.46119],[6.25756,46.46033],[6.26262,46.4571],[6.26534,46.45793],[6.26781,46.45465],[6.26409,46.45048],[6.26552,46.44874],[6.26289,46.44803],[6.26834,46.43969],[6.24654,46.43165],[6.24134,46.44118],[6.23698,46.44399],[6.23698,46.44401]]]}},{"type":"Feature","properties":{"name":"Belmont-sur-Lausanne","cantonId":"vaud","municipalityId":"belmont-sur-lausanne-5581"},"geometry":{"type":"Polygon","coordinates":[[[6.6737,46.51326],[6.67064,46.52093],[6.68709,46.53251],[6.69522,46.53431],[6.69995,46.53836],[6.70565,46.53939],[6.71083,46.53683],[6.70151,46.53364],[6.69405,46.52773],[6.69109,46.52109],[6.68481,46.51984],[6.67385,46.51332],[6.6737,46.51326]]]}},{"type":"Feature","properties":{"name":"Belmont-sur-Yverdon","cantonId":"vaud","municipalityId":"belmont-sur-yverdon-5902"},"geometry":{"type":"Polygon","coordinates":[[[6.62286,46.71389],[6.61923,46.71558],[6.62186,46.72465],[6.61227,46.73565],[6.61598,46.73849],[6.6142,46.74329],[6.62264,46.74867],[6.6164,46.75149],[6.61346,46.75635],[6.62348,46.76285],[6.62788,46.75915],[6.63233,46.76003],[6.63519,46.75676],[6.6345,46.75454],[6.62806,46.7524],[6.63108,46.75234],[6.62834,46.75],[6.63161,46.7476],[6.63124,46.74393],[6.63545,46.74334],[6.63364,46.73866],[6.63679,46.73888],[6.63718,46.73717],[6.63502,46.73232],[6.63567,46.72033],[6.63019,46.71403],[6.62542,46.7134],[6.62286,46.71389]]]}},{"type":"Feature","properties":{"name":"Bercher","cantonId":"vaud","municipalityId":"bercher-5512"},"geometry":{"type":"Polygon","coordinates":[[[6.71911,46.69913],[6.7111,46.68005],[6.70388,46.67467],[6.69124,46.68513],[6.70066,46.69531],[6.70188,46.70101],[6.69921,46.70232],[6.69988,46.70517],[6.70582,46.70442],[6.70781,46.70836],[6.71155,46.70857],[6.71503,46.70665],[6.71353,46.70065],[6.71903,46.69915],[6.71911,46.69913]]]}},{"type":"Feature","properties":{"name":"Berolle","cantonId":"vaud","municipalityId":"berolle-5424"},"geometry":{"type":"Polygon","coordinates":[[[6.35705,46.56264],[6.35484,46.56095],[6.35765,46.55933],[6.35452,46.55595],[6.35803,46.55447],[6.35615,46.55305],[6.3581,46.55228],[6.35407,46.54924],[6.34622,46.55199],[6.34193,46.54834],[6.32896,46.55411],[6.30893,46.57055],[6.31375,46.57543],[6.29963,46.57652],[6.29132,46.57924],[6.293,46.58097],[6.29864,46.58537],[6.3061,46.5871],[6.31528,46.58514],[6.32415,46.58043],[6.33663,46.57762],[6.34573,46.56891],[6.35658,46.56276],[6.35705,46.56264]]]}},{"type":"Feature","properties":{"name":"Bettens","cantonId":"vaud","municipalityId":"bettens-5471"},"geometry":{"type":"Polygon","coordinates":[[[6.58775,46.6165],[6.58362,46.61167],[6.57337,46.61518],[6.57084,46.62004],[6.55924,46.6174],[6.56051,46.62191],[6.55776,46.62191],[6.56416,46.63185],[6.57209,46.63537],[6.58055,46.63427],[6.58319,46.62857],[6.58975,46.62637],[6.58701,46.61669],[6.58775,46.6165]]]}},{"type":"Feature","properties":{"name":"Bex","cantonId":"vaud","municipalityId":"bex-5402"},"geometry":{"type":"Polygon","coordinates":[[[7.07123,46.20101],[7.06914,46.20302],[7.07167,46.20766],[7.07061,46.2105],[7.06051,46.21587],[7.05623,46.22503],[7.04999,46.22402],[7.03253,46.22806],[7.00812,46.22005],[7.00291,46.22438],[7.00194,46.23311],[6.98941,46.2442],[6.98717,46.25269],[6.97041,46.26395],[6.98412,46.26768],[7.00624,46.26887],[7.01518,46.27146],[7.02857,46.28104],[7.03247,46.28091],[7.04366,46.28688],[7.05906,46.28295],[7.05885,46.27978],[7.05448,46.27713],[7.0527,46.27046],[7.05646,46.27069],[7.05742,46.26617],[7.06578,46.26627],[7.07508,46.26839],[7.0809,46.27632],[7.12119,46.28376],[7.12263,46.29405],[7.14213,46.30136],[7.15611,46.30458],[7.18905,46.3039],[7.18924,46.29517],[7.19694,46.28913],[7.19387,46.28838],[7.19483,46.28568],[7.1863,46.28284],[7.18841,46.27067],[7.17814,46.26858],[7.16188,46.25391],[7.15522,46.25275],[7.15016,46.24313],[7.14095,46.2379],[7.12416,46.23593],[7.12121,46.22932],[7.12251,46.22348],[7.10842,46.21221],[7.09624,46.20754],[7.08842,46.20159],[7.07696,46.19897],[7.07142,46.20093],[7.07123,46.20101]]]}},{"type":"Feature","properties":{"name":"Bière","cantonId":"vaud","municipalityId":"biere-5425"},"geometry":{"type":"Polygon","coordinates":[[[6.35882,46.51884],[6.35282,46.51879],[6.35154,46.51649],[6.33014,46.52086],[6.31616,46.53007],[6.31402,46.53387],[6.30041,46.53532],[6.28405,46.55193],[6.27406,46.55235],[6.26453,46.55999],[6.26923,46.56053],[6.27528,46.57281],[6.28847,46.5812],[6.293,46.58097],[6.29132,46.57924],[6.29963,46.57652],[6.31375,46.57543],[6.30893,46.57055],[6.32896,46.55411],[6.34193,46.54834],[6.34622,46.55199],[6.35059,46.55089],[6.35506,46.54892],[6.353,46.54742],[6.37327,46.5377],[6.36003,46.53078],[6.36154,46.52463],[6.3588,46.51896],[6.35882,46.51884]]]}},{"type":"Feature","properties":{"name":"Bioley-Magnoux","cantonId":"vaud","municipalityId":"bioley-magnoux-5903"},"geometry":{"type":"Polygon","coordinates":[[[6.6971,46.73487],[6.69905,46.73692],[6.70653,46.73569],[6.70918,46.73914],[6.7146,46.73837],[6.71698,46.73505],[6.72502,46.73251],[6.72433,46.72911],[6.73174,46.72747],[6.73119,46.72255],[6.73297,46.72112],[6.72986,46.71736],[6.7282,46.71984],[6.71873,46.71884],[6.71029,46.71508],[6.70076,46.72006],[6.70288,46.73292],[6.69711,46.73482],[6.6971,46.73487]]]}},{"type":"Feature","properties":{"name":"Blonay - Saint-Légier","cantonId":"vaud","municipalityId":"blonay-saint-legier-5892"},"geometry":{"type":"Polygon","coordinates":[[[6.98131,46.47539],[6.97519,46.47296],[6.9692,46.47432],[6.96476,46.47845],[6.96615,46.48564],[6.96307,46.48645],[6.95998,46.4823],[6.95242,46.47997],[6.93811,46.48056],[6.92606,46.47764],[6.92707,46.46903],[6.92397,46.46301],[6.90997,46.46012],[6.9027,46.46076],[6.89697,46.45893],[6.89603,46.45638],[6.88536,46.45378],[6.88146,46.45528],[6.87613,46.46385],[6.8703,46.46246],[6.86668,46.46452],[6.85631,46.46389],[6.85305,46.46809],[6.85455,46.47126],[6.8531,46.47255],[6.85714,46.47412],[6.85883,46.47931],[6.86726,46.48109],[6.8681,46.48366],[6.87508,46.48684],[6.88166,46.49559],[6.89623,46.50673],[6.90113,46.51328],[6.91176,46.51313],[6.93621,46.50103],[6.95419,46.50191],[6.96558,46.49316],[6.97209,46.4912],[6.9738,46.48119],[6.97971,46.47594],[6.98131,46.47539]]]}},{"type":"Feature","properties":{"name":"Bofflens","cantonId":"vaud","municipalityId":"bofflens-5747"},"geometry":{"type":"Polygon","coordinates":[[[6.51225,46.70397],[6.5088,46.699],[6.5007,46.69449],[6.50365,46.69238],[6.49917,46.6854],[6.49744,46.68581],[6.49875,46.68815],[6.49654,46.69329],[6.49113,46.69378],[6.49303,46.69718],[6.48336,46.69763],[6.48402,46.69972],[6.47859,46.70372],[6.47762,46.70763],[6.48146,46.70632],[6.48298,46.71286],[6.4885,46.71703],[6.49316,46.71648],[6.49114,46.71377],[6.49915,46.71268],[6.49884,46.71078],[6.51145,46.7084],[6.51196,46.70392],[6.51225,46.70397]]]}},{"type":"Feature","properties":{"name":"Bogis-Bossey","cantonId":"vaud","municipalityId":"bogis-bossey-5705"},"geometry":{"type":"Polygon","coordinates":[[[6.19311,46.34373],[6.18637,46.34688],[6.184,46.34603],[6.17555,46.35134],[6.16946,46.34687],[6.16622,46.34905],[6.16413,46.34732],[6.15888,46.34987],[6.15844,46.35592],[6.16992,46.3661],[6.17624,46.36006],[6.17109,46.35842],[6.17269,46.35482],[6.18626,46.34955],[6.19487,46.34863],[6.19311,46.34373]]]}},{"type":"Feature","properties":{"name":"Bonvillars","cantonId":"vaud","municipalityId":"bonvillars-5551"},"geometry":{"type":"Polygon","coordinates":[[[6.67791,46.87632],[6.67962,46.87111],[6.68314,46.86989],[6.67544,46.86936],[6.67648,46.86624],[6.67198,46.86501],[6.67525,46.85531],[6.68113,46.8488],[6.67641,46.84449],[6.68289,46.83761],[6.68083,46.83547],[6.69956,46.81659],[6.69293,46.81383],[6.68362,46.82436],[6.67526,46.82911],[6.66818,46.82774],[6.66029,46.83531],[6.66204,46.83617],[6.65969,46.84022],[6.6619,46.84305],[6.65607,46.84678],[6.65845,46.85022],[6.66148,46.8504],[6.65978,46.85689],[6.66369,46.86492],[6.65629,46.86263],[6.65442,46.87036],[6.64769,46.87204],[6.66376,46.87293],[6.67263,46.87684],[6.67787,46.87641],[6.67791,46.87632]]]}},{"type":"Feature","properties":{"name":"Borex","cantonId":"vaud","municipalityId":"borex-5706"},"geometry":{"type":"Polygon","coordinates":[[[6.19022,46.38605],[6.18786,46.38468],[6.19249,46.3811],[6.18126,46.37808],[6.18897,46.37596],[6.17922,46.37085],[6.17634,46.37159],[6.17779,46.37289],[6.17155,46.37758],[6.17407,46.37814],[6.16697,46.38416],[6.17421,46.38998],[6.17844,46.38651],[6.18523,46.38514],[6.18864,46.38733],[6.19022,46.38605]]]}},{"type":"Feature","properties":{"name":"Bottens","cantonId":"vaud","municipalityId":"bottens-5514"},"geometry":{"type":"Polygon","coordinates":[[[6.68843,46.61025],[6.68747,46.60861],[6.67957,46.61228],[6.67329,46.60924],[6.66616,46.60085],[6.66031,46.60259],[6.65847,46.59933],[6.6542,46.60025],[6.64908,46.60243],[6.65019,46.60427],[6.6473,46.60424],[6.64844,46.61134],[6.64165,46.61573],[6.65094,46.6311],[6.65626,46.62778],[6.65738,46.62968],[6.66517,46.62713],[6.66897,46.62258],[6.67295,46.62682],[6.67589,46.62556],[6.67488,46.6197],[6.68827,46.61456],[6.68837,46.61027],[6.68843,46.61025]]]}},{"type":"Feature","properties":{"name":"Bougy-Villars","cantonId":"vaud","municipalityId":"bougy-villars-5426"},"geometry":{"type":"Polygon","coordinates":[[[6.33322,46.49204],[6.33676,46.49473],[6.34016,46.49394],[6.3421,46.49188],[6.3402,46.49007],[6.34852,46.48407],[6.35554,46.48529],[6.36119,46.48923],[6.36301,46.48784],[6.36054,46.48223],[6.36276,46.47704],[6.35033,46.47474],[6.34483,46.48375],[6.3332,46.49201],[6.33322,46.49204]]]}},{"type":"Feature","properties":{"name":"Boulens","cantonId":"vaud","municipalityId":"boulens-5661"},"geometry":{"type":"Polygon","coordinates":[[[6.70284,46.67306],[6.70726,46.67864],[6.7111,46.68005],[6.71663,46.69017],[6.71725,46.69564],[6.71873,46.69545],[6.72853,46.68391],[6.72723,46.68101],[6.72961,46.68049],[6.72672,46.67824],[6.73141,46.67963],[6.73079,46.67764],[6.73544,46.67784],[6.73474,46.67588],[6.72774,46.67591],[6.72572,46.6714],[6.72009,46.67053],[6.71887,46.66628],[6.71145,46.66472],[6.71292,46.66711],[6.71118,46.67101],[6.70613,46.67068],[6.70295,46.67304],[6.70284,46.67306]]]}},{"type":"Feature","properties":{"name":"Bourg-en-Lavaux","cantonId":"vaud","municipalityId":"bourg-en-lavaux-5613"},"geometry":{"type":"Polygon","coordinates":[[[6.75574,46.50568],[6.75414,46.49311],[6.73369,46.44423],[6.68624,46.45349],[6.7037,46.4967],[6.72374,46.5217],[6.74084,46.51099],[6.75167,46.50728],[6.75574,46.50568]]]}},{"type":"Feature","properties":{"name":"Bournens","cantonId":"vaud","municipalityId":"bournens-5472"},"geometry":{"type":"Polygon","coordinates":[[[6.55292,46.59882],[6.55069,46.60116],[6.55396,46.60478],[6.54843,46.60628],[6.55065,46.60906],[6.54858,46.61045],[6.55047,46.6127],[6.54912,46.61499],[6.55648,46.61416],[6.55856,46.61742],[6.57079,46.62005],[6.57337,46.61518],[6.58082,46.61236],[6.57612,46.60378],[6.57256,46.60413],[6.57085,46.6001],[6.56527,46.60075],[6.56093,46.59794],[6.55292,46.59882]]]}},{"type":"Feature","properties":{"name":"Boussens","cantonId":"vaud","municipalityId":"boussens-5473"},"geometry":{"type":"Polygon","coordinates":[[[6.58775,46.6165],[6.59554,46.61195],[6.59386,46.60568],[6.59668,46.60387],[6.59645,46.59902],[6.58681,46.59199],[6.58084,46.59203],[6.57731,46.59434],[6.57772,46.5977],[6.57342,46.59801],[6.57451,46.60392],[6.57752,46.60551],[6.58093,46.61262],[6.58362,46.61167],[6.58712,46.61518],[6.58775,46.6165]]]}},{"type":"Feature","properties":{"name":"Bremblens","cantonId":"vaud","municipalityId":"bremblens-5622"},"geometry":{"type":"Polygon","coordinates":[[[6.52784,46.55979],[6.53523,46.55194],[6.52998,46.54926],[6.53171,46.54742],[6.52812,46.54726],[6.52844,46.54422],[6.52572,46.54418],[6.52257,46.53944],[6.51179,46.54222],[6.50876,46.53949],[6.50192,46.54241],[6.50933,46.55081],[6.51535,46.55037],[6.52445,46.56001],[6.52791,46.55985],[6.52784,46.55979]]]}},{"type":"Feature","properties":{"name":"Bretigny-sur-Morrens","cantonId":"vaud","municipalityId":"bretigny-sur-morrens-5515"},"geometry":{"type":"Polygon","coordinates":[[[6.64124,46.59053],[6.63833,46.59152],[6.63705,46.59524],[6.63408,46.59466],[6.63341,46.60097],[6.6408,46.61556],[6.64844,46.61134],[6.6473,46.60424],[6.65019,46.60427],[6.64908,46.60243],[6.65738,46.59922],[6.65982,46.59615],[6.64129,46.59045],[6.64124,46.59053]]]}},{"type":"Feature","properties":{"name":"Bretonnières","cantonId":"vaud","municipalityId":"bretonnieres-5748"},"geometry":{"type":"Polygon","coordinates":[[[6.46517,46.70137],[6.4607,46.70779],[6.46216,46.71227],[6.45775,46.712],[6.45589,46.71746],[6.44982,46.71855],[6.44983,46.72428],[6.46465,46.72607],[6.47344,46.72223],[6.47282,46.72717],[6.48463,46.72563],[6.48917,46.72816],[6.48524,46.72163],[6.48874,46.71829],[6.4884,46.71586],[6.48298,46.71286],[6.48146,46.70632],[6.47762,46.70763],[6.47882,46.70307],[6.46561,46.70126],[6.46517,46.70137]]]}},{"type":"Feature","properties":{"name":"Buchillon","cantonId":"vaud","municipalityId":"buchillon-5623"},"geometry":{"type":"Polygon","coordinates":[[[6.4283,46.47455],[6.43471,46.47328],[6.46859,46.43447],[6.42562,46.41582],[6.39134,46.45988],[6.39521,46.46411],[6.40636,46.46855],[6.40641,46.47346],[6.42523,46.47162],[6.42955,46.47209],[6.42833,46.47424],[6.4283,46.47455]]]}},{"type":"Feature","properties":{"name":"Bullet","cantonId":"vaud","municipalityId":"bullet-5552"},"geometry":{"type":"Polygon","coordinates":[[[6.55808,46.81959],[6.54344,46.81689],[6.53361,46.82468],[6.53229,46.83233],[6.52223,46.83657],[6.52626,46.84751],[6.53248,46.8528],[6.5357,46.8544],[6.53901,46.85249],[6.54789,46.85641],[6.54974,46.85515],[6.57896,46.87144],[6.5837,46.8667],[6.57703,46.85931],[6.57773,46.85708],[6.57877,46.85568],[6.5826,46.85719],[6.58794,46.85365],[6.58922,46.85218],[6.58433,46.84787],[6.59311,46.84534],[6.59383,46.84293],[6.56694,46.83177],[6.56466,46.82616],[6.55829,46.81974],[6.55808,46.81959]]]}},{"type":"Feature","properties":{"name":"Bursinel","cantonId":"vaud","municipalityId":"bursinel-5852"},"geometry":{"type":"Polygon","coordinates":[[[6.29885,46.44498],[6.30571,46.44789],[6.3077,46.44597],[6.3169,46.44703],[6.35365,46.4062],[6.33519,46.40373],[6.30926,46.43232],[6.29907,46.43766],[6.30042,46.44305],[6.29885,46.44498]]]}},{"type":"Feature","properties":{"name":"Bursins","cantonId":"vaud","municipalityId":"bursins-5853"},"geometry":{"type":"Polygon","coordinates":[[[6.2862,46.44037],[6.28621,46.44504],[6.2711,46.46014],[6.27556,46.46435],[6.27431,46.46791],[6.27905,46.46988],[6.30124,46.44132],[6.29603,46.43591],[6.28594,46.43982],[6.2862,46.44037]]]}},{"type":"Feature","properties":{"name":"Burtigny","cantonId":"vaud","municipalityId":"burtigny-5854"},"geometry":{"type":"Polygon","coordinates":[[[6.26638,46.48128],[6.27305,46.48244],[6.27698,46.48902],[6.28279,46.47901],[6.28379,46.47113],[6.27561,46.46922],[6.27347,46.46145],[6.26367,46.45718],[6.25756,46.46033],[6.25033,46.45994],[6.24828,46.46119],[6.24903,46.47713],[6.26529,46.48185],[6.26638,46.48128]]]}},{"type":"Feature","properties":{"name":"Bussigny","cantonId":"vaud","municipalityId":"bussigny-5624"},"geometry":{"type":"Polygon","coordinates":[[[6.52784,46.55979],[6.52895,46.56159],[6.53354,46.5602],[6.54668,46.56173],[6.5484,46.56373],[6.55925,46.56252],[6.56287,46.55802],[6.56423,46.5598],[6.56761,46.55625],[6.56571,46.55019],[6.56744,46.54587],[6.56295,46.54494],[6.56631,46.54416],[6.565,46.54294],[6.55364,46.5392],[6.55057,46.54461],[6.54468,46.54583],[6.54103,46.5519],[6.53944,46.55042],[6.53416,46.55218],[6.52769,46.55984],[6.52784,46.55979]]]}},{"type":"Feature","properties":{"name":"Bussy-sur-Moudon","cantonId":"vaud","municipalityId":"bussy-sur-moudon-5663"},"geometry":{"type":"Polygon","coordinates":[[[6.79178,46.68669],[6.80552,46.69759],[6.81132,46.70103],[6.81483,46.70053],[6.81583,46.69798],[6.82218,46.69659],[6.82593,46.69225],[6.81652,46.68457],[6.80362,46.68167],[6.79191,46.68664],[6.79178,46.68669]]]}},{"type":"Feature","properties":{"name":"Chamblon","cantonId":"vaud","municipalityId":"chamblon-5904"},"geometry":{"type":"Polygon","coordinates":[[[6.61628,46.78128],[6.59914,46.76936],[6.59282,46.76717],[6.58785,46.76886],[6.58725,46.77575],[6.58451,46.77629],[6.59125,46.7819],[6.58877,46.78418],[6.60169,46.78597],[6.61388,46.78458],[6.61324,46.78294],[6.61628,46.78128]]]}},{"type":"Feature","properties":{"name":"Champagne","cantonId":"vaud","municipalityId":"champagne-5553"},"geometry":{"type":"Polygon","coordinates":[[[6.63805,46.83789],[6.64021,46.84137],[6.6396,46.84638],[6.6508,46.84749],[6.65247,46.84422],[6.65668,46.84623],[6.6619,46.84305],[6.65969,46.84022],[6.66204,46.83617],[6.66029,46.83531],[6.66924,46.82566],[6.66271,46.82463],[6.64817,46.82823],[6.64237,46.82683],[6.63949,46.83019],[6.63805,46.83784],[6.63805,46.83789]]]}},{"type":"Feature","properties":{"name":"Champtauroz","cantonId":"vaud","municipalityId":"champtauroz-5812"},"geometry":{"type":"Polygon","coordinates":[[[6.77301,46.75137],[6.77236,46.75344],[6.77689,46.75737],[6.77706,46.76163],[6.77892,46.76119],[6.77899,46.76396],[6.78779,46.77152],[6.79497,46.76695],[6.79778,46.76845],[6.79822,46.76277],[6.79433,46.75888],[6.79746,46.75747],[6.79446,46.75386],[6.78626,46.74762],[6.7788,46.75122],[6.77611,46.7494],[6.77301,46.75137]]]}},{"type":"Feature","properties":{"name":"Champvent","cantonId":"vaud","municipalityId":"champvent-5905"},"geometry":{"type":"Polygon","coordinates":[[[6.5774,46.77274],[6.57033,46.77533],[6.56415,46.774],[6.55973,46.7764],[6.55438,46.77227],[6.55346,46.76854],[6.54663,46.76669],[6.54285,46.77438],[6.53419,46.7752],[6.53492,46.77702],[6.55019,46.78602],[6.55214,46.7916],[6.55072,46.79271],[6.55821,46.79331],[6.56262,46.79668],[6.56306,46.79404],[6.56701,46.7966],[6.57295,46.79488],[6.56912,46.80198],[6.5762,46.80402],[6.58307,46.80225],[6.58498,46.79654],[6.58894,46.79827],[6.59245,46.79599],[6.59297,46.79089],[6.59554,46.78918],[6.59116,46.78792],[6.59185,46.78462],[6.58851,46.78403],[6.59125,46.7819],[6.58712,46.77929],[6.58338,46.78083],[6.57903,46.77701],[6.57942,46.7728],[6.57803,46.7734],[6.5774,46.77274]]]}},{"type":"Feature","properties":{"name":"Chardonne","cantonId":"vaud","municipalityId":"chardonne-5882"},"geometry":{"type":"Polygon","coordinates":[[[6.79796,46.43167],[6.7834,46.43451],[6.79907,46.47256],[6.7985,46.48472],[6.80856,46.48546],[6.80731,46.48892],[6.81118,46.49069],[6.8074,46.49249],[6.80722,46.49734],[6.81634,46.50564],[6.8165,46.50956],[6.83079,46.51205],[6.83277,46.50351],[6.84211,46.49023],[6.83996,46.48763],[6.8425,46.48305],[6.83878,46.47841],[6.84038,46.47495],[6.82328,46.47208],[6.81552,46.47356],[6.81365,46.46998],[6.79796,46.43167]]]}},{"type":"Feature","properties":{"name":"Château-d'Oex","cantonId":"vaud","municipalityId":"chateau-doex-5841"},"geometry":{"type":"Polygon","coordinates":[[[7.10036,46.48699],[7.11029,46.4948],[7.12278,46.4987],[7.12634,46.50316],[7.13536,46.50762],[7.145,46.52686],[7.1488,46.52853],[7.1588,46.52688],[7.17025,46.53222],[7.17181,46.52618],[7.17576,46.52307],[7.16533,46.51226],[7.16948,46.50921],[7.16909,46.50269],[7.18449,46.49483],[7.18487,46.48899],[7.18045,46.48301],[7.18259,46.47883],[7.17964,46.47743],[7.18625,46.46725],[7.18711,46.46443],[7.18492,46.46333],[7.20022,46.454],[7.19715,46.45068],[7.19281,46.43376],[7.20986,46.41628],[7.20693,46.40839],[7.20778,46.40298],[7.19155,46.37723],[7.18577,46.37538],[7.17845,46.37984],[7.15232,46.38289],[7.13778,46.38059],[7.12659,46.40452],[7.11904,46.40808],[7.11778,46.41116],[7.10222,46.41543],[7.09631,46.41661],[7.07741,46.40424],[7.07384,46.4209],[7.06673,46.4262],[7.01632,46.42257],[7.01502,46.4331],[7.02087,46.43905],[7.02471,46.44033],[7.02827,46.4373],[7.03801,46.44279],[7.04712,46.43983],[7.08135,46.45546],[7.09275,46.45854],[7.10425,46.46968],[7.10417,46.47492],[7.10746,46.47478],[7.10506,46.48334],[7.1009,46.48604],[7.10036,46.48699]]]}},{"type":"Feature","properties":{"name":"Chavannes-de-Bogis","cantonId":"vaud","municipalityId":"chavannes-de-bogis-5707"},"geometry":{"type":"Polygon","coordinates":[[[6.15848,46.35153],[6.16413,46.34732],[6.16622,46.34905],[6.16946,46.34687],[6.16458,46.33957],[6.1662,46.33843],[6.15977,46.33266],[6.15813,46.33346],[6.15557,46.33072],[6.14901,46.33439],[6.14529,46.3317],[6.13721,46.33568],[6.13895,46.33971],[6.1494,46.34272],[6.15148,46.3474],[6.15848,46.35141],[6.15848,46.35153]]]}},{"type":"Feature","properties":{"name":"Chavannes-des-Bois","cantonId":"vaud","municipalityId":"chavannes-des-bois-5708"},"geometry":{"type":"Polygon","coordinates":[[[6.12578,46.31749],[6.12524,46.31932],[6.13164,46.32495],[6.13743,46.32256],[6.14038,46.32531],[6.14762,46.32135],[6.14381,46.31654],[6.14076,46.30543],[6.12578,46.31749]]]}},{"type":"Feature","properties":{"name":"Chavannes-le-Chêne","cantonId":"vaud","municipalityId":"chavannes-le-chene-5907"},"geometry":{"type":"Polygon","coordinates":[[[6.76256,46.77605],[6.76945,46.78449],[6.77229,46.78473],[6.77243,46.78911],[6.77713,46.78912],[6.78301,46.79339],[6.79794,46.78288],[6.7939,46.78027],[6.78883,46.77105],[6.78297,46.76718],[6.77448,46.7695],[6.7744,46.77467],[6.76259,46.77602],[6.76256,46.77605]]]}},{"type":"Feature","properties":{"name":"Chavannes-le-Veyron","cantonId":"vaud","municipalityId":"chavannes-le-veyron-5475"},"geometry":{"type":"Polygon","coordinates":[[[6.46109,46.6074],[6.456,46.60676],[6.45113,46.60154],[6.44834,46.60265],[6.445,46.59798],[6.43829,46.60408],[6.43152,46.60679],[6.43075,46.60849],[6.43875,46.61088],[6.4354,46.61285],[6.43631,46.61479],[6.44085,46.61392],[6.44649,46.61602],[6.44923,46.61399],[6.45489,46.6188],[6.46028,46.61767],[6.45678,46.61211],[6.46038,46.60812],[6.46109,46.6074]]]}},{"type":"Feature","properties":{"name":"Chavannes-près-Renens","cantonId":"vaud","municipalityId":"chavannes-pres-renens-5627"},"geometry":{"type":"Polygon","coordinates":[[[6.58935,46.52763],[6.58692,46.52567],[6.58692,46.52089],[6.58423,46.52077],[6.58208,46.52507],[6.56768,46.52291],[6.56638,46.52771],[6.57206,46.53551],[6.57519,46.5346],[6.57659,46.53791],[6.58135,46.53401],[6.57778,46.5302],[6.5789,46.52893],[6.58902,46.52764],[6.58935,46.52763]]]}},{"type":"Feature","properties":{"name":"Chavannes-sur-Moudon","cantonId":"vaud","municipalityId":"chavannes-sur-moudon-5665"},"geometry":{"type":"Polygon","coordinates":[[[6.8252,46.67521],[6.82922,46.67193],[6.82805,46.66851],[6.83827,46.66962],[6.84584,46.66424],[6.84411,46.66085],[6.83838,46.66258],[6.82741,46.65983],[6.81728,46.64924],[6.8185,46.64781],[6.81457,46.64748],[6.81081,46.65039],[6.79836,46.649],[6.79728,46.65286],[6.80562,46.66282],[6.82403,46.67475],[6.8252,46.67521]]]}},{"type":"Feature","properties":{"name":"Chavornay","cantonId":"vaud","municipalityId":"chavornay-5749"},"geometry":{"type":"Polygon","coordinates":[[[6.63232,46.70037],[6.62899,46.69051],[6.62626,46.69033],[6.62648,46.69472],[6.62413,46.69569],[6.60649,46.68962],[6.59215,46.68943],[6.58948,46.6918],[6.58636,46.69035],[6.58884,46.68441],[6.58504,46.68154],[6.5817,46.68492],[6.5814,46.68932],[6.56885,46.69809],[6.56759,46.69638],[6.55084,46.69946],[6.54862,46.69591],[6.53921,46.69749],[6.54144,46.7113],[6.55131,46.71898],[6.55594,46.71705],[6.57753,46.74198],[6.59166,46.73554],[6.59395,46.73631],[6.58519,46.72613],[6.58719,46.72108],[6.5845,46.71895],[6.59383,46.71313],[6.59745,46.71485],[6.6046,46.71302],[6.6041,46.71164],[6.60776,46.71248],[6.60852,46.70443],[6.62209,46.70614],[6.62013,46.70122],[6.62617,46.69895],[6.63234,46.70037],[6.63232,46.70037]]]}},{"type":"Feature","properties":{"name":"Chêne-Pâquier","cantonId":"vaud","municipalityId":"chene-paquier-5908"},"geometry":{"type":"Polygon","coordinates":[[[6.76389,46.77558],[6.7744,46.77467],[6.77448,46.7695],[6.78227,46.76817],[6.77892,46.76119],[6.77704,46.7616],[6.77689,46.75737],[6.77037,46.75658],[6.75971,46.76559],[6.76319,46.76799],[6.76151,46.77131],[6.76386,46.77554],[6.76389,46.77558]]]}},{"type":"Feature","properties":{"name":"Cheseaux-Noréaz","cantonId":"vaud","municipalityId":"cheseaux-noreaz-5909"},"geometry":{"type":"Polygon","coordinates":[[[6.6697,46.77451],[6.6659,46.77289],[6.66468,46.77788],[6.66106,46.77851],[6.66649,46.78067],[6.65999,46.78602],[6.65393,46.79758],[6.71051,46.82115],[6.72241,46.80015],[6.71395,46.79525],[6.7113,46.79579],[6.70562,46.78974],[6.69992,46.78871],[6.6901,46.78268],[6.69331,46.78181],[6.68125,46.7765],[6.67715,46.77748],[6.66994,46.77464],[6.6697,46.77451]]]}},{"type":"Feature","properties":{"name":"Cheseaux-sur-Lausanne","cantonId":"vaud","municipalityId":"cheseaux-sur-lausanne-5582"},"geometry":{"type":"Polygon","coordinates":[[[6.59447,46.5965],[6.60264,46.5921],[6.61394,46.59088],[6.61653,46.58169],[6.60191,46.58128],[6.59154,46.57215],[6.58613,46.57465],[6.58086,46.57381],[6.57923,46.57499],[6.5838,46.57652],[6.58119,46.57895],[6.58057,46.57645],[6.57612,46.57576],[6.57686,46.58051],[6.58186,46.58396],[6.58511,46.5923],[6.59444,46.59648],[6.59447,46.5965]]]}},{"type":"Feature","properties":{"name":"Chéserex","cantonId":"vaud","municipalityId":"cheserex-5709"},"geometry":{"type":"Polygon","coordinates":[[[6.16935,46.38633],[6.16759,46.38749],[6.16998,46.38891],[6.15827,46.39638],[6.15672,46.40004],[6.14968,46.3976],[6.14617,46.40179],[6.13253,46.40891],[6.13087,46.41378],[6.12076,46.42043],[6.11301,46.42449],[6.09929,46.42495],[6.10554,46.43484],[6.11284,46.42993],[6.12759,46.42597],[6.1377,46.42682],[6.15045,46.42088],[6.15718,46.42059],[6.17013,46.40367],[6.17847,46.40431],[6.18699,46.4004],[6.1842,46.39867],[6.18688,46.39693],[6.1791,46.39043],[6.17594,46.38858],[6.17421,46.38998],[6.16937,46.38632],[6.16935,46.38633]]]}},{"type":"Feature","properties":{"name":"Chessel","cantonId":"vaud","municipalityId":"chessel-5403"},"geometry":{"type":"Polygon","coordinates":[[[6.9104,46.34758],[6.89583,46.34059],[6.88196,46.35407],[6.88682,46.36533],[6.89471,46.36382],[6.89568,46.3603],[6.90283,46.36163],[6.91058,46.35314],[6.90448,46.34961],[6.90968,46.34797],[6.9104,46.34758]]]}},{"type":"Feature","properties":{"name":"Chevilly","cantonId":"vaud","municipalityId":"chevilly-5476"},"geometry":{"type":"Polygon","coordinates":[[[6.45406,46.64067],[6.47593,46.64955],[6.4816,46.65428],[6.49376,46.65565],[6.49397,46.64957],[6.48528,46.64461],[6.48143,46.63543],[6.47675,46.63379],[6.47623,46.63035],[6.46872,46.63567],[6.46684,46.63422],[6.46,46.63694],[6.45573,46.63492],[6.45411,46.64066],[6.45406,46.64067]]]}},{"type":"Feature","properties":{"name":"Chevroux","cantonId":"vaud","municipalityId":"chevroux-5813"},"geometry":{"type":"Polygon","coordinates":[[[6.89624,46.92549],[6.93033,46.89953],[6.92373,46.89533],[6.92572,46.89213],[6.91767,46.88397],[6.90696,46.87863],[6.90366,46.87943],[6.89172,46.88673],[6.8657,46.90958],[6.89624,46.92549]]]}},{"type":"Feature","properties":{"name":"Chexbres","cantonId":"vaud","municipalityId":"chexbres-5601"},"geometry":{"type":"Polygon","coordinates":[[[6.78598,46.47457],[6.77959,46.47949],[6.77621,46.47867],[6.77503,46.48128],[6.763,46.4856],[6.77059,46.48844],[6.77412,46.48681],[6.7744,46.49318],[6.77867,46.4936],[6.77858,46.49152],[6.78817,46.48957],[6.7908,46.48203],[6.785,46.48203],[6.79073,46.47824],[6.789,46.47474],[6.78619,46.47456],[6.78598,46.47457]]]}},{"type":"Feature","properties":{"name":"Chigny","cantonId":"vaud","municipalityId":"chigny-5628"},"geometry":{"type":"Polygon","coordinates":[[[6.47437,46.50923],[6.47043,46.51374],[6.47188,46.52126],[6.48051,46.52127],[6.47954,46.51687],[6.48705,46.51432],[6.47949,46.51388],[6.47663,46.51126],[6.47437,46.50923]]]}},{"type":"Feature","properties":{"name":"Clarmont","cantonId":"vaud","municipalityId":"clarmont-5629"},"geometry":{"type":"Polygon","coordinates":[[[6.45562,46.54576],[6.45003,46.53969],[6.44639,46.54107],[6.4472,46.54621],[6.443,46.54963],[6.44634,46.55211],[6.44616,46.55905],[6.45179,46.55616],[6.45109,46.55142],[6.45565,46.54583],[6.45562,46.54576]]]}},{"type":"Feature","properties":{"name":"Coinsins","cantonId":"vaud","municipalityId":"coinsins-5710"},"geometry":{"type":"Polygon","coordinates":[[[6.24159,46.4331],[6.25119,46.42254],[6.25076,46.41561],[6.24126,46.41768],[6.22436,46.41647],[6.22381,46.42744],[6.23287,46.42868],[6.2382,46.4313],[6.2377,46.4341],[6.24125,46.4333],[6.24159,46.4331]]]}},{"type":"Feature","properties":{"name":"Commugny","cantonId":"vaud","municipalityId":"commugny-5711"},"geometry":{"type":"Polygon","coordinates":[[[6.13166,46.32495],[6.13921,46.33491],[6.14529,46.3317],[6.14912,46.33438],[6.15557,46.33072],[6.16222,46.33501],[6.17077,46.32938],[6.17429,46.33198],[6.1798,46.32858],[6.17818,46.32752],[6.18524,46.32432],[6.18225,46.32283],[6.18649,46.32124],[6.17906,46.31271],[6.15391,46.3141],[6.14529,46.31696],[6.14762,46.32135],[6.14038,46.32531],[6.13743,46.32256],[6.13233,46.32473],[6.13166,46.32495]]]}},{"type":"Feature","properties":{"name":"Concise","cantonId":"vaud","municipalityId":"concise-5554"},"geometry":{"type":"Polygon","coordinates":[[[6.67791,46.87632],[6.70065,46.88302],[6.71104,46.8813],[6.72284,46.87317],[6.73872,46.87939],[6.73251,46.86832],[6.74001,46.87199],[6.75526,46.87047],[6.77983,46.85297],[6.74187,46.82788],[6.71653,46.84682],[6.70668,46.85801],[6.70381,46.85705],[6.6964,46.8692],[6.69235,46.86941],[6.6908,46.87161],[6.67962,46.87111],[6.67848,46.87467],[6.67791,46.87632]]]}},{"type":"Feature","properties":{"name":"Coppet","cantonId":"vaud","municipalityId":"coppet-5712"},"geometry":{"type":"Polygon","coordinates":[[[6.21166,46.30151],[6.18001,46.31376],[6.18649,46.32124],[6.18225,46.32283],[6.18524,46.32432],[6.17818,46.32752],[6.17932,46.32964],[6.19671,46.3268],[6.22356,46.31774],[6.21954,46.3119],[6.21166,46.30151]]]}},{"type":"Feature","properties":{"name":"Corbeyrier","cantonId":"vaud","municipalityId":"corbeyrier-5404"},"geometry":{"type":"Polygon","coordinates":[[[6.9876,46.34611],[6.98811,46.35006],[6.96974,46.34191],[6.96523,46.3372],[6.95499,46.33666],[6.94872,46.34991],[6.95531,46.35372],[6.9539,46.35869],[6.94648,46.3603],[6.952,46.36414],[6.94601,46.36437],[6.94687,46.36598],[6.9434,46.36691],[6.94442,46.36928],[6.93875,46.37041],[6.94929,46.37416],[6.95948,46.38252],[6.98113,46.38779],[6.99479,46.39849],[6.998,46.39759],[7.00104,46.40158],[7.01,46.40508],[7.01224,46.40507],[7.01542,46.39846],[7.01172,46.39123],[7.01593,46.39051],[7.01601,46.38727],[7.00933,46.37553],[6.99642,46.37069],[7.0003,46.36248],[6.99985,46.35453],[6.99738,46.35067],[6.99325,46.35041],[6.98859,46.34626],[6.9876,46.34611]]]}},{"type":"Feature","properties":{"name":"Corcelles-le-Jorat","cantonId":"vaud","municipalityId":"corcelles-le-jorat-5785"},"geometry":{"type":"Polygon","coordinates":[[[6.74378,46.58913],[6.73941,46.59142],[6.73538,46.58467],[6.72462,46.58115],[6.72388,46.58395],[6.71559,46.58644],[6.71449,46.59409],[6.70992,46.59411],[6.71095,46.59861],[6.71457,46.599],[6.71382,46.60391],[6.71588,46.60748],[6.7285,46.61286],[6.73843,46.62371],[6.74204,46.62198],[6.74953,46.624],[6.7438,46.6139],[6.74637,46.61264],[6.74464,46.60947],[6.74774,46.60861],[6.74336,46.60091],[6.74508,46.59393],[6.74377,46.58915],[6.74378,46.58913]]]}},{"type":"Feature","properties":{"name":"Corcelles-près-Concise","cantonId":"vaud","municipalityId":"corcelles-pres-concise-5555"},"geometry":{"type":"Polygon","coordinates":[[[6.74187,46.82788],[6.71051,46.82115],[6.70309,46.83562],[6.69605,46.8442],[6.69813,46.84531],[6.68523,46.86173],[6.69104,46.86371],[6.68763,46.86937],[6.68348,46.86893],[6.68272,46.87086],[6.6908,46.87161],[6.69235,46.86941],[6.6964,46.8692],[6.70046,46.86069],[6.70381,46.85705],[6.70668,46.85801],[6.71653,46.84682],[6.74187,46.82788]]]}},{"type":"Feature","properties":{"name":"Corcelles-près-Payerne","cantonId":"vaud","municipalityId":"corcelles-pres-payerne-5816"},"geometry":{"type":"Polygon","coordinates":[[[6.98015,46.86631],[6.97695,46.86053],[6.98059,46.85802],[6.97782,46.85496],[6.97932,46.85327],[6.97758,46.84987],[6.98148,46.84571],[6.98442,46.84672],[6.98866,46.84358],[6.986,46.84007],[6.98308,46.83983],[6.98699,46.83718],[6.98614,46.83473],[6.99281,46.83248],[6.9897,46.82641],[6.98345,46.82198],[6.97102,46.82406],[6.96515,46.82824],[6.95776,46.8193],[6.94751,46.82631],[6.9512,46.82942],[6.9434,46.8365],[6.95556,46.85098],[6.9503,46.86163],[6.97282,46.8688],[6.97639,46.86522],[6.97968,46.86672],[6.98015,46.86631]],[[6.97104,46.82657],[6.97106,46.82603],[6.97122,46.82604],[6.97166,46.82628],[6.972,46.82659],[6.97155,46.82702],[6.97096,46.82739],[6.97077,46.82714],[6.97104,46.82657]]]}},{"type":"Feature","properties":{"name":"Corseaux","cantonId":"vaud","municipalityId":"corseaux-5883"},"geometry":{"type":"Polygon","coordinates":[[[6.83668,46.46899],[6.8324,46.46741],[6.81627,46.4281],[6.79796,46.43167],[6.81362,46.47241],[6.8404,46.47404],[6.84249,46.47151],[6.83888,46.46991],[6.83668,46.46899]]]}},{"type":"Feature","properties":{"name":"Corsier-sur-Vevey","cantonId":"vaud","municipalityId":"corsier-sur-vevey-5884"},"geometry":{"type":"Polygon","coordinates":[[[6.88326,46.51348],[6.89772,46.52006],[6.89498,46.50977],[6.89623,46.50673],[6.88711,46.50099],[6.87508,46.48684],[6.8681,46.48366],[6.86726,46.48109],[6.85883,46.47931],[6.84653,46.46948],[6.83654,46.46791],[6.84249,46.47151],[6.83967,46.47457],[6.85033,46.47901],[6.85769,46.48895],[6.85768,46.49283],[6.86275,46.49385],[6.86633,46.5008],[6.8822,46.51291],[6.88326,46.51348]]]}},{"type":"Feature","properties":{"name":"Cossonay","cantonId":"vaud","municipalityId":"cossonay-5477"},"geometry":{"type":"Polygon","coordinates":[[[6.52266,46.59875],[6.51175,46.59477],[6.51169,46.59314],[6.50067,46.59389],[6.49658,46.59639],[6.49832,46.59983],[6.4951,46.60102],[6.49739,46.60664],[6.49187,46.60972],[6.49002,46.60726],[6.48426,46.60835],[6.48616,46.61274],[6.48234,46.61435],[6.48391,46.61809],[6.4817,46.61889],[6.48707,46.62743],[6.4985,46.62454],[6.50072,46.63044],[6.50435,46.62965],[6.50583,46.63214],[6.51348,46.63102],[6.51297,46.62805],[6.5166,46.62823],[6.51236,46.62299],[6.5196,46.62034],[6.51551,46.61433],[6.51962,46.60926],[6.5172,46.60767],[6.52149,46.60451],[6.51985,46.60408],[6.52271,46.59884],[6.52266,46.59875]]]}},{"type":"Feature","properties":{"name":"Crans (VD)","cantonId":"vaud","municipalityId":"crans-vd-5713"},"geometry":{"type":"Polygon","coordinates":[[[6.21428,46.37305],[6.22678,46.36658],[6.25296,46.36043],[6.24142,46.34368],[6.21192,46.3538],[6.20205,46.35478],[6.19807,46.36029],[6.18692,46.36055],[6.18024,46.36459],[6.18566,46.36804],[6.18512,46.36982],[6.18846,46.36887],[6.1925,46.37184],[6.19476,46.36808],[6.19877,46.36729],[6.20215,46.37186],[6.20744,46.37022],[6.20807,46.37391],[6.21338,46.37325],[6.21428,46.37305]]]}},{"type":"Feature","properties":{"name":"Crassier","cantonId":"vaud","municipalityId":"crassier-5714"},"geometry":{"type":"Polygon","coordinates":[[[6.16935,46.38633],[6.16697,46.38416],[6.17779,46.37289],[6.17297,46.36947],[6.17525,46.36904],[6.17355,46.36733],[6.18024,46.36459],[6.1744,46.3624],[6.16974,46.36478],[6.16973,46.36784],[6.15724,46.38],[6.16174,46.38872],[6.16916,46.3865],[6.16935,46.38633]]]}},{"type":"Feature","properties":{"name":"Crissier","cantonId":"vaud","municipalityId":"crissier-5583"},"geometry":{"type":"Polygon","coordinates":[[[6.57557,46.58132],[6.57642,46.58434],[6.5795,46.58437],[6.57612,46.57576],[6.58057,46.57645],[6.58119,46.57895],[6.5838,46.57652],[6.57923,46.57499],[6.58086,46.57381],[6.58613,46.57465],[6.59189,46.57204],[6.58602,46.56326],[6.58387,46.55199],[6.58791,46.55036],[6.58902,46.54554],[6.58139,46.54535],[6.58112,46.54125],[6.57734,46.53855],[6.56298,46.54478],[6.56744,46.54587],[6.56571,46.55019],[6.56761,46.55625],[6.56423,46.5598],[6.5734,46.56908],[6.57516,46.57457],[6.57298,46.57646],[6.57565,46.58126],[6.57557,46.58132]]]}},{"type":"Feature","properties":{"name":"Cronay","cantonId":"vaud","municipalityId":"cronay-5910"},"geometry":{"type":"Polygon","coordinates":[[[6.68795,46.73922],[6.68285,46.74004],[6.6764,46.74627],[6.67935,46.74866],[6.68007,46.7451],[6.6918,46.76186],[6.70477,46.76675],[6.7047,46.76943],[6.71025,46.77264],[6.72491,46.7748],[6.72473,46.76489],[6.71254,46.75452],[6.71334,46.7506],[6.70604,46.74429],[6.69826,46.74461],[6.68801,46.73924],[6.68795,46.73922]]]}},{"type":"Feature","properties":{"name":"Croy","cantonId":"vaud","municipalityId":"croy-5752"},"geometry":{"type":"MultiPolygon","coordinates":[[[[6.48485,46.67368],[6.47465,46.6783],[6.47229,46.68364],[6.47611,46.69016],[6.47465,46.69278],[6.47015,46.69275],[6.48624,46.69848],[6.49303,46.69718],[6.49113,46.69378],[6.49654,46.69329],[6.49875,46.68815],[6.49744,46.68581],[6.49972,46.68528],[6.49962,46.67796],[6.4901,46.67726],[6.4881,46.6725],[6.48497,46.67356],[6.48485,46.67368]]],[[[6.46375,46.67097],[6.4635,46.67508],[6.47449,46.67343],[6.46873,46.66962],[6.46419,46.67087],[6.46375,46.67097]]]]}},{"type":"Feature","properties":{"name":"Cuarnens","cantonId":"vaud","municipalityId":"cuarnens-5479"},"geometry":{"type":"Polygon","coordinates":[[[6.42968,46.65001],[6.44187,46.64476],[6.44298,46.63789],[6.44878,46.63808],[6.44698,46.63543],[6.45545,46.63243],[6.45047,46.62163],[6.45495,46.6188],[6.44923,46.61399],[6.44649,46.61602],[6.44085,46.61392],[6.43231,46.6161],[6.43271,46.61788],[6.42519,46.62187],[6.429,46.62365],[6.42455,46.62571],[6.42926,46.62682],[6.4284,46.62805],[6.41183,46.63318],[6.42962,46.64995],[6.42968,46.65001]]]}},{"type":"Feature","properties":{"name":"Cuarny","cantonId":"vaud","municipalityId":"cuarny-5911"},"geometry":{"type":"Polygon","coordinates":[[[6.6697,46.77451],[6.67715,46.77748],[6.68125,46.7765],[6.69331,46.78181],[6.69529,46.78054],[6.69321,46.77847],[6.69478,46.77695],[6.69947,46.77957],[6.70152,46.7771],[6.70448,46.78057],[6.70925,46.78058],[6.71095,46.77397],[6.7047,46.76943],[6.70573,46.76742],[6.69215,46.76217],[6.68564,46.75612],[6.68093,46.75792],[6.68322,46.76191],[6.6787,46.76405],[6.68263,46.76605],[6.67713,46.76843],[6.678,46.7716],[6.67404,46.77085],[6.66985,46.77444],[6.6697,46.77451]]]}},{"type":"Feature","properties":{"name":"Cudrefin","cantonId":"vaud","municipalityId":"cudrefin-5456"},"geometry":{"type":"Polygon","coordinates":[[[7.02886,46.98177],[7.05171,46.97728],[7.06305,46.97111],[7.06024,46.96874],[7.0613,46.96677],[7.05791,46.96541],[7.05964,46.96309],[7.05742,46.95957],[7.05962,46.95582],[7.05646,46.95523],[7.05955,46.9515],[7.02347,46.93685],[7.02894,46.93305],[7.02532,46.93121],[7.01851,46.92888],[7.01005,46.93263],[7.00924,46.93482],[7.00002,46.92988],[6.98764,46.9375],[6.95881,46.96723],[7.00243,46.98691],[7.02886,46.98177]]]}},{"type":"Feature","properties":{"name":"Cugy (VD)","cantonId":"vaud","municipalityId":"cugy-vd-5516"},"geometry":{"type":"Polygon","coordinates":[[[6.64124,46.59053],[6.65316,46.59445],[6.64645,46.59029],[6.65296,46.58705],[6.65692,46.57563],[6.651,46.57644],[6.64887,46.57293],[6.63976,46.56987],[6.6388,46.57481],[6.63365,46.57862],[6.6293,46.57891],[6.63575,46.58872],[6.64094,46.59022],[6.64124,46.59053]]]}},{"type":"Feature","properties":{"name":"Curtilles","cantonId":"vaud","municipalityId":"curtilles-5669"},"geometry":{"type":"Polygon","coordinates":[[[6.85347,46.69111],[6.84812,46.68993],[6.84022,46.6815],[6.83656,46.68697],[6.8287,46.69121],[6.83396,46.69591],[6.83967,46.69708],[6.83855,46.70263],[6.84377,46.7052],[6.84714,46.7037],[6.86061,46.7195],[6.86409,46.71998],[6.86573,46.71525],[6.87001,46.71388],[6.86594,46.70699],[6.86798,46.70584],[6.85814,46.6961],[6.85301,46.69782],[6.85349,46.6912],[6.85347,46.69111]]]}},{"type":"Feature","properties":{"name":"Daillens","cantonId":"vaud","municipalityId":"daillens-5480"},"geometry":{"type":"Polygon","coordinates":[[[6.53,46.62525],[6.53557,46.62855],[6.53388,46.62957],[6.54225,46.63661],[6.54275,46.63935],[6.54634,46.63814],[6.55035,46.64644],[6.55284,46.64702],[6.55799,46.6468],[6.55605,46.64005],[6.5618,46.63867],[6.56107,46.63568],[6.56713,46.63317],[6.56416,46.63185],[6.55776,46.62191],[6.56051,46.62191],[6.55919,46.61731],[6.55648,46.61416],[6.54912,46.61499],[6.55047,46.6127],[6.54854,46.61043],[6.54601,46.61172],[6.54746,46.61458],[6.54257,46.61615],[6.54353,46.61817],[6.53462,46.62049],[6.53,46.62522],[6.53,46.62525]]]}},{"type":"Feature","properties":{"name":"Démoret","cantonId":"vaud","municipalityId":"demoret-5912"},"geometry":{"type":"Polygon","coordinates":[[[6.77301,46.75137],[6.76827,46.74449],[6.75905,46.73748],[6.75265,46.73657],[6.7487,46.73181],[6.74094,46.74144],[6.74749,46.75061],[6.75483,46.75611],[6.75561,46.75937],[6.76272,46.7629],[6.77037,46.75658],[6.77642,46.75734],[6.77236,46.75344],[6.77294,46.75144],[6.77301,46.75137]]]}},{"type":"Feature","properties":{"name":"Denens","cantonId":"vaud","municipalityId":"denens-5631"},"geometry":{"type":"Polygon","coordinates":[[[6.44459,46.50889],[6.43938,46.51151],[6.44165,46.51254],[6.4387,46.51694],[6.4407,46.51956],[6.4364,46.52263],[6.45582,46.52718],[6.46794,46.52009],[6.46584,46.51812],[6.46848,46.51608],[6.4641,46.5124],[6.45448,46.50829],[6.45018,46.50996],[6.44468,46.50878],[6.44459,46.50889]]]}},{"type":"Feature","properties":{"name":"Denges","cantonId":"vaud","municipalityId":"denges-5632"},"geometry":{"type":"Polygon","coordinates":[[[6.54179,46.51366],[6.53309,46.51756],[6.53395,46.52228],[6.53042,46.52666],[6.53393,46.52751],[6.53032,46.52996],[6.53538,46.53153],[6.53973,46.52896],[6.54459,46.53113],[6.54813,46.52895],[6.54433,46.52478],[6.54619,46.52382],[6.54554,46.51937],[6.54282,46.51696],[6.54443,46.51494],[6.54187,46.51375],[6.54179,46.51366]]]}},{"type":"Feature","properties":{"name":"Dizy","cantonId":"vaud","municipalityId":"dizy-5481"},"geometry":{"type":"Polygon","coordinates":[[[6.50794,46.63615],[6.51225,46.63505],[6.51189,46.63141],[6.50072,46.63044],[6.49753,46.62465],[6.48379,46.62811],[6.48261,46.63332],[6.48048,46.6342],[6.48269,46.64011],[6.48538,46.64322],[6.48609,46.64142],[6.49622,46.64036],[6.49977,46.64372],[6.50486,46.64211],[6.50352,46.63954],[6.507,46.63941],[6.50603,46.63651],[6.50794,46.63615]]]}},{"type":"Feature","properties":{"name":"Dompierre (VD)","cantonId":"vaud","municipalityId":"dompierre-vd-5671"},"geometry":{"type":"Polygon","coordinates":[[[6.89231,46.70259],[6.87535,46.70562],[6.87303,46.70354],[6.86689,46.7041],[6.86798,46.70584],[6.86594,46.70699],[6.87001,46.71388],[6.86573,46.71525],[6.8684,46.7189],[6.87835,46.72143],[6.88786,46.71682],[6.88885,46.71348],[6.89269,46.71439],[6.89334,46.70996],[6.89809,46.70844],[6.89235,46.70263],[6.89231,46.70259]]]}},{"type":"Feature","properties":{"name":"Donneloye","cantonId":"vaud","municipalityId":"donneloye-5913"},"geometry":{"type":"Polygon","coordinates":[[[6.6971,46.73487],[6.69217,46.73661],[6.69406,46.73853],[6.68795,46.73922],[6.69826,46.74461],[6.70604,46.74429],[6.71095,46.74829],[6.71338,46.75069],[6.71254,46.75452],[6.72473,46.76489],[6.72357,46.77148],[6.7266,46.7731],[6.7353,46.77036],[6.73491,46.76687],[6.73687,46.76574],[6.73515,46.76373],[6.73696,46.76295],[6.73428,46.76097],[6.73763,46.75906],[6.73345,46.75749],[6.73675,46.75543],[6.73476,46.75383],[6.73843,46.75174],[6.73446,46.7489],[6.7391,46.74745],[6.73717,46.74239],[6.74177,46.74102],[6.74521,46.73602],[6.73951,46.7298],[6.7349,46.7293],[6.7342,46.72614],[6.72433,46.72911],[6.72502,46.73251],[6.71017,46.73914],[6.70653,46.73569],[6.69905,46.73692],[6.69724,46.73497],[6.6971,46.73487]]]}},{"type":"Feature","properties":{"name":"Duillier","cantonId":"vaud","municipalityId":"duillier-5715"},"geometry":{"type":"Polygon","coordinates":[[[6.21364,46.40642],[6.21967,46.41052],[6.2176,46.41185],[6.21931,46.41308],[6.21632,46.41329],[6.21879,46.41605],[6.21309,46.41794],[6.22341,46.42158],[6.2245,46.41641],[6.24571,46.41644],[6.24489,46.41425],[6.24715,46.41176],[6.24307,46.41089],[6.24457,46.40866],[6.23921,46.40347],[6.23659,46.39673],[6.23072,46.40046],[6.22823,46.39815],[6.22304,46.40173],[6.21566,46.40195],[6.21704,46.40336],[6.21457,46.40526],[6.21364,46.40642]]]}},{"type":"Feature","properties":{"name":"Dully","cantonId":"vaud","municipalityId":"dully-5855"},"geometry":{"type":"Polygon","coordinates":[[[6.32537,46.39855],[6.29174,46.42953],[6.28375,46.42802],[6.2789,46.42955],[6.2827,46.43321],[6.2881,46.43253],[6.28718,46.43467],[6.29024,46.43819],[6.29462,46.43583],[6.29907,46.43766],[6.30926,46.43232],[6.33519,46.40373],[6.33331,46.40273],[6.32537,46.39855]]]}},{"type":"Feature","properties":{"name":"Echallens","cantonId":"vaud","municipalityId":"echallens-5518"},"geometry":{"type":"Polygon","coordinates":[[[6.61313,46.64366],[6.61877,46.65019],[6.62303,46.64668],[6.62439,46.6487],[6.6308,46.6474],[6.63301,46.65071],[6.6378,46.64892],[6.63803,46.64648],[6.6401,46.65022],[6.64774,46.6464],[6.65348,46.64829],[6.65523,46.64634],[6.65811,46.64817],[6.66056,46.64665],[6.64984,46.63655],[6.65265,46.63277],[6.64764,46.62516],[6.63867,46.62866],[6.63339,46.62857],[6.63164,46.62633],[6.61446,46.62803],[6.62012,46.64039],[6.61312,46.64356],[6.61313,46.64366]]]}},{"type":"Feature","properties":{"name":"Echandens","cantonId":"vaud","municipalityId":"echandens-5633"},"geometry":{"type":"Polygon","coordinates":[[[6.53214,46.531],[6.52833,46.53431],[6.52451,46.5336],[6.5227,46.53754],[6.52443,46.53948],[6.52168,46.5394],[6.52572,46.54418],[6.52844,46.54422],[6.52812,46.54726],[6.53171,46.54742],[6.52998,46.54926],[6.53601,46.55209],[6.53944,46.55042],[6.54103,46.5519],[6.54468,46.54583],[6.55057,46.54461],[6.55031,46.53571],[6.5526,46.53473],[6.5519,46.53222],[6.54627,46.52963],[6.54459,46.53113],[6.53973,46.52896],[6.53483,46.53143],[6.53214,46.531]]]}},{"type":"Feature","properties":{"name":"Echichens","cantonId":"vaud","municipalityId":"echichens-5634"},"geometry":{"type":"Polygon","coordinates":[[[6.45562,46.54576],[6.45181,46.54989],[6.45192,46.55575],[6.44866,46.56021],[6.45169,46.55945],[6.45177,46.56227],[6.46113,46.56763],[6.46698,46.56505],[6.47286,46.56546],[6.47234,46.56296],[6.47672,46.56373],[6.4927,46.55402],[6.49459,46.56061],[6.49799,46.5602],[6.50003,46.55818],[6.49904,46.55533],[6.50563,46.55376],[6.5035,46.54981],[6.50677,46.54898],[6.50192,46.54241],[6.50722,46.53995],[6.50685,46.53424],[6.50403,46.53319],[6.50594,46.53046],[6.50468,46.52617],[6.50742,46.52307],[6.5056,46.52231],[6.50301,46.52377],[6.48273,46.52104],[6.47366,46.52974],[6.47438,46.53641],[6.47182,46.53772],[6.47363,46.54128],[6.47106,46.54477],[6.46623,46.54593],[6.46148,46.54374],[6.45637,46.54593],[6.45562,46.54576]]]}},{"type":"Feature","properties":{"name":"Eclépens","cantonId":"vaud","municipalityId":"eclepens-5482"},"geometry":{"type":"Polygon","coordinates":[[[6.55674,46.64732],[6.55035,46.64644],[6.54634,46.63814],[6.53288,46.64312],[6.53146,46.64016],[6.51966,46.64272],[6.52125,46.64949],[6.51895,46.64972],[6.52375,46.65608],[6.53097,46.65347],[6.53021,46.65564],[6.55623,46.66104],[6.55778,46.66455],[6.563,46.66627],[6.57048,46.6622],[6.56576,46.65975],[6.56369,46.65412],[6.55649,46.65145],[6.55651,46.64733],[6.55674,46.64732]]]}},{"type":"Feature","properties":{"name":"Ecublens (VD)","cantonId":"vaud","municipalityId":"ecublens-vd-5635"},"geometry":{"type":"Polygon","coordinates":[[[6.55081,46.54156],[6.55364,46.5392],[6.55484,46.54105],[6.55721,46.53968],[6.56004,46.54255],[6.56571,46.54359],[6.57557,46.53973],[6.57734,46.53855],[6.57631,46.53615],[6.57155,46.53499],[6.56638,46.52771],[6.56665,46.52403],[6.57036,46.52194],[6.58208,46.52507],[6.58423,46.52077],[6.55776,46.51413],[6.54187,46.51375],[6.54446,46.51502],[6.54282,46.51696],[6.54619,46.52382],[6.54431,46.52473],[6.54813,46.52895],[6.54605,46.52943],[6.55199,46.53238],[6.5508,46.54153],[6.55081,46.54156]]]}},{"type":"Feature","properties":{"name":"Epalinges","cantonId":"vaud","municipalityId":"epalinges-5584"},"geometry":{"type":"Polygon","coordinates":[[[6.6468,46.54676],[6.65573,46.54748],[6.66094,46.56239],[6.66906,46.56679],[6.67377,46.56542],[6.66894,46.56215],[6.67331,46.55841],[6.67825,46.55581],[6.68575,46.55597],[6.68481,46.54905],[6.678,46.54447],[6.67425,46.53799],[6.65567,46.5419],[6.64697,46.5464],[6.6468,46.54676]]]}},{"type":"Feature","properties":{"name":"Ependes (VD)","cantonId":"vaud","municipalityId":"ependes-vd-5914"},"geometry":{"type":"Polygon","coordinates":[[[6.58184,46.74402],[6.59947,46.74827],[6.59699,46.7535],[6.60775,46.76022],[6.6164,46.75149],[6.62264,46.74867],[6.6136,46.74247],[6.61598,46.73849],[6.6123,46.73573],[6.61492,46.73394],[6.61272,46.73219],[6.59775,46.73556],[6.59635,46.73817],[6.59166,46.73554],[6.58858,46.73667],[6.57753,46.74198],[6.58147,46.7439],[6.58184,46.74402]]]}},{"type":"Feature","properties":{"name":"Essertines-sur-Rolle","cantonId":"vaud","municipalityId":"essertines-sur-rolle-5856"},"geometry":{"type":"Polygon","coordinates":[[[6.32426,46.46326],[6.31793,46.46511],[6.31267,46.47442],[6.30615,46.47995],[6.28279,46.47901],[6.27971,46.48201],[6.28017,46.48442],[6.2857,46.48736],[6.29056,46.48754],[6.2949,46.49099],[6.30255,46.48762],[6.31229,46.49187],[6.30795,46.49395],[6.30873,46.49539],[6.31665,46.49909],[6.33083,46.49902],[6.33206,46.49735],[6.32734,46.49545],[6.32939,46.49259],[6.33643,46.49115],[6.33416,46.48912],[6.33132,46.49011],[6.32981,46.48867],[6.33169,46.48601],[6.32844,46.48496],[6.32966,46.48333],[6.32565,46.48286],[6.32684,46.48092],[6.32409,46.47748],[6.3279,46.46674],[6.3243,46.46328],[6.32426,46.46326]]]}},{"type":"Feature","properties":{"name":"Essertines-sur-Yverdon","cantonId":"vaud","municipalityId":"essertines-sur-yverdon-5520"},"geometry":{"type":"Polygon","coordinates":[[[6.65893,46.70108],[6.65318,46.70336],[6.64668,46.70108],[6.64398,46.70463],[6.64256,46.70085],[6.6372,46.70482],[6.63546,46.70086],[6.62617,46.69895],[6.61967,46.70163],[6.62209,46.70614],[6.61851,46.70617],[6.62194,46.7094],[6.62286,46.71389],[6.63019,46.71403],[6.63567,46.72033],[6.63502,46.73232],[6.63661,46.73294],[6.63695,46.74047],[6.64139,46.74342],[6.64632,46.74204],[6.65023,46.73587],[6.65747,46.73104],[6.65707,46.72834],[6.66838,46.72077],[6.66534,46.71659],[6.66707,46.71619],[6.66654,46.71312],[6.66215,46.71074],[6.65912,46.70185],[6.65893,46.70108]]]}},{"type":"Feature","properties":{"name":"Etagnières","cantonId":"vaud","municipalityId":"etagnieres-5521"},"geometry":{"type":"Polygon","coordinates":[[[6.59447,46.5965],[6.59645,46.59902],[6.59668,46.60387],[6.59386,46.60568],[6.59568,46.6109],[6.61182,46.61106],[6.61349,46.61049],[6.61236,46.60869],[6.62638,46.60341],[6.62091,46.59559],[6.61757,46.59592],[6.61394,46.59088],[6.60264,46.5921],[6.59456,46.5965],[6.59447,46.5965]]]}},{"type":"Feature","properties":{"name":"Etoy","cantonId":"vaud","municipalityId":"etoy-5636"},"geometry":{"type":"Polygon","coordinates":[[[6.4283,46.47455],[6.42955,46.47209],[6.42523,46.47162],[6.40614,46.47372],[6.40836,46.47481],[6.40665,46.47573],[6.4074,46.48015],[6.40366,46.48274],[6.41027,46.48598],[6.41013,46.4911],[6.42446,46.49627],[6.42461,46.49837],[6.43017,46.49495],[6.43572,46.49671],[6.43765,46.49447],[6.43585,46.49326],[6.43949,46.48982],[6.43379,46.4874],[6.435,46.48625],[6.43265,46.48506],[6.4357,46.48217],[6.42819,46.47493],[6.4283,46.47455]]]}},{"type":"Feature","properties":{"name":"Eysins","cantonId":"vaud","municipalityId":"eysins-5716"},"geometry":{"type":"Polygon","coordinates":[[[6.21428,46.37305],[6.20807,46.37391],[6.20744,46.37022],[6.2022,46.37184],[6.20455,46.37643],[6.20105,46.37829],[6.19566,46.37722],[6.18786,46.38468],[6.19034,46.38611],[6.19377,46.38346],[6.19911,46.38874],[6.20456,46.38662],[6.20649,46.39036],[6.21239,46.38611],[6.2137,46.3874],[6.21722,46.3854],[6.21317,46.38217],[6.21297,46.37905],[6.22286,46.37968],[6.21377,46.37715],[6.2143,46.37311],[6.21428,46.37305]]]}},{"type":"Feature","properties":{"name":"Faoug","cantonId":"vaud","municipalityId":"faoug-5458"},"geometry":{"type":"Polygon","coordinates":[[[7.07439,46.89529],[7.06054,46.8947],[7.05421,46.9056],[7.07218,46.92471],[7.09341,46.90579],[7.08624,46.90192],[7.08885,46.89972],[7.0871,46.8971],[7.07441,46.89528],[7.07439,46.89529]]]}},{"type":"Feature","properties":{"name":"Féchy","cantonId":"vaud","municipalityId":"fechy-5427"},"geometry":{"type":"Polygon","coordinates":[[[6.37806,46.46655],[6.3711,46.46879],[6.36759,46.47741],[6.36349,46.47663],[6.36054,46.48223],[6.36301,46.48768],[6.36118,46.4892],[6.36493,46.49195],[6.372,46.48526],[6.38429,46.47972],[6.38728,46.47461],[6.38347,46.47419],[6.38437,46.47226],[6.37921,46.46966],[6.37809,46.46669],[6.37806,46.46655]]]}},{"type":"Feature","properties":{"name":"Ferreyres","cantonId":"vaud","municipalityId":"ferreyres-5483"},"geometry":{"type":"Polygon","coordinates":[[[6.47486,46.66843],[6.48378,46.66197],[6.48897,46.66454],[6.50203,46.65863],[6.49987,46.6556],[6.48746,46.65625],[6.4816,46.65428],[6.47406,46.64892],[6.47608,46.6541],[6.47392,46.65563],[6.47109,46.6539],[6.46251,46.66015],[6.46578,46.6658],[6.46429,46.67083],[6.47242,46.66871],[6.47486,46.66843]]]}},{"type":"Feature","properties":{"name":"Fey","cantonId":"vaud","municipalityId":"fey-5522"},"geometry":{"type":"Polygon","coordinates":[[[6.68414,46.69049],[6.70457,46.67388],[6.68883,46.66291],[6.68691,46.65796],[6.6838,46.65752],[6.67321,46.66329],[6.6667,46.66283],[6.66729,46.66043],[6.66205,46.65708],[6.65719,46.65887],[6.65664,46.66317],[6.66852,46.67582],[6.66511,46.6764],[6.66909,46.68219],[6.66825,46.68528],[6.68412,46.69045],[6.68414,46.69049]]]}},{"type":"Feature","properties":{"name":"Fiez","cantonId":"vaud","municipalityId":"fiez-5556"},"geometry":{"type":"MultiPolygon","coordinates":[[[[6.52754,46.85872],[6.53777,46.86686],[6.55202,46.87303],[6.56285,46.87554],[6.57645,46.87237],[6.57802,46.87093],[6.54974,46.85515],[6.54789,46.85641],[6.53901,46.85249],[6.5357,46.8544],[6.52754,46.85872]]],[[[6.60856,46.82488],[6.61391,46.829],[6.63184,46.8347],[6.63835,46.83475],[6.64237,46.82683],[6.63073,46.82178],[6.6169,46.8211],[6.60868,46.82482],[6.60856,46.82488]]]]}},{"type":"Feature","properties":{"name":"Fontaines-sur-Grandson","cantonId":"vaud","municipalityId":"fontaines-sur-grandson-5557"},"geometry":{"type":"Polygon","coordinates":[[[6.60357,46.83384],[6.61658,46.8367],[6.61418,46.83958],[6.61583,46.84085],[6.61334,46.84287],[6.60817,46.84195],[6.60155,46.8491],[6.59456,46.85288],[6.59051,46.85944],[6.58288,46.86278],[6.58139,46.86485],[6.5837,46.8667],[6.57896,46.87144],[6.56285,46.87554],[6.58717,46.88418],[6.59064,46.87751],[6.58895,46.87689],[6.60151,46.87253],[6.60471,46.8691],[6.59728,46.86462],[6.59594,46.86051],[6.59916,46.85777],[6.60416,46.85773],[6.60446,46.85297],[6.60866,46.85041],[6.60708,46.84827],[6.61671,46.85092],[6.62026,46.83974],[6.63641,46.83957],[6.63937,46.83596],[6.61391,46.829],[6.60856,46.82488],[6.60463,46.82463],[6.60472,46.8313],[6.60357,46.83384]]]}},{"type":"Feature","properties":{"name":"Forel (Lavaux)","cantonId":"vaud","municipalityId":"forel-lavaux-5604"},"geometry":{"type":"Polygon","coordinates":[[[6.75574,46.50568],[6.74084,46.51099],[6.72374,46.5217],[6.74541,46.53456],[6.74811,46.54175],[6.75339,46.54498],[6.7513,46.54571],[6.75374,46.54706],[6.75035,46.55098],[6.75566,46.55543],[6.75034,46.55801],[6.74969,46.56042],[6.74233,46.5617],[6.74207,46.56458],[6.74846,46.56822],[6.75802,46.56312],[6.76023,46.5662],[6.79066,46.55606],[6.78967,46.55448],[6.79395,46.55158],[6.80324,46.54807],[6.78489,46.53287],[6.78039,46.52603],[6.76271,46.52016],[6.75584,46.50584],[6.75574,46.50568]]]}},{"type":"Feature","properties":{"name":"Founex","cantonId":"vaud","municipalityId":"founex-5717"},"geometry":{"type":"Polygon","coordinates":[[[6.16222,46.33501],[6.1662,46.33843],[6.16458,46.33957],[6.16677,46.3431],[6.17129,46.34058],[6.17452,46.34693],[6.18167,46.3437],[6.18561,46.34699],[6.20356,46.33884],[6.23231,46.33045],[6.22356,46.31774],[6.19671,46.3268],[6.18012,46.33049],[6.17884,46.32899],[6.17429,46.33198],[6.17077,46.32938],[6.16499,46.3334],[6.16222,46.33501]]]}},{"type":"Feature","properties":{"name":"Froideville","cantonId":"vaud","municipalityId":"froideville-5523"},"geometry":{"type":"Polygon","coordinates":[[[6.70641,46.58135],[6.70023,46.58111],[6.68202,46.59162],[6.6806,46.59637],[6.67336,46.59449],[6.6726,46.59784],[6.66831,46.59718],[6.66608,46.60183],[6.67429,46.61004],[6.67957,46.61228],[6.68747,46.60861],[6.69479,46.6112],[6.7011,46.609],[6.71204,46.60018],[6.70723,46.58438],[6.70641,46.58135]]]}},{"type":"Feature","properties":{"name":"Genolier","cantonId":"vaud","municipalityId":"genolier-5718"},"geometry":{"type":"Polygon","coordinates":[[[6.24159,46.4331],[6.2377,46.4341],[6.2382,46.4313],[6.23287,46.42868],[6.22381,46.42744],[6.2254,46.4228],[6.2237,46.42146],[6.21923,46.42645],[6.2106,46.42839],[6.21137,46.43054],[6.20771,46.43255],[6.20554,46.43137],[6.19817,46.43899],[6.20399,46.4413],[6.20859,46.44666],[6.21989,46.44728],[6.21997,46.44157],[6.23196,46.44388],[6.23854,46.44095],[6.24156,46.4332],[6.24159,46.4331]]]}},{"type":"Feature","properties":{"name":"Giez","cantonId":"vaud","municipalityId":"giez-5559"},"geometry":{"type":"Polygon","coordinates":[[[6.59483,46.82515],[6.608,46.82507],[6.6169,46.8211],[6.63079,46.82057],[6.62401,46.81571],[6.62544,46.80903],[6.62795,46.80754],[6.62378,46.80787],[6.61645,46.80182],[6.61524,46.80512],[6.60891,46.80354],[6.60779,46.80721],[6.59779,46.80473],[6.59719,46.80702],[6.59438,46.80734],[6.5966,46.80911],[6.59517,46.8144],[6.59818,46.81574],[6.59499,46.81613],[6.59154,46.82027],[6.59549,46.82154],[6.59498,46.82477],[6.59483,46.82515]]]}},{"type":"Feature","properties":{"name":"Gilly","cantonId":"vaud","municipalityId":"gilly-5857"},"geometry":{"type":"Polygon","coordinates":[[[6.29885,46.44498],[6.27905,46.46988],[6.28379,46.47113],[6.28218,46.47717],[6.28376,46.47989],[6.30348,46.47906],[6.30414,46.47353],[6.30959,46.46938],[6.3075,46.4682],[6.30883,46.46415],[6.31474,46.46374],[6.32294,46.45799],[6.31995,46.45575],[6.3245,46.45226],[6.32242,46.45099],[6.32471,46.44931],[6.3183,46.44555],[6.31582,46.44754],[6.3077,46.44597],[6.30571,46.44789],[6.29893,46.44496],[6.29885,46.44498]]]}},{"type":"Feature","properties":{"name":"Gimel","cantonId":"vaud","municipalityId":"gimel-5428"},"geometry":{"type":"Polygon","coordinates":[[[6.31665,46.49909],[6.31088,46.5025],[6.29927,46.50206],[6.29654,46.50375],[6.29151,46.50267],[6.289,46.49576],[6.28335,46.49847],[6.27926,46.50111],[6.28262,46.50383],[6.27467,46.50762],[6.28578,46.51229],[6.28503,46.51728],[6.27629,46.51968],[6.28237,46.52724],[6.27502,46.53296],[6.26908,46.53369],[6.26629,46.53749],[6.25666,46.5386],[6.24666,46.54419],[6.23857,46.54414],[6.25533,46.55657],[6.26453,46.55999],[6.27406,46.55235],[6.28485,46.55142],[6.28894,46.54516],[6.29635,46.54135],[6.30041,46.53532],[6.31368,46.53398],[6.3074,46.52869],[6.315,46.5179],[6.33858,46.50345],[6.32858,46.49773],[6.31666,46.49909],[6.31665,46.49909]]]}},{"type":"Feature","properties":{"name":"Gingins","cantonId":"vaud","municipalityId":"gingins-5719"},"geometry":{"type":"Polygon","coordinates":[[[6.07456,46.43219],[6.08768,46.44049],[6.08836,46.44308],[6.09767,46.44747],[6.11467,46.43894],[6.14148,46.43575],[6.16824,46.42425],[6.18132,46.4217],[6.1968,46.4079],[6.19215,46.40342],[6.17013,46.40367],[6.15802,46.41996],[6.15045,46.42088],[6.14036,46.42621],[6.12759,46.42597],[6.11284,46.42993],[6.10554,46.43484],[6.09929,46.42495],[6.09549,46.4263],[6.0973,46.42855],[6.0911,46.43147],[6.08416,46.428],[6.07463,46.43216],[6.07456,46.43219]]]}},{"type":"Feature","properties":{"name":"Givrins","cantonId":"vaud","municipalityId":"givrins-5720"},"geometry":{"type":"Polygon","coordinates":[[[6.17761,46.43798],[6.17517,46.44157],[6.16615,46.44478],[6.16812,46.44661],[6.17595,46.44517],[6.1811,46.44829],[6.18333,46.44739],[6.19002,46.43727],[6.19864,46.43873],[6.20554,46.43137],[6.20771,46.43255],[6.21137,46.43054],[6.2106,46.42839],[6.22082,46.42508],[6.22341,46.42158],[6.21407,46.41808],[6.19945,46.4276],[6.18704,46.43078],[6.17764,46.43799],[6.17761,46.43798]]]}},{"type":"Feature","properties":{"name":"Gland","cantonId":"vaud","municipalityId":"gland-5721"},"geometry":{"type":"Polygon","coordinates":[[[6.32537,46.39855],[6.29295,46.3815],[6.27214,46.40119],[6.27041,46.40381],[6.27184,46.40497],[6.25552,46.41319],[6.25902,46.41616],[6.25479,46.42303],[6.25727,46.42901],[6.25275,46.4339],[6.26601,46.43929],[6.2695,46.43922],[6.27564,46.43053],[6.28375,46.42802],[6.29103,46.42993],[6.2969,46.42445],[6.32537,46.39855]]]}},{"type":"Feature","properties":{"name":"Gollion","cantonId":"vaud","municipalityId":"gollion-5484"},"geometry":{"type":"Polygon","coordinates":[[[6.52266,46.59875],[6.52977,46.59901],[6.52831,46.59634],[6.52986,46.59183],[6.52481,46.5888],[6.52485,46.5853],[6.52805,46.58322],[6.52556,46.58151],[6.52822,46.57912],[6.52742,46.57694],[6.52341,46.57543],[6.52066,46.57825],[6.51425,46.57407],[6.50761,46.57754],[6.49727,46.57386],[6.4956,46.57477],[6.49705,46.57827],[6.49486,46.58065],[6.49403,46.59164],[6.50475,46.59472],[6.51169,46.59314],[6.51175,46.59477],[6.52234,46.5988],[6.52266,46.59875]]]}},{"type":"Feature","properties":{"name":"Goumoëns","cantonId":"vaud","municipalityId":"goumoens-5541"},"geometry":{"type":"Polygon","coordinates":[[[6.61313,46.64366],[6.60275,46.64522],[6.60056,46.64276],[6.59467,46.64222],[6.5931,46.63837],[6.58502,46.63848],[6.58762,46.64272],[6.58461,46.64559],[6.58786,46.64962],[6.58558,46.65166],[6.58755,46.65284],[6.58352,46.65493],[6.58333,46.65944],[6.57961,46.66196],[6.58015,46.66395],[6.5828,46.66363],[6.58251,46.66823],[6.58763,46.67354],[6.58616,46.67967],[6.59372,46.67225],[6.6054,46.6703],[6.60554,46.67277],[6.61814,46.67472],[6.62193,46.67073],[6.62415,46.67167],[6.62599,46.66922],[6.63326,46.66782],[6.63183,46.6644],[6.62301,46.65945],[6.62922,46.65817],[6.62309,46.64669],[6.61877,46.65019],[6.61317,46.64378],[6.61313,46.64366]]]}},{"type":"Feature","properties":{"name":"Grancy","cantonId":"vaud","municipalityId":"grancy-5485"},"geometry":{"type":"Polygon","coordinates":[[[6.46109,46.6074],[6.46463,46.60908],[6.46455,46.60679],[6.46873,46.60616],[6.47268,46.59964],[6.47627,46.60006],[6.47522,46.59724],[6.47831,46.59621],[6.47533,46.59489],[6.47827,46.59056],[6.47744,46.58697],[6.47285,46.58651],[6.4733,46.58345],[6.46994,46.58151],[6.45545,46.58077],[6.45116,46.58137],[6.44919,46.5883],[6.44548,46.5879],[6.44231,46.59913],[6.44532,46.59809],[6.44834,46.60265],[6.45113,46.60154],[6.456,46.60676],[6.46097,46.60729],[6.46109,46.6074]]]}},{"type":"Feature","properties":{"name":"Grandcour","cantonId":"vaud","municipalityId":"grandcour-5817"},"geometry":{"type":"Polygon","coordinates":[[[6.92994,46.8539],[6.91288,46.86594],[6.89647,46.86124],[6.89188,46.86496],[6.90953,46.86951],[6.91177,46.86715],[6.92101,46.87133],[6.9108,46.88063],[6.91792,46.88415],[6.92592,46.89267],[6.93314,46.89255],[6.93601,46.88879],[6.93837,46.88997],[6.9419,46.88413],[6.95171,46.87762],[6.95109,46.87481],[6.95396,46.87539],[6.95791,46.87079],[6.96023,46.87145],[6.96489,46.86539],[6.94028,46.85954],[6.93128,46.85454],[6.92994,46.8539]]]}},{"type":"Feature","properties":{"name":"Grandevent","cantonId":"vaud","municipalityId":"grandevent-5560"},"geometry":{"type":"Polygon","coordinates":[[[6.60357,46.83384],[6.5979,46.83349],[6.58958,46.84118],[6.59386,46.84452],[6.58433,46.84787],[6.58922,46.85218],[6.58794,46.85365],[6.5826,46.85719],[6.57877,46.85568],[6.57773,46.85708],[6.57703,46.85931],[6.58007,46.8609],[6.58139,46.86485],[6.58646,46.86012],[6.59051,46.85944],[6.59419,46.8532],[6.60155,46.8491],[6.60817,46.84195],[6.61334,46.84287],[6.61583,46.84085],[6.61418,46.83958],[6.61658,46.8367],[6.60556,46.83429],[6.60357,46.83384]]]}},{"type":"Feature","properties":{"name":"Grandson","cantonId":"vaud","municipalityId":"grandson-5561"},"geometry":{"type":"Polygon","coordinates":[[[6.66858,46.82768],[6.67217,46.82972],[6.67718,46.82844],[6.69293,46.81383],[6.65393,46.79758],[6.63027,46.79398],[6.6211,46.79484],[6.61958,46.80536],[6.62795,46.80754],[6.62544,46.80903],[6.62401,46.81571],[6.63079,46.82057],[6.62563,46.82173],[6.64806,46.82822],[6.66271,46.82463],[6.66896,46.82521],[6.66854,46.82765],[6.66858,46.82768]]]}},{"type":"Feature","properties":{"name":"Grens","cantonId":"vaud","municipalityId":"grens-5722"},"geometry":{"type":"Polygon","coordinates":[[[6.20568,46.40301],[6.20509,46.39973],[6.20221,46.39952],[6.19486,46.39093],[6.18523,46.38514],[6.17594,46.38858],[6.18688,46.39693],[6.1842,46.39867],[6.18699,46.4004],[6.18371,46.40254],[6.19215,46.40342],[6.19677,46.40794],[6.20126,46.40453],[6.20434,46.40567],[6.20568,46.40301]]]}},{"type":"Feature","properties":{"name":"Gryon","cantonId":"vaud","municipalityId":"gryon-5405"},"geometry":{"type":"Polygon","coordinates":[[[7.15138,46.30272],[7.12263,46.29405],[7.12119,46.28376],[7.0809,46.27632],[7.07508,46.26839],[7.05742,46.26617],[7.05685,46.27029],[7.05239,46.27202],[7.05536,46.27843],[7.05885,46.27978],[7.05906,46.28295],[7.07108,46.28628],[7.0729,46.29086],[7.09496,46.30606],[7.11595,46.31035],[7.13939,46.30764],[7.14989,46.30378],[7.15138,46.30272]]]}},{"type":"Feature","properties":{"name":"Hautemorges","cantonId":"vaud","municipalityId":"hautemorges-5656"},"geometry":{"type":"Polygon","coordinates":[[[6.45691,46.53451],[6.45219,46.52986],[6.45582,46.52718],[6.4428,46.52274],[6.44066,46.52429],[6.43538,46.52288],[6.42284,46.52918],[6.42033,46.53509],[6.40052,46.5394],[6.40329,46.54932],[6.39022,46.55429],[6.3943,46.5686],[6.39275,46.57157],[6.38719,46.57404],[6.38747,46.57986],[6.3968,46.58185],[6.40366,46.58716],[6.40413,46.59219],[6.40844,46.59568],[6.40815,46.59994],[6.41008,46.60133],[6.41463,46.599],[6.43049,46.60861],[6.44165,46.6008],[6.44548,46.5879],[6.44919,46.5883],[6.45116,46.58137],[6.46232,46.58081],[6.46216,46.57495],[6.46005,46.57431],[6.46327,46.56892],[6.45177,46.56227],[6.45169,46.55945],[6.44616,46.55905],[6.44634,46.55211],[6.443,46.54963],[6.4472,46.54621],[6.44639,46.54107],[6.45003,46.53969],[6.44818,46.53782],[6.45526,46.53791],[6.45689,46.53455],[6.45691,46.53451]]]}},{"type":"Feature","properties":{"name":"Henniez","cantonId":"vaud","municipalityId":"henniez-5819"},"geometry":{"type":"Polygon","coordinates":[[[6.88209,46.74981],[6.88613,46.75381],[6.89183,46.7503],[6.89299,46.75161],[6.89758,46.74763],[6.89547,46.74378],[6.90015,46.74288],[6.89677,46.73771],[6.89349,46.73618],[6.88908,46.73762],[6.88793,46.74065],[6.88192,46.74103],[6.87081,46.73069],[6.86616,46.73302],[6.87845,46.74602],[6.88209,46.74981]]]}},{"type":"Feature","properties":{"name":"Hermenches","cantonId":"vaud","municipalityId":"hermenches-5673"},"geometry":{"type":"Polygon","coordinates":[[[6.76128,46.631],[6.75358,46.62921],[6.75474,46.62703],[6.75065,46.62383],[6.74065,46.62247],[6.73843,46.62371],[6.73818,46.63233],[6.74139,46.63538],[6.74084,46.63963],[6.74416,46.63982],[6.75374,46.64939],[6.75887,46.64949],[6.76167,46.65211],[6.76897,46.64999],[6.77249,46.6483],[6.76938,46.64318],[6.77065,46.64132],[6.76689,46.63809],[6.76687,46.63414],[6.76137,46.6311],[6.76128,46.631]]]}},{"type":"Feature","properties":{"name":"Jongny","cantonId":"vaud","municipalityId":"jongny-5885"},"geometry":{"type":"Polygon","coordinates":[[[6.84019,46.47515],[6.83878,46.47841],[6.8425,46.48305],[6.83996,46.48763],[6.84211,46.49023],[6.83255,46.50511],[6.84774,46.4937],[6.8583,46.49325],[6.85769,46.48895],[6.85033,46.47901],[6.84039,46.47517],[6.84019,46.47515]]]}},{"type":"Feature","properties":{"name":"Jorat-Menthue","cantonId":"vaud","municipalityId":"jorat-menthue-5804"},"geometry":{"type":"Polygon","coordinates":[[[6.70877,46.65322],[6.71238,46.65211],[6.71419,46.65607],[6.71745,46.657],[6.71558,46.65895],[6.72251,46.66299],[6.74479,46.66136],[6.7508,46.6575],[6.75893,46.65659],[6.76162,46.65121],[6.75291,46.64896],[6.74416,46.63982],[6.74084,46.63963],[6.74139,46.63538],[6.73818,46.63233],[6.73843,46.62371],[6.73352,46.61726],[6.7285,46.61286],[6.71588,46.60748],[6.71384,46.59798],[6.7047,46.60454],[6.70693,46.61019],[6.70139,46.6147],[6.70016,46.61937],[6.70212,46.62214],[6.69957,46.62536],[6.69863,46.63467],[6.70575,46.64007],[6.70798,46.64603],[6.70415,46.64931],[6.7087,46.65315],[6.70877,46.65322]]]}},{"type":"Feature","properties":{"name":"Jorat-Mézières","cantonId":"vaud","municipalityId":"jorat-mezieres-5806"},"geometry":{"type":"Polygon","coordinates":[[[6.74967,46.59132],[6.75296,46.59654],[6.75914,46.59961],[6.75906,46.60436],[6.7672,46.61948],[6.78304,46.61442],[6.78428,46.60922],[6.78172,46.60603],[6.78804,46.60537],[6.78708,46.60097],[6.79833,46.59987],[6.80123,46.59251],[6.79921,46.58356],[6.7955,46.58347],[6.79372,46.58039],[6.78546,46.58503],[6.77534,46.58573],[6.77498,46.57784],[6.76867,46.57433],[6.765,46.57841],[6.74884,46.58005],[6.75094,46.58737],[6.74966,46.59129],[6.74967,46.59132]]]}},{"type":"Feature","properties":{"name":"Jouxtens-Mézery","cantonId":"vaud","municipalityId":"jouxtens-mezery-5585"},"geometry":{"type":"Polygon","coordinates":[[[6.58898,46.54551],[6.58631,46.55185],[6.59487,46.56244],[6.5985,46.56286],[6.59798,46.55853],[6.60301,46.55576],[6.60253,46.5525],[6.60456,46.55278],[6.60285,46.54675],[6.60484,46.54551],[6.59823,46.5426],[6.59139,46.54623],[6.58915,46.54538],[6.58898,46.54551]]]}},{"type":"Feature","properties":{"name":"Juriens","cantonId":"vaud","municipalityId":"juriens-5754"},"geometry":{"type":"Polygon","coordinates":[[[6.44348,46.66183],[6.44105,46.66686],[6.44343,46.66933],[6.44054,46.66965],[6.44274,46.67173],[6.43955,46.67504],[6.42327,46.68078],[6.39034,46.67114],[6.39303,46.67789],[6.39753,46.68185],[6.39588,46.68262],[6.39675,46.68483],[6.40129,46.68964],[6.41633,46.69067],[6.42593,46.69344],[6.42615,46.69617],[6.43587,46.69313],[6.44027,46.69487],[6.45216,46.69402],[6.4565,46.6915],[6.45487,46.68942],[6.45704,46.68363],[6.45905,46.68592],[6.46323,46.68375],[6.46227,46.68149],[6.45662,46.68001],[6.4611,46.681],[6.46047,46.67929],[6.46316,46.67804],[6.46174,46.67502],[6.45715,46.67742],[6.44824,46.67071],[6.44644,46.66205],[6.44461,46.66193],[6.44348,46.66183]]]}},{"type":"Feature","properties":{"name":"La Chaux (Cossonay)","cantonId":"vaud","municipalityId":"la-chaux-cossonay-5474"},"geometry":{"type":"Polygon","coordinates":[[[6.48675,46.62686],[6.4817,46.61889],[6.48391,46.61809],[6.48234,46.61435],[6.48616,46.61274],[6.48426,46.60835],[6.47519,46.61026],[6.47373,46.60744],[6.45821,46.60854],[6.45682,46.61286],[6.45888,46.61305],[6.46028,46.61767],[6.45048,46.62151],[6.45551,46.63212],[6.44698,46.63543],[6.44865,46.63803],[6.45411,46.64066],[6.45573,46.63492],[6.46,46.63694],[6.46684,46.63422],[6.46872,46.63567],[6.47602,46.63036],[6.47675,46.63379],[6.48045,46.63502],[6.48379,46.62811],[6.48645,46.627],[6.48675,46.62686]]]}},{"type":"Feature","properties":{"name":"La Praz","cantonId":"vaud","municipalityId":"la-praz-5758"},"geometry":{"type":"Polygon","coordinates":[[[6.44348,46.66183],[6.43467,46.65691],[6.39746,46.67215],[6.42327,46.68078],[6.43955,46.67504],[6.44274,46.67173],[6.44054,46.66965],[6.44343,46.66933],[6.44105,46.66686],[6.4428,46.66238],[6.44348,46.66183]]]}},{"type":"Feature","properties":{"name":"La Rippe","cantonId":"vaud","municipalityId":"la-rippe-5726"},"geometry":{"type":"Polygon","coordinates":[[[6.07456,46.43219],[6.08416,46.428],[6.0911,46.43147],[6.0973,46.42855],[6.09549,46.4263],[6.09723,46.42546],[6.11301,46.42449],[6.13087,46.41378],[6.13253,46.40891],[6.14617,46.40179],[6.14968,46.3976],[6.15672,46.40004],[6.15827,46.39638],[6.16998,46.38891],[6.1653,46.38694],[6.16174,46.38872],[6.15702,46.37774],[6.14966,46.37754],[6.13469,46.38872],[6.11297,46.39996],[6.11381,46.39684],[6.10567,46.39943],[6.09762,46.40905],[6.06385,46.41641],[6.07388,46.42838],[6.07456,46.43219]]]}},{"type":"Feature","properties":{"name":"La Sarraz","cantonId":"vaud","municipalityId":"la-sarraz-5498"},"geometry":{"type":"Polygon","coordinates":[[[6.47486,46.66843],[6.47975,46.67294],[6.48485,46.67368],[6.51045,46.66206],[6.51518,46.66348],[6.52898,46.65944],[6.53906,46.65901],[6.5371,46.65577],[6.53021,46.65564],[6.53097,46.65347],[6.52388,46.65608],[6.52083,46.654],[6.51737,46.6365],[6.50603,46.63651],[6.507,46.63941],[6.50352,46.63954],[6.50486,46.64211],[6.49977,46.64372],[6.49622,46.64036],[6.48609,46.64142],[6.48528,46.64461],[6.49458,46.65059],[6.49376,46.65573],[6.49987,46.6556],[6.50203,46.65863],[6.48897,46.66454],[6.48378,46.66197],[6.47404,46.66784],[6.47486,46.66843]]]}},{"type":"Feature","properties":{"name":"La Tour-de-Peilz","cantonId":"vaud","municipalityId":"la-tour-de-peilz-5889"},"geometry":{"type":"Polygon","coordinates":[[[6.85932,46.41597],[6.83215,46.42392],[6.85181,46.45604],[6.86204,46.46008],[6.86409,46.46396],[6.8703,46.46246],[6.87613,46.46385],[6.88146,46.45528],[6.88536,46.45378],[6.87748,46.4456],[6.85932,46.41597]]]}},{"type":"Feature","properties":{"name":"L'Abbaye","cantonId":"vaud","municipalityId":"labbaye-5871"},"geometry":{"type":"Polygon","coordinates":[[[6.35008,46.66887],[6.34788,46.66339],[6.34981,46.64855],[6.34649,46.64191],[6.34905,46.63429],[6.34634,46.63534],[6.33623,46.6305],[6.32571,46.61885],[6.33399,46.61654],[6.29703,46.59316],[6.30162,46.58951],[6.29886,46.58595],[6.29325,46.58782],[6.29007,46.59194],[6.28965,46.58794],[6.2715,46.59776],[6.27114,46.60114],[6.25096,46.61778],[6.26163,46.62562],[6.30842,46.65049],[6.32764,46.66521],[6.32027,46.66958],[6.33342,46.68351],[6.3369,46.68528],[6.35051,46.68401],[6.34999,46.66967],[6.35008,46.66887]]]}},{"type":"Feature","properties":{"name":"L'Abergement","cantonId":"vaud","municipalityId":"labergement-5741"},"geometry":{"type":"Polygon","coordinates":[[[6.49969,46.75893],[6.49463,46.75229],[6.49579,46.74918],[6.49173,46.74361],[6.48541,46.74628],[6.47448,46.74535],[6.47501,46.74862],[6.46363,46.75683],[6.45292,46.76133],[6.44636,46.76144],[6.43912,46.76711],[6.44889,46.77327],[6.45225,46.77422],[6.45444,46.76759],[6.45211,46.7649],[6.45343,46.76339],[6.46748,46.76702],[6.4737,46.76127],[6.48171,46.76538],[6.49838,46.75933],[6.49969,46.75893]]]}},{"type":"Feature","properties":{"name":"Lausanne","cantonId":"vaud","municipalityId":"lausanne-5586"},"geometry":{"type":"MultiPolygon","coordinates":[[[[6.58423,46.52077],[6.58692,46.52089],[6.58692,46.52567],[6.58935,46.52763],[6.59967,46.52334],[6.60379,46.52505],[6.60375,46.5288],[6.60752,46.52846],[6.60736,46.53146],[6.61285,46.53539],[6.61023,46.5398],[6.61233,46.55013],[6.61446,46.54898],[6.61991,46.55115],[6.62886,46.53884],[6.6468,46.54676],[6.65567,46.5419],[6.67425,46.53799],[6.678,46.54447],[6.68481,46.54905],[6.68559,46.55621],[6.67825,46.55581],[6.66963,46.56086],[6.67084,46.56451],[6.67354,46.56553],[6.66906,46.56679],[6.6618,46.56316],[6.66109,46.56022],[6.65714,46.5616],[6.65991,46.56703],[6.65949,46.5746],[6.65719,46.57453],[6.65296,46.58705],[6.64645,46.59029],[6.65965,46.5957],[6.65738,46.59922],[6.66031,46.60259],[6.66534,46.60177],[6.66831,46.59718],[6.6726,46.59784],[6.67362,46.59439],[6.6811,46.59612],[6.68202,46.59162],[6.70023,46.58111],[6.72081,46.58041],[6.71724,46.5713],[6.71027,46.56534],[6.70381,46.55224],[6.7002,46.55012],[6.69816,46.54262],[6.69125,46.54456],[6.68502,46.53787],[6.67078,46.5329],[6.66862,46.52637],[6.6644,46.52623],[6.65897,46.51996],[6.65415,46.5181],[6.65366,46.5133],[6.63935,46.51041],[6.64204,46.50588],[6.6406,46.45488],[6.58504,46.45558],[6.58665,46.51743],[6.58432,46.52066],[6.58423,46.52077]]],[[[6.59709,46.56266],[6.59305,46.56072],[6.58631,46.55185],[6.58386,46.55189],[6.58515,46.56082],[6.59163,46.57239],[6.60191,46.58128],[6.61002,46.58012],[6.61989,46.58186],[6.62998,46.57864],[6.62813,46.57283],[6.62225,46.56789],[6.61769,46.5661],[6.61148,46.56937],[6.60072,46.56977],[6.59514,46.56555],[6.59704,46.56272],[6.59709,46.56266]]]]}},{"type":"Feature","properties":{"name":"Lavey-Morcles","cantonId":"vaud","municipalityId":"lavey-morcles-5406"},"geometry":{"type":"Polygon","coordinates":[[[7.07123,46.20101],[7.03317,46.18707],[7.02495,46.19771],[7.01166,46.20577],[7.00812,46.22005],[7.03253,46.22806],[7.04999,46.22402],[7.05623,46.22503],[7.06051,46.21587],[7.07061,46.2105],[7.07167,46.20766],[7.06914,46.20302],[7.07109,46.20121],[7.07123,46.20101]]]}},{"type":"Feature","properties":{"name":"Lavigny","cantonId":"vaud","municipalityId":"lavigny-5637"},"geometry":{"type":"Polygon","coordinates":[[[6.42431,46.49818],[6.42446,46.49627],[6.41013,46.4911],[6.41027,46.48598],[6.40604,46.48343],[6.40169,46.49479],[6.39594,46.49655],[6.39587,46.4999],[6.39865,46.50138],[6.39479,46.50377],[6.39316,46.50841],[6.40337,46.51284],[6.41567,46.50998],[6.41483,46.50692],[6.42416,46.49825],[6.42431,46.49818]]]}},{"type":"Feature","properties":{"name":"Le Chenit","cantonId":"vaud","municipalityId":"le-chenit-5872"},"geometry":{"type":"Polygon","coordinates":[[[6.15666,46.54531],[6.11047,46.57646],[6.12185,46.58402],[6.12652,46.58994],[6.15369,46.60367],[6.1612,46.60998],[6.17896,46.61577],[6.1795,46.62012],[6.1963,46.62826],[6.1995,46.63454],[6.2074,46.63564],[6.21902,46.6451],[6.24154,46.62749],[6.24438,46.62962],[6.25102,46.62805],[6.25368,46.62998],[6.26163,46.62562],[6.25096,46.61778],[6.27114,46.60114],[6.2715,46.59776],[6.28965,46.58794],[6.29007,46.59194],[6.29325,46.58782],[6.29886,46.58595],[6.29314,46.58099],[6.28847,46.5812],[6.27528,46.57281],[6.26923,46.56053],[6.25684,46.55732],[6.24276,46.5477],[6.22171,46.52348],[6.21154,46.52596],[6.21042,46.52354],[6.20794,46.52375],[6.18895,46.53432],[6.18081,46.5321],[6.17275,46.53338],[6.15995,46.54288],[6.15666,46.54531]]]}},{"type":"Feature","properties":{"name":"Le Lieu","cantonId":"vaud","municipalityId":"le-lieu-5873"},"geometry":{"type":"Polygon","coordinates":[[[6.26163,46.62562],[6.25368,46.62998],[6.25102,46.62805],[6.24438,46.62962],[6.24154,46.62749],[6.21902,46.6451],[6.22757,46.64821],[6.23275,46.65447],[6.26725,46.67622],[6.27045,46.67911],[6.26913,46.68256],[6.28199,46.69069],[6.30725,46.6989],[6.3369,46.68528],[6.32027,46.66958],[6.32764,46.66521],[6.30842,46.65049],[6.27258,46.6309],[6.26163,46.62562]]]}},{"type":"Feature","properties":{"name":"Le Mont-sur-Lausanne","cantonId":"vaud","municipalityId":"le-mont-sur-lausanne-5587"},"geometry":{"type":"Polygon","coordinates":[[[6.61991,46.55115],[6.61746,46.55515],[6.6191,46.56116],[6.61627,46.56551],[6.62763,46.57222],[6.62998,46.57864],[6.63365,46.57862],[6.6388,46.57481],[6.63976,46.56987],[6.64887,46.57293],[6.651,46.57644],[6.65949,46.5746],[6.65991,46.56703],[6.65714,46.5616],[6.66118,46.56009],[6.65819,46.55679],[6.65748,46.54936],[6.65557,46.54742],[6.64467,46.54645],[6.64245,46.54367],[6.63139,46.54148],[6.62886,46.53884],[6.61929,46.551],[6.61991,46.55115]]]}},{"type":"Feature","properties":{"name":"Le Vaud","cantonId":"vaud","municipalityId":"le-vaud-5731"},"geometry":{"type":"Polygon","coordinates":[[[6.2492,46.47727],[6.24802,46.46091],[6.2425,46.46379],[6.23549,46.47254],[6.22513,46.47651],[6.22539,46.47859],[6.22014,46.47917],[6.20088,46.49509],[6.20373,46.4989],[6.21597,46.48372],[6.22993,46.48057],[6.24024,46.48249],[6.24849,46.48012],[6.2492,46.47729],[6.2492,46.47727]]]}},{"type":"Feature","properties":{"name":"Les Clées","cantonId":"vaud","municipalityId":"les-clees-5750"},"geometry":{"type":"Polygon","coordinates":[[[6.49173,46.74361],[6.49966,46.74567],[6.50387,46.73906],[6.49637,46.73306],[6.49416,46.72857],[6.48463,46.72563],[6.47282,46.72717],[6.47344,46.72223],[6.46497,46.72604],[6.44305,46.72625],[6.43513,46.71995],[6.42969,46.7238],[6.43657,46.7292],[6.4427,46.73075],[6.44733,46.73675],[6.45973,46.7371],[6.47171,46.73377],[6.4763,46.73872],[6.47742,46.74583],[6.48541,46.74628],[6.4905,46.74364],[6.49173,46.74361]]]}},{"type":"Feature","properties":{"name":"Leysin","cantonId":"vaud","municipalityId":"leysin-5407"},"geometry":{"type":"Polygon","coordinates":[[[6.9876,46.34611],[6.99325,46.35041],[6.99738,46.35067],[6.99985,46.35453],[7.0003,46.36248],[6.99642,46.37069],[7.00933,46.37553],[7.01428,46.38463],[7.02326,46.38519],[7.03244,46.38347],[7.04047,46.37759],[7.03767,46.36593],[7.03,46.35341],[7.02936,46.3487],[7.03144,46.34643],[7.02849,46.34468],[7.03089,46.34158],[7.00807,46.32702],[6.98387,46.32072],[6.97819,46.32241],[6.9771,46.32507],[6.97795,46.33065],[6.9855,46.33916],[6.98707,46.34459],[6.9876,46.34611]]]}},{"type":"Feature","properties":{"name":"Lignerolle","cantonId":"vaud","municipalityId":"lignerolle-5755"},"geometry":{"type":"Polygon","coordinates":[[[6.41712,46.75273],[6.43032,46.75681],[6.43819,46.76179],[6.43912,46.76711],[6.44636,46.76144],[6.45292,46.76133],[6.46363,46.75683],[6.47498,46.74865],[6.47442,46.74537],[6.47743,46.74587],[6.4763,46.73872],[6.47171,46.73377],[6.45973,46.7371],[6.44747,46.7368],[6.4427,46.73075],[6.43599,46.72887],[6.42999,46.73901],[6.42067,46.74207],[6.41718,46.75268],[6.41712,46.75273]]]}},{"type":"Feature","properties":{"name":"L'Isle","cantonId":"vaud","municipalityId":"lisle-5486"},"geometry":{"type":"Polygon","coordinates":[[[6.32995,46.62371],[6.33623,46.6305],[6.34634,46.63534],[6.34997,46.63457],[6.35778,46.64041],[6.38594,46.63757],[6.40546,46.64016],[6.4128,46.63532],[6.41183,46.63318],[6.4284,46.62805],[6.42926,46.62682],[6.42455,46.62571],[6.429,46.62365],[6.42519,46.62187],[6.43652,46.61524],[6.4354,46.61285],[6.43875,46.61088],[6.43028,46.6086],[6.4267,46.60488],[6.42049,46.60744],[6.41406,46.60248],[6.4109,46.60367],[6.40759,46.60177],[6.39782,46.60832],[6.40137,46.61004],[6.39313,46.61398],[6.38536,46.62131],[6.35095,46.62617],[6.33045,46.62376],[6.32995,46.62371]]]}},{"type":"Feature","properties":{"name":"Lonay","cantonId":"vaud","municipalityId":"lonay-5638"},"geometry":{"type":"Polygon","coordinates":[[[6.53214,46.531],[6.53032,46.5298],[6.53393,46.52751],[6.53042,46.52666],[6.53115,46.52415],[6.51273,46.51732],[6.50468,46.52617],[6.50594,46.53046],[6.50403,46.53319],[6.50685,46.53424],[6.50719,46.54],[6.51179,46.54222],[6.52443,46.53948],[6.5227,46.53754],[6.52451,46.5336],[6.52833,46.53431],[6.53232,46.53113],[6.53214,46.531]]]}},{"type":"Feature","properties":{"name":"Longirod","cantonId":"vaud","municipalityId":"longirod-5429"},"geometry":{"type":"Polygon","coordinates":[[[6.26638,46.48128],[6.26739,46.48374],[6.25867,46.48409],[6.25064,46.49622],[6.23331,46.50214],[6.21957,46.52068],[6.22738,46.53024],[6.23933,46.52823],[6.23815,46.52591],[6.24268,46.51794],[6.24238,46.51399],[6.25054,46.50319],[6.2623,46.49867],[6.27467,46.50762],[6.28262,46.50383],[6.27926,46.50111],[6.28859,46.49649],[6.28329,46.49032],[6.27413,46.48678],[6.27305,46.48244],[6.26724,46.48092],[6.26638,46.48128]]]}},{"type":"Feature","properties":{"name":"Lovatens","cantonId":"vaud","municipalityId":"lovatens-5674"},"geometry":{"type":"Polygon","coordinates":[[[6.86463,46.6764],[6.8616,46.67675],[6.85498,46.68675],[6.85301,46.69782],[6.85814,46.6961],[6.86433,46.70358],[6.86976,46.7048],[6.87768,46.69961],[6.87591,46.69799],[6.87909,46.69631],[6.87114,46.68932],[6.87546,46.68819],[6.87857,46.69153],[6.88101,46.69006],[6.87312,46.68333],[6.8685,46.68574],[6.86642,46.68458],[6.86533,46.68128],[6.86269,46.68095],[6.86459,46.67649],[6.86463,46.6764]]]}},{"type":"Feature","properties":{"name":"Lucens","cantonId":"vaud","municipalityId":"lucens-5675"},"geometry":{"type":"MultiPolygon","coordinates":[[[[6.81749,46.73329],[6.83256,46.73502],[6.84633,46.72748],[6.86333,46.72408],[6.85938,46.71682],[6.84735,46.70385],[6.84377,46.7052],[6.83855,46.70263],[6.83967,46.69708],[6.83372,46.69578],[6.82802,46.69058],[6.82381,46.69558],[6.81599,46.69788],[6.81483,46.70053],[6.81132,46.70103],[6.80521,46.69699],[6.80326,46.69859],[6.80674,46.7011],[6.8007,46.70256],[6.80704,46.70801],[6.809,46.70703],[6.81448,46.7102],[6.81512,46.7137],[6.81891,46.71655],[6.81665,46.71981],[6.80936,46.72128],[6.81455,46.72391],[6.81565,46.72652],[6.81128,46.7279],[6.81744,46.73325],[6.81749,46.73329]]],[[[6.8252,46.67521],[6.83802,46.6834],[6.84087,46.68169],[6.84812,46.68993],[6.85368,46.69114],[6.8616,46.67675],[6.87171,46.67326],[6.86439,46.66477],[6.86833,46.66297],[6.86735,46.6601],[6.86302,46.65839],[6.85938,46.65996],[6.85352,46.65547],[6.84216,46.65884],[6.84584,46.66424],[6.84056,46.6689],[6.82805,46.66851],[6.82922,46.67193],[6.82522,46.67514],[6.8252,46.67521]]]]}},{"type":"Feature","properties":{"name":"Luins","cantonId":"vaud","municipalityId":"luins-5858"},"geometry":{"type":"Polygon","coordinates":[[[6.2862,46.44037],[6.2908,46.43904],[6.28718,46.43467],[6.2881,46.43253],[6.2827,46.43321],[6.2789,46.42955],[6.27367,46.43163],[6.26289,46.44803],[6.26552,46.44874],[6.26409,46.45048],[6.26784,46.45419],[6.26527,46.45794],[6.26762,46.45902],[6.2768,46.44523],[6.28532,46.44089],[6.2862,46.44037]]]}},{"type":"Feature","properties":{"name":"Lully (VD)","cantonId":"vaud","municipalityId":"lully-vd-5639"},"geometry":{"type":"Polygon","coordinates":[[[6.47437,46.50923],[6.46792,46.50417],[6.46959,46.50264],[6.46791,46.50172],[6.47745,46.49449],[6.47182,46.49168],[6.46387,46.49624],[6.46736,46.4977],[6.4601,46.49944],[6.46055,46.50167],[6.45412,46.50483],[6.45448,46.50829],[6.46728,46.51457],[6.47379,46.50993],[6.47437,46.50923]]]}},{"type":"Feature","properties":{"name":"Lussery-Villars","cantonId":"vaud","municipalityId":"lussery-villars-5487"},"geometry":{"type":"Polygon","coordinates":[[[6.53,46.62525],[6.5196,46.62034],[6.51236,46.62299],[6.5166,46.62823],[6.51297,46.62805],[6.51225,46.63505],[6.5077,46.63567],[6.50866,46.63749],[6.51737,46.6365],[6.51966,46.64272],[6.53146,46.64016],[6.53288,46.64312],[6.54039,46.64069],[6.54258,46.63706],[6.53388,46.62957],[6.53461,46.6275],[6.53044,46.62547],[6.53,46.62525]]]}},{"type":"Feature","properties":{"name":"Lussy-sur-Morges","cantonId":"vaud","municipalityId":"lussy-sur-morges-5640"},"geometry":{"type":"Polygon","coordinates":[[[6.44459,46.50889],[6.45367,46.50898],[6.4555,46.50742],[6.45412,46.50483],[6.46055,46.50167],[6.46118,46.49858],[6.45244,46.49306],[6.4397,46.49595],[6.4352,46.5006],[6.43756,46.50577],[6.44208,46.50567],[6.4445,46.50883],[6.44459,46.50889]]]}},{"type":"Feature","properties":{"name":"Lutry","cantonId":"vaud","municipalityId":"lutry-5606"},"geometry":{"type":"Polygon","coordinates":[[[6.6746,46.45444],[6.67586,46.50872],[6.67874,46.51155],[6.67558,46.51385],[6.68481,46.51984],[6.69109,46.52109],[6.69257,46.52604],[6.70151,46.53364],[6.71083,46.53683],[6.71164,46.53443],[6.70897,46.53352],[6.71735,46.52935],[6.71434,46.52747],[6.7182,46.5238],[6.71598,46.51805],[6.7196,46.51827],[6.7037,46.4967],[6.68624,46.45349],[6.68186,46.45434],[6.6746,46.45444]]]}},{"type":"Feature","properties":{"name":"Maracon","cantonId":"vaud","municipalityId":"maracon-5790"},"geometry":{"type":"Polygon","coordinates":[[[6.8717,46.56966],[6.87445,46.56497],[6.87943,46.56713],[6.8845,46.56196],[6.88816,46.5677],[6.90089,46.57008],[6.89884,46.565],[6.90227,46.56139],[6.89392,46.55992],[6.89167,46.55733],[6.88846,46.55832],[6.86831,46.54159],[6.86691,46.5461],[6.86334,46.54583],[6.86619,46.54656],[6.86631,46.55163],[6.86239,46.5504],[6.86511,46.55486],[6.86266,46.55847],[6.86868,46.56263],[6.86412,46.56521],[6.87165,46.56967],[6.8717,46.56966]]]}},{"type":"Feature","properties":{"name":"Marchissy","cantonId":"vaud","municipalityId":"marchissy-5430"},"geometry":{"type":"Polygon","coordinates":[[[6.26638,46.48128],[6.26253,46.48186],[6.2492,46.47727],[6.24849,46.48012],[6.24024,46.48249],[6.22993,46.48057],[6.21597,46.48372],[6.20373,46.4989],[6.20015,46.50061],[6.20122,46.50201],[6.19683,46.50822],[6.2072,46.5169],[6.21154,46.52596],[6.22171,46.52348],[6.21957,46.52068],[6.23331,46.50214],[6.25064,46.49622],[6.25867,46.48409],[6.26739,46.48374],[6.26658,46.48147],[6.26638,46.48128]]]}},{"type":"Feature","properties":{"name":"Mathod","cantonId":"vaud","municipalityId":"mathod-5919"},"geometry":{"type":"Polygon","coordinates":[[[6.5774,46.77274],[6.57211,46.76446],[6.57342,46.76142],[6.59197,46.74776],[6.58184,46.74402],[6.55823,46.75265],[6.5493,46.74937],[6.5437,46.75437],[6.54652,46.75619],[6.54455,46.75782],[6.55032,46.76207],[6.546,46.76508],[6.54662,46.76669],[6.55346,46.76854],[6.55438,46.77227],[6.55973,46.7764],[6.56415,46.774],[6.57033,46.77533],[6.57535,46.77353],[6.5774,46.77274]]]}},{"type":"Feature","properties":{"name":"Mauborget","cantonId":"vaud","municipalityId":"mauborget-5562"},"geometry":{"type":"Polygon","coordinates":[[[6.61671,46.85092],[6.60708,46.84827],[6.60866,46.85041],[6.60446,46.85297],[6.60416,46.85773],[6.59916,46.85777],[6.59594,46.86051],[6.59728,46.86462],[6.60471,46.8691],[6.60151,46.87253],[6.58895,46.87689],[6.59064,46.87751],[6.58764,46.88432],[6.59863,46.88363],[6.60656,46.88668],[6.60463,46.8829],[6.61085,46.87798],[6.61329,46.87176],[6.61003,46.87016],[6.61238,46.86747],[6.62478,46.87057],[6.62739,46.86689],[6.62115,46.86513],[6.62814,46.85734],[6.62007,46.85435],[6.62199,46.85168],[6.6176,46.85104],[6.61671,46.85092]]]}},{"type":"Feature","properties":{"name":"Mauraz","cantonId":"vaud","municipalityId":"mauraz-5488"},"geometry":{"type":"Polygon","coordinates":[[[6.40759,46.60177],[6.4109,46.60367],[6.41406,46.60248],[6.42049,46.60744],[6.42579,46.60486],[6.41447,46.59896],[6.40755,46.60151],[6.40759,46.60177]]]}},{"type":"Feature","properties":{"name":"Mex (VD)","cantonId":"vaud","municipalityId":"mex-vd-5489"},"geometry":{"type":"Polygon","coordinates":[[[6.57557,46.58132],[6.57298,46.57646],[6.57492,46.57414],[6.55377,46.57028],[6.55384,46.56587],[6.55149,46.56575],[6.54888,46.56683],[6.54846,46.57567],[6.5467,46.57599],[6.54908,46.5858],[6.55979,46.58556],[6.56698,46.5819],[6.57468,46.58149],[6.57557,46.58132]]]}},{"type":"Feature","properties":{"name":"Mies","cantonId":"vaud","municipalityId":"mies-5723"},"geometry":{"type":"Polygon","coordinates":[[[6.19873,46.28444],[6.14072,46.30475],[6.14168,46.30975],[6.14429,46.31227],[6.15,46.31017],[6.15825,46.31121],[6.16396,46.30804],[6.1712,46.30929],[6.17338,46.30665],[6.207,46.29537],[6.19873,46.28444]]]}},{"type":"Feature","properties":{"name":"Missy","cantonId":"vaud","municipalityId":"missy-5821"},"geometry":{"type":"Polygon","coordinates":[[[6.96214,46.8841],[6.96638,46.8834],[6.97376,46.88732],[6.98063,46.88182],[6.9889,46.87346],[6.98015,46.86631],[6.97639,46.86522],[6.97282,46.8688],[6.96944,46.86734],[6.95909,46.87866],[6.95812,46.88146],[6.96176,46.88398],[6.96214,46.8841]]]}},{"type":"Feature","properties":{"name":"Moiry","cantonId":"vaud","municipalityId":"moiry-5490"},"geometry":{"type":"Polygon","coordinates":[[[6.46429,46.67083],[6.46578,46.6658],[6.46251,46.66015],[6.47109,46.6539],[6.47392,46.65563],[6.47608,46.6541],[6.47406,46.64892],[6.44878,46.63808],[6.44298,46.63789],[6.44111,46.64251],[6.44263,46.64413],[6.43119,46.64897],[6.4306,46.65152],[6.44069,46.66078],[6.44719,46.66211],[6.46013,46.67104],[6.46419,46.67087],[6.46429,46.67083]]]}},{"type":"Feature","properties":{"name":"Mollens (VD)","cantonId":"vaud","municipalityId":"mollens-vd-5431"},"geometry":{"type":"Polygon","coordinates":[[[6.35705,46.56264],[6.34573,46.56891],[6.33663,46.57762],[6.3061,46.5871],[6.31374,46.5901],[6.35693,46.59091],[6.36928,46.58875],[6.38772,46.57997],[6.38714,46.57414],[6.38919,46.57188],[6.38237,46.56855],[6.37821,46.56916],[6.36759,46.56094],[6.36157,46.56405],[6.35738,46.56255],[6.35705,46.56264]]]}},{"type":"Feature","properties":{"name":"Molondin","cantonId":"vaud","municipalityId":"molondin-5921"},"geometry":{"type":"Polygon","coordinates":[[[6.76256,46.77605],[6.76345,46.7726],[6.76151,46.77131],[6.76319,46.76799],[6.75971,46.76559],[6.76272,46.7629],[6.75561,46.75937],[6.74371,46.74323],[6.73999,46.74146],[6.73716,46.74243],[6.7391,46.74745],[6.73446,46.7489],[6.73843,46.75174],[6.73476,46.75383],[6.73675,46.75543],[6.73345,46.75749],[6.73763,46.75906],[6.73428,46.76097],[6.73696,46.76295],[6.73426,46.76927],[6.74882,46.77851],[6.75309,46.77921],[6.76242,46.77609],[6.76256,46.77605]]]}},{"type":"Feature","properties":{"name":"Mont-la-Ville","cantonId":"vaud","municipalityId":"mont-la-ville-5491"},"geometry":{"type":"Polygon","coordinates":[[[6.35008,46.66887],[6.35754,46.67155],[6.36741,46.66526],[6.39746,46.67215],[6.43467,46.65691],[6.42554,46.64566],[6.4128,46.63532],[6.40341,46.64072],[6.38594,46.63757],[6.35778,46.64041],[6.34902,46.63442],[6.34649,46.64191],[6.34981,46.64855],[6.34788,46.66339],[6.34997,46.66856],[6.35008,46.66887]]]}},{"type":"Feature","properties":{"name":"Mont-sur-Rolle","cantonId":"vaud","municipalityId":"mont-sur-rolle-5859"},"geometry":{"type":"Polygon","coordinates":[[[6.32426,46.46326],[6.3279,46.46674],[6.32409,46.47748],[6.32684,46.48092],[6.32565,46.48286],[6.32966,46.48333],[6.32844,46.48496],[6.33169,46.48601],[6.32981,46.48867],[6.33132,46.49011],[6.33574,46.49054],[6.34565,46.48277],[6.3469,46.48025],[6.34217,46.47996],[6.34514,46.47618],[6.3455,46.47124],[6.34949,46.46897],[6.35181,46.46326],[6.33795,46.46384],[6.33765,46.46789],[6.32441,46.46325],[6.32426,46.46326]]]}},{"type":"Feature","properties":{"name":"Montagny-près-Yverdon","cantonId":"vaud","municipalityId":"montagny-pres-yverdon-5922"},"geometry":{"type":"Polygon","coordinates":[[[6.61628,46.78128],[6.61324,46.78294],[6.61388,46.78458],[6.59133,46.78532],[6.59116,46.78792],[6.59554,46.78918],[6.59091,46.79664],[6.60433,46.79817],[6.61033,46.79747],[6.61162,46.79491],[6.63027,46.79398],[6.63612,46.79576],[6.62327,46.78848],[6.62578,46.78562],[6.61955,46.7829],[6.62118,46.78112],[6.61723,46.78076],[6.61628,46.78128]]]}},{"type":"Feature","properties":{"name":"Montanaire","cantonId":"vaud","municipalityId":"montanaire-5693"},"geometry":{"type":"Polygon","coordinates":[[[6.78445,46.73543],[6.79351,46.73575],[6.78791,46.72937],[6.79298,46.72556],[6.80621,46.72694],[6.78578,46.71073],[6.78429,46.70382],[6.79142,46.70102],[6.79807,46.70515],[6.80254,46.70128],[6.80677,46.70102],[6.80326,46.69859],[6.80497,46.69652],[6.79215,46.68678],[6.77911,46.69242],[6.77601,46.68797],[6.77738,46.6821],[6.76423,46.67541],[6.76054,46.67798],[6.74903,46.67587],[6.74894,46.67245],[6.75679,46.6688],[6.75562,46.66612],[6.76182,46.66346],[6.76019,46.65921],[6.76169,46.6564],[6.7508,46.6575],[6.74479,46.66136],[6.72251,46.66299],[6.71558,46.65895],[6.71745,46.657],[6.71419,46.65607],[6.71238,46.65211],[6.70941,46.65251],[6.70857,46.65546],[6.69895,46.65804],[6.70036,46.66311],[6.69593,46.66754],[6.70284,46.67306],[6.70613,46.67068],[6.71118,46.67101],[6.71292,46.66711],[6.71145,46.66472],[6.71882,46.66626],[6.72009,46.67053],[6.72572,46.6714],[6.72774,46.67591],[6.73474,46.67588],[6.73544,46.67784],[6.73079,46.67764],[6.73141,46.67963],[6.72672,46.67824],[6.72961,46.68049],[6.72723,46.68101],[6.72886,46.68214],[6.72778,46.68543],[6.71722,46.69587],[6.71951,46.69982],[6.72586,46.69822],[6.72854,46.70175],[6.73691,46.70355],[6.74016,46.70733],[6.73746,46.70939],[6.73786,46.71234],[6.72838,46.71294],[6.73297,46.72112],[6.73119,46.72255],[6.73174,46.72747],[6.73444,46.72622],[6.73445,46.72892],[6.73951,46.7298],[6.74521,46.73602],[6.75061,46.72898],[6.75879,46.72548],[6.76026,46.7231],[6.75855,46.72198],[6.76241,46.71738],[6.7774,46.72612],[6.77742,46.72959],[6.78392,46.73506],[6.78445,46.73543]]]}},{"type":"Feature","properties":{"name":"Montcherand","cantonId":"vaud","municipalityId":"montcherand-5756"},"geometry":{"type":"Polygon","coordinates":[[[6.52149,46.72799],[6.50437,46.72612],[6.49416,46.72857],[6.49637,46.73306],[6.50387,46.73906],[6.50226,46.74159],[6.50794,46.74322],[6.51309,46.7408],[6.52053,46.74215],[6.5241,46.74021],[6.5231,46.73849],[6.52745,46.73842],[6.52199,46.73306],[6.52094,46.72871],[6.52149,46.72799]]]}},{"type":"Feature","properties":{"name":"Montilliez","cantonId":"vaud","municipalityId":"montilliez-5540"},"geometry":{"type":"Polygon","coordinates":[[[6.70877,46.65322],[6.70449,46.65024],[6.70789,46.64544],[6.70479,46.63867],[6.69866,46.63486],[6.69895,46.63084],[6.6796,46.63832],[6.67185,46.63339],[6.67302,46.63152],[6.67067,46.62963],[6.67295,46.62682],[6.66897,46.62258],[6.66517,46.62713],[6.65171,46.63003],[6.65258,46.63475],[6.64939,46.63543],[6.66056,46.64665],[6.65682,46.64789],[6.65965,46.64976],[6.6584,46.65389],[6.66689,46.65995],[6.6667,46.66283],[6.67321,46.66329],[6.6838,46.65752],[6.68691,46.65796],[6.68883,46.66291],[6.69601,46.66766],[6.70036,46.66311],[6.69895,46.65804],[6.70857,46.65546],[6.70886,46.65331],[6.70877,46.65322]]]}},{"type":"Feature","properties":{"name":"Montpreveyres","cantonId":"vaud","municipalityId":"montpreveyres-5792"},"geometry":{"type":"Polygon","coordinates":[[[6.70641,46.58135],[6.70992,46.59411],[6.71449,46.59409],[6.71559,46.58644],[6.72388,46.58395],[6.72378,46.5813],[6.73289,46.58336],[6.7387,46.5879],[6.74906,46.5914],[6.75093,46.58765],[6.75019,46.58192],[6.74203,46.57302],[6.7333,46.57255],[6.73005,46.56982],[6.72587,46.57378],[6.71799,46.57257],[6.72081,46.58041],[6.70798,46.58131],[6.70641,46.58135]]]}},{"type":"Feature","properties":{"name":"Montreux","cantonId":"vaud","municipalityId":"montreux-5886"},"geometry":{"type":"Polygon","coordinates":[[[6.9841,46.43798],[6.97739,46.433],[6.96614,46.43365],[6.87968,46.41],[6.85932,46.41597],[6.87748,46.4456],[6.88446,46.45084],[6.8861,46.45477],[6.89603,46.45638],[6.89697,46.45893],[6.9027,46.46076],[6.90997,46.46012],[6.92397,46.46301],[6.92707,46.46903],[6.92606,46.47764],[6.93811,46.48056],[6.95242,46.47997],[6.95998,46.4823],[6.96307,46.48645],[6.96627,46.48524],[6.96566,46.47718],[6.9692,46.47432],[6.97791,46.47321],[6.97995,46.45912],[6.98269,46.45891],[6.9921,46.44891],[6.98393,46.438],[6.9841,46.43798]]]}},{"type":"Feature","properties":{"name":"Montricher","cantonId":"vaud","municipalityId":"montricher-5492"},"geometry":{"type":"Polygon","coordinates":[[[6.32995,46.62371],[6.35095,46.62617],[6.38536,46.62131],[6.39313,46.61398],[6.40137,46.61004],[6.39782,46.60832],[6.40863,46.60018],[6.40852,46.59581],[6.40413,46.59219],[6.40398,46.58751],[6.3968,46.58185],[6.38772,46.57997],[6.37431,46.58721],[6.35693,46.59091],[6.31374,46.5901],[6.29864,46.58537],[6.30162,46.58951],[6.29703,46.59316],[6.33399,46.61654],[6.32571,46.61885],[6.32946,46.62314],[6.32995,46.62371]]]}},{"type":"Feature","properties":{"name":"Morges","cantonId":"vaud","municipalityId":"morges-5642"},"geometry":{"type":"Polygon","coordinates":[[[6.51338,46.51742],[6.52954,46.45625],[6.51911,46.45638],[6.48682,46.50156],[6.4765,46.51157],[6.47949,46.51388],[6.48723,46.51374],[6.47947,46.51695],[6.48108,46.52337],[6.48273,46.52104],[6.50742,46.52307],[6.51288,46.51733],[6.51338,46.51742]]]}},{"type":"Feature","properties":{"name":"Morrens (VD)","cantonId":"vaud","municipalityId":"morrens-vd-5527"},"geometry":{"type":"Polygon","coordinates":[[[6.64124,46.59053],[6.63575,46.58872],[6.63339,46.58304],[6.63148,46.58351],[6.62861,46.57893],[6.61653,46.58169],[6.61678,46.58573],[6.61467,46.58607],[6.61483,46.59307],[6.6238,46.59849],[6.63029,46.60965],[6.63833,46.60798],[6.63348,46.60144],[6.63355,46.59576],[6.63705,46.59524],[6.63833,46.59152],[6.64123,46.59057],[6.64124,46.59053]]]}},{"type":"Feature","properties":{"name":"Moudon","cantonId":"vaud","municipalityId":"moudon-5678"},"geometry":{"type":"Polygon","coordinates":[[[6.8252,46.67521],[6.8184,46.67222],[6.81764,46.66958],[6.7998,46.65754],[6.79728,46.65286],[6.79826,46.6489],[6.79344,46.65184],[6.78887,46.649],[6.78484,46.65131],[6.78477,46.65629],[6.77774,46.6603],[6.76879,46.65692],[6.76714,46.65062],[6.76167,46.65211],[6.75867,46.65589],[6.76214,46.65708],[6.76019,46.65921],[6.76182,46.66346],[6.75562,46.66612],[6.75679,46.6688],[6.74894,46.67245],[6.74903,46.67587],[6.76054,46.67798],[6.76423,46.67541],[6.77738,46.6821],[6.77601,46.68797],[6.77911,46.69242],[6.79147,46.6885],[6.79684,46.68335],[6.8057,46.6815],[6.81652,46.68457],[6.82603,46.69222],[6.83648,46.68703],[6.83809,46.68345],[6.82514,46.67524],[6.8252,46.67521]]]}},{"type":"Feature","properties":{"name":"Mutrux","cantonId":"vaud","municipalityId":"mutrux-5563"},"geometry":{"type":"Polygon","coordinates":[[[6.69028,46.88026],[6.68605,46.88436],[6.68787,46.88518],[6.69141,46.88414],[6.71552,46.88844],[6.7332,46.88655],[6.74033,46.88407],[6.73946,46.8792],[6.7363,46.8796],[6.72557,46.87388],[6.72284,46.87317],[6.70745,46.88269],[6.69182,46.88082],[6.69028,46.88026]]]}},{"type":"Feature","properties":{"name":"Novalles","cantonId":"vaud","municipalityId":"novalles-5564"},"geometry":{"type":"Polygon","coordinates":[[[6.60357,46.83384],[6.60463,46.82463],[6.58742,46.82497],[6.58865,46.8277],[6.5864,46.82742],[6.5787,46.8357],[6.58983,46.84096],[6.5979,46.83349],[6.60283,46.83367],[6.60357,46.83384]]]}},{"type":"Feature","properties":{"name":"Noville","cantonId":"vaud","municipalityId":"noville-5408"},"geometry":{"type":"Polygon","coordinates":[[[6.85473,46.39828],[6.82167,46.42697],[6.91892,46.39713],[6.92749,46.38582],[6.92062,46.3847],[6.91362,46.38066],[6.9148,46.3789],[6.90735,46.37622],[6.90691,46.36474],[6.90387,46.36463],[6.90231,46.36042],[6.89568,46.3603],[6.89471,46.36382],[6.88682,46.36533],[6.88462,46.37623],[6.87405,46.38219],[6.85788,46.39571],[6.85473,46.39828]]]}},{"type":"Feature","properties":{"name":"Nyon","cantonId":"vaud","municipalityId":"nyon-5724"},"geometry":{"type":"Polygon","coordinates":[[[6.21428,46.37305],[6.21377,46.37715],[6.22286,46.37968],[6.21289,46.37922],[6.21415,46.38357],[6.21722,46.3854],[6.2137,46.3874],[6.21733,46.39102],[6.21026,46.39463],[6.21436,46.40034],[6.20568,46.40301],[6.21364,46.40642],[6.21704,46.40336],[6.21566,46.40195],[6.22304,46.40173],[6.22823,46.39815],[6.23072,46.40046],[6.23651,46.39677],[6.23826,46.392],[6.24767,46.38693],[6.26807,46.3684],[6.25296,46.36043],[6.22678,46.36658],[6.21522,46.37284],[6.21428,46.37305]]]}},{"type":"Feature","properties":{"name":"Ogens","cantonId":"vaud","municipalityId":"ogens-5680"},"geometry":{"type":"Polygon","coordinates":[[[6.7097,46.71547],[6.7282,46.71984],[6.72993,46.71786],[6.72859,46.71252],[6.73786,46.71234],[6.73746,46.70939],[6.74019,46.7074],[6.73691,46.70355],[6.72854,46.70175],[6.72586,46.69822],[6.71369,46.70054],[6.71503,46.70665],[6.70885,46.71033],[6.70969,46.71544],[6.7097,46.71547]]]}},{"type":"Feature","properties":{"name":"Ollon","cantonId":"vaud","municipalityId":"ollon-5409"},"geometry":{"type":"Polygon","coordinates":[[[6.97041,46.26395],[6.96454,46.26981],[6.96013,46.28376],[6.94945,46.29131],[6.95763,46.29674],[6.97324,46.3011],[6.97289,46.3032],[6.98224,46.308],[7.00117,46.31228],[7.01025,46.31822],[7.0203,46.32125],[7.03286,46.33197],[7.04024,46.33042],[7.03369,46.33639],[7.03752,46.33922],[7.0519,46.33825],[7.06653,46.3334],[7.07226,46.33422],[7.07737,46.33046],[7.08899,46.33248],[7.0966,46.32876],[7.09662,46.32316],[7.11865,46.32805],[7.12222,46.33707],[7.13585,46.32764],[7.14453,46.32536],[7.14603,46.32071],[7.14347,46.3149],[7.14804,46.31379],[7.14918,46.3085],[7.14622,46.30843],[7.14663,46.30466],[7.13939,46.30764],[7.11824,46.31024],[7.10118,46.30796],[7.08128,46.29717],[7.07254,46.29053],[7.07108,46.28628],[7.06379,46.2832],[7.04347,46.28686],[7.03247,46.28091],[7.02857,46.28104],[7.01518,46.27146],[6.97794,46.26602],[6.97041,46.26395]]]}},{"type":"Feature","properties":{"name":"Onnens (VD)","cantonId":"vaud","municipalityId":"onnens-vd-5565"},"geometry":{"type":"Polygon","coordinates":[[[6.69956,46.81659],[6.68083,46.83547],[6.68289,46.83761],[6.67641,46.84449],[6.68113,46.8488],[6.67525,46.85531],[6.6719,46.86417],[6.67648,46.86624],[6.67544,46.86936],[6.68763,46.86937],[6.69104,46.86371],[6.68537,46.86143],[6.69813,46.84531],[6.69605,46.8442],[6.70309,46.83562],[6.71051,46.82115],[6.69956,46.81659]]]}},{"type":"Feature","properties":{"name":"Oppens","cantonId":"vaud","municipalityId":"oppens-5923"},"geometry":{"type":"Polygon","coordinates":[[[6.67604,46.71261],[6.68522,46.71854],[6.68992,46.7253],[6.7029,46.72869],[6.70076,46.72006],[6.70982,46.71586],[6.70962,46.70907],[6.70582,46.70442],[6.69988,46.70517],[6.69698,46.71288],[6.69103,46.70371],[6.69089,46.70613],[6.67698,46.71237],[6.67604,46.71261]]]}},{"type":"Feature","properties":{"name":"Orbe","cantonId":"vaud","municipalityId":"orbe-5757"},"geometry":{"type":"Polygon","coordinates":[[[6.52149,46.72799],[6.52199,46.73306],[6.52579,46.7352],[6.52807,46.74367],[6.53308,46.7442],[6.53756,46.74778],[6.54898,46.74192],[6.55744,46.74573],[6.56458,46.73848],[6.57917,46.74536],[6.58184,46.74402],[6.57359,46.73946],[6.5651,46.72937],[6.56744,46.72905],[6.55594,46.71705],[6.55131,46.71898],[6.54144,46.7113],[6.53921,46.69751],[6.53216,46.70029],[6.52489,46.70604],[6.52572,46.7076],[6.52154,46.70823],[6.52575,46.72664],[6.52155,46.728],[6.52149,46.72799]]]}},{"type":"Feature","properties":{"name":"Orges","cantonId":"vaud","municipalityId":"orges-5924"},"geometry":{"type":"Polygon","coordinates":[[[6.59416,46.82301],[6.59549,46.82154],[6.59154,46.82027],[6.59499,46.81613],[6.59818,46.81574],[6.59517,46.8144],[6.5966,46.80911],[6.59426,46.80756],[6.59719,46.80702],[6.59292,46.80331],[6.59412,46.80148],[6.57111,46.80351],[6.57264,46.80498],[6.57141,46.80798],[6.56375,46.81439],[6.57085,46.81535],[6.56982,46.81667],[6.57696,46.81849],[6.57571,46.82037],[6.5812,46.82322],[6.59378,46.82355],[6.59416,46.82301]]]}},{"type":"Feature","properties":{"name":"Ormont-Dessous","cantonId":"vaud","municipalityId":"ormont-dessous-5410"},"geometry":{"type":"Polygon","coordinates":[[[7.12222,46.33707],[7.11865,46.32805],[7.09662,46.32316],[7.0966,46.32876],[7.08899,46.33248],[7.07737,46.33046],[7.07226,46.33422],[7.06653,46.3334],[7.04721,46.33911],[7.03752,46.33922],[7.03505,46.33742],[7.02894,46.34371],[7.03144,46.34643],[7.02936,46.3487],[7.03,46.35341],[7.03216,46.3545],[7.03121,46.35739],[7.03767,46.36593],[7.04047,46.37759],[7.03244,46.38347],[7.01428,46.38463],[7.01593,46.39051],[7.01172,46.39123],[7.01542,46.39846],[7.01278,46.40093],[7.01262,46.40591],[7.04403,46.42567],[7.06673,46.4262],[7.07384,46.4209],[7.07741,46.40424],[7.09631,46.41661],[7.11778,46.41116],[7.11904,46.40808],[7.12659,46.40452],[7.13778,46.38059],[7.13154,46.37721],[7.11992,46.37833],[7.09626,46.37201],[7.10075,46.37041],[7.09555,46.36333],[7.1009,46.35629],[7.09329,46.35648],[7.09203,46.3535],[7.09207,46.35096],[7.10239,46.34914],[7.1043,46.34372],[7.10312,46.33901],[7.10565,46.33711],[7.11509,46.33859],[7.12222,46.33707]]]}},{"type":"Feature","properties":{"name":"Ormont-Dessus","cantonId":"vaud","municipalityId":"ormont-dessus-5411"},"geometry":{"type":"Polygon","coordinates":[[[7.20072,46.31302],[7.18905,46.3039],[7.15611,46.30458],[7.15138,46.30272],[7.14663,46.30466],[7.14622,46.30843],[7.14918,46.3085],[7.14804,46.31379],[7.14347,46.3149],[7.14603,46.32071],[7.14453,46.32536],[7.13585,46.32764],[7.12222,46.33707],[7.11509,46.33859],[7.10565,46.33711],[7.10312,46.33901],[7.1043,46.34372],[7.10239,46.34914],[7.09207,46.35096],[7.09329,46.35648],[7.10094,46.35649],[7.09555,46.36333],[7.10075,46.37041],[7.09623,46.37199],[7.11273,46.37707],[7.13154,46.37721],[7.13778,46.38059],[7.15232,46.38289],[7.17845,46.37984],[7.18577,46.37538],[7.19371,46.3791],[7.20673,46.37936],[7.20831,46.37867],[7.20722,46.37349],[7.21629,46.36177],[7.22631,46.36501],[7.23006,46.36194],[7.21884,46.35754],[7.22269,46.34857],[7.22148,46.32925],[7.20072,46.31302]]]}},{"type":"Feature","properties":{"name":"Orny","cantonId":"vaud","municipalityId":"orny-5493"},"geometry":{"type":"Polygon","coordinates":[[[6.51518,46.66348],[6.51944,46.66454],[6.51963,46.67039],[6.52168,46.6702],[6.53306,46.68389],[6.53722,46.68169],[6.53754,46.68476],[6.5497,46.68274],[6.5505,46.67095],[6.55236,46.67028],[6.5498,46.66513],[6.56017,46.66499],[6.55623,46.66104],[6.53915,46.65829],[6.51558,46.66329],[6.51518,46.66348]]]}},{"type":"Feature","properties":{"name":"Oron","cantonId":"vaud","municipalityId":"oron-5805"},"geometry":{"type":"Polygon","coordinates":[[[6.86101,46.53071],[6.85884,46.53099],[6.86014,46.53598],[6.85643,46.53705],[6.85525,46.54135],[6.83027,46.53746],[6.82518,46.53802],[6.82784,46.54296],[6.82549,46.54357],[6.81827,46.5365],[6.81277,46.52616],[6.81049,46.52629],[6.80392,46.52959],[6.81289,46.54436],[6.79644,46.55016],[6.78967,46.55448],[6.79066,46.55606],[6.78534,46.55651],[6.77588,46.56152],[6.78334,46.56686],[6.78685,46.56652],[6.79477,46.57543],[6.79948,46.57408],[6.80489,46.57793],[6.81322,46.57823],[6.81152,46.58099],[6.8141,46.58567],[6.82059,46.58369],[6.82371,46.57748],[6.83484,46.57534],[6.84644,46.58395],[6.85087,46.58114],[6.85996,46.57987],[6.86553,46.57725],[6.8717,46.56966],[6.86412,46.56521],[6.86868,46.56263],[6.86298,46.55915],[6.86511,46.55486],[6.86239,46.5504],[6.86631,46.55163],[6.86619,46.54656],[6.86334,46.54583],[6.86691,46.5461],[6.86831,46.54159],[6.86107,46.53069],[6.86101,46.53071]]]}},{"type":"Feature","properties":{"name":"Orzens","cantonId":"vaud","municipalityId":"orzens-5925"},"geometry":{"type":"Polygon","coordinates":[[[6.6971,46.73487],[6.70288,46.73292],[6.70232,46.72816],[6.68992,46.7253],[6.68522,46.71854],[6.67448,46.71151],[6.66654,46.71312],[6.66707,46.71619],[6.66537,46.71669],[6.67131,46.72695],[6.67442,46.72729],[6.68055,46.73413],[6.68285,46.74004],[6.68939,46.73784],[6.69137,46.73977],[6.69462,46.73824],[6.69217,46.73661],[6.69702,46.73493],[6.6971,46.73487]]]}},{"type":"Feature","properties":{"name":"Oulens-sous-Echallens","cantonId":"vaud","municipalityId":"oulens-sous-echallens-5529"},"geometry":{"type":"Polygon","coordinates":[[[6.58324,46.63117],[6.57674,46.63518],[6.57209,46.63537],[6.56723,46.63229],[6.56107,46.63568],[6.5618,46.63867],[6.55605,46.64005],[6.5586,46.64437],[6.55655,46.64514],[6.55799,46.6468],[6.55624,46.65115],[6.56369,46.65412],[6.56576,46.65975],[6.57048,46.6622],[6.57358,46.65981],[6.57543,46.66174],[6.58218,46.6613],[6.58352,46.65493],[6.58743,46.65307],[6.58558,46.65166],[6.58787,46.64977],[6.58461,46.64559],[6.58765,46.64337],[6.5848,46.63872],[6.58795,46.63589],[6.5836,46.63186],[6.58324,46.63117]]]}},{"type":"Feature","properties":{"name":"Pailly","cantonId":"vaud","municipalityId":"pailly-5530"},"geometry":{"type":"Polygon","coordinates":[[[6.65893,46.70108],[6.66397,46.71281],[6.67706,46.71247],[6.68662,46.70838],[6.69089,46.70613],[6.69126,46.69981],[6.68469,46.69061],[6.67301,46.68548],[6.66882,46.68543],[6.65707,46.69222],[6.65959,46.69625],[6.65932,46.70089],[6.65893,46.70108]]]}},{"type":"Feature","properties":{"name":"Paudex","cantonId":"vaud","municipalityId":"paudex-5588"},"geometry":{"type":"Polygon","coordinates":[[[6.6737,46.51326],[6.67874,46.51155],[6.67586,46.50872],[6.6746,46.45444],[6.66651,46.45454],[6.66787,46.50407],[6.67369,46.51321],[6.6737,46.51326]]]}},{"type":"Feature","properties":{"name":"Payerne","cantonId":"vaud","municipalityId":"payerne-5822"},"geometry":{"type":"Polygon","coordinates":[[[6.92994,46.8539],[6.94028,46.85954],[6.9503,46.86163],[6.95551,46.85078],[6.95165,46.84842],[6.94341,46.8364],[6.9512,46.82942],[6.94751,46.82631],[6.96022,46.81776],[6.95651,46.81494],[6.95929,46.81222],[6.95779,46.81121],[6.96667,46.80271],[6.95693,46.79467],[6.95747,46.7881],[6.95012,46.78278],[6.94346,46.78419],[6.93936,46.78083],[6.93738,46.78601],[6.93461,46.78726],[6.92167,46.78137],[6.91813,46.7825],[6.91855,46.7869],[6.91649,46.7885],[6.92107,46.79673],[6.92618,46.79863],[6.93156,46.80544],[6.92742,46.80906],[6.92,46.81057],[6.91135,46.80314],[6.90489,46.80561],[6.91085,46.81253],[6.90488,46.82512],[6.91017,46.83877],[6.92041,46.84808],[6.93063,46.85325],[6.92994,46.8539]]]}},{"type":"Feature","properties":{"name":"Penthalaz","cantonId":"vaud","municipalityId":"penthalaz-5495"},"geometry":{"type":"Polygon","coordinates":[[[6.52266,46.59875],[6.51985,46.60408],[6.52149,46.60451],[6.5172,46.60767],[6.51962,46.60926],[6.51551,46.61443],[6.52216,46.62295],[6.53,46.62525],[6.5345,46.62056],[6.5406,46.62004],[6.54353,46.61817],[6.54257,46.61615],[6.54746,46.61458],[6.52997,46.60351],[6.52917,46.5991],[6.52292,46.59869],[6.52266,46.59875]]]}},{"type":"Feature","properties":{"name":"Penthaz","cantonId":"vaud","municipalityId":"penthaz-5496"},"geometry":{"type":"Polygon","coordinates":[[[6.55292,46.59882],[6.55355,46.59436],[6.55017,46.59302],[6.55371,46.59268],[6.55398,46.58899],[6.54227,46.5903],[6.54232,46.58861],[6.53797,46.58981],[6.53101,46.58798],[6.52729,46.58822],[6.52986,46.59183],[6.52876,46.60011],[6.53591,46.60818],[6.54502,46.61288],[6.55065,46.60906],[6.54843,46.60628],[6.55396,46.60478],[6.55069,46.60116],[6.55297,46.599],[6.55292,46.59882]]]}},{"type":"Feature","properties":{"name":"Penthéréaz","cantonId":"vaud","municipalityId":"penthereaz-5531"},"geometry":{"type":"Polygon","coordinates":[[[6.62451,46.68319],[6.6186,46.67417],[6.60554,46.67277],[6.6054,46.6703],[6.59377,46.67224],[6.58504,46.68154],[6.58884,46.68441],[6.58636,46.69035],[6.58948,46.6918],[6.59215,46.68943],[6.60649,46.68962],[6.62413,46.69569],[6.62648,46.69472],[6.62455,46.68323],[6.62451,46.68319]]]}},{"type":"Feature","properties":{"name":"Perroy","cantonId":"vaud","municipalityId":"perroy-5860"},"geometry":{"type":"Polygon","coordinates":[[[6.39449,46.41166],[6.36654,46.40793],[6.35059,46.46756],[6.34571,46.47088],[6.34217,46.47996],[6.34701,46.4802],[6.35266,46.47411],[6.35797,46.47751],[6.36759,46.47741],[6.3711,46.46879],[6.3797,46.46461],[6.39449,46.41166]]]}},{"type":"Feature","properties":{"name":"Poliez-Pittet","cantonId":"vaud","municipalityId":"poliez-pittet-5533"},"geometry":{"type":"Polygon","coordinates":[[[6.7054,46.60662],[6.69488,46.6112],[6.68837,46.61027],[6.68827,46.61456],[6.67488,46.6197],[6.67589,46.62556],[6.67067,46.62963],[6.67302,46.63152],[6.67185,46.63339],[6.6796,46.63832],[6.69659,46.63315],[6.69535,46.63156],[6.69895,46.63084],[6.70212,46.62214],[6.70016,46.61937],[6.70139,46.6147],[6.70641,46.61179],[6.7054,46.60668],[6.7054,46.60662]]]}},{"type":"Feature","properties":{"name":"Pompaples","cantonId":"vaud","municipalityId":"pompaples-5497"},"geometry":{"type":"Polygon","coordinates":[[[6.54907,46.68939],[6.5497,46.68274],[6.53754,46.68476],[6.53722,46.68169],[6.53306,46.68389],[6.52168,46.6702],[6.51963,46.67039],[6.51944,46.66454],[6.51138,46.66182],[6.49464,46.67022],[6.49825,46.66944],[6.50279,46.67442],[6.50604,46.672],[6.50841,46.67833],[6.50838,46.6763],[6.51639,46.67926],[6.52396,46.68784],[6.53796,46.68846],[6.53837,46.69143],[6.54897,46.68941],[6.54907,46.68939]]]}},{"type":"Feature","properties":{"name":"Pomy","cantonId":"vaud","municipalityId":"pomy-5926"},"geometry":{"type":"Polygon","coordinates":[[[6.68857,46.75716],[6.68007,46.7451],[6.67893,46.74853],[6.67299,46.74277],[6.66522,46.74814],[6.65953,46.74894],[6.65489,46.75646],[6.65083,46.75688],[6.6537,46.76018],[6.64956,46.76161],[6.65816,46.76895],[6.67087,46.7727],[6.678,46.7716],[6.67713,46.76843],[6.68263,46.76605],[6.6787,46.76405],[6.68322,46.76191],[6.68093,46.75792],[6.68564,46.75612],[6.68803,46.75733],[6.68857,46.75716]]]}},{"type":"Feature","properties":{"name":"Prangins","cantonId":"vaud","municipalityId":"prangins-5725"},"geometry":{"type":"Polygon","coordinates":[[[6.25542,46.41352],[6.27184,46.40497],[6.27041,46.40381],[6.27214,46.40119],[6.29295,46.3815],[6.26807,46.3684],[6.24767,46.38693],[6.23826,46.392],[6.23646,46.39676],[6.23909,46.39944],[6.23921,46.40347],[6.24457,46.40866],[6.24307,46.41089],[6.24715,46.41176],[6.24489,46.41425],[6.24623,46.41627],[6.25537,46.41401],[6.25542,46.41352]]]}},{"type":"Feature","properties":{"name":"Premier","cantonId":"vaud","municipalityId":"premier-5759"},"geometry":{"type":"Polygon","coordinates":[[[6.40491,46.70425],[6.43154,46.71182],[6.43979,46.71885],[6.43679,46.72122],[6.44305,46.72625],[6.45124,46.7251],[6.44982,46.71855],[6.45589,46.71746],[6.45775,46.712],[6.46216,46.71227],[6.4607,46.70779],[6.46517,46.70137],[6.45459,46.69925],[6.43909,46.70112],[6.43165,46.69783],[6.42702,46.70264],[6.42344,46.70142],[6.41895,46.70663],[6.41272,46.70347],[6.40539,46.70392],[6.40491,46.70425]]]}},{"type":"Feature","properties":{"name":"Préverenges","cantonId":"vaud","municipalityId":"preverenges-5643"},"geometry":{"type":"Polygon","coordinates":[[[6.54179,46.51366],[6.54049,46.51173],[6.54474,46.51104],[6.53946,46.50756],[6.53817,46.45615],[6.52954,46.45625],[6.5134,46.51875],[6.53115,46.52415],[6.53395,46.52228],[6.53309,46.51756],[6.54171,46.51369],[6.54179,46.51366]]]}},{"type":"Feature","properties":{"name":"Prévonloup","cantonId":"vaud","municipalityId":"prevonloup-5683"},"geometry":{"type":"Polygon","coordinates":[[[6.88101,46.69006],[6.87857,46.69153],[6.87546,46.68819],[6.87114,46.68932],[6.87909,46.69631],[6.87591,46.69799],[6.87687,46.70038],[6.8721,46.7024],[6.87535,46.70562],[6.88188,46.70327],[6.88761,46.70483],[6.89441,46.70129],[6.88959,46.69389],[6.88108,46.6901],[6.88101,46.69006]]]}},{"type":"Feature","properties":{"name":"Prilly","cantonId":"vaud","municipalityId":"prilly-5589"},"geometry":{"type":"Polygon","coordinates":[[[6.60528,46.55059],[6.61233,46.55013],[6.61023,46.5398],[6.61285,46.53539],[6.60736,46.53146],[6.60752,46.52846],[6.60375,46.5288],[6.60332,46.52464],[6.60028,46.52566],[6.5985,46.53913],[6.59522,46.54009],[6.59752,46.54153],[6.59646,46.5426],[6.60484,46.54551],[6.60279,46.54893],[6.60477,46.55039],[6.60528,46.55059]]]}},{"type":"Feature","properties":{"name":"Provence","cantonId":"vaud","municipalityId":"provence-5566"},"geometry":{"type":"Polygon","coordinates":[[[6.67791,46.87632],[6.67263,46.87684],[6.66376,46.87293],[6.65486,46.87328],[6.6449,46.8778],[6.63021,46.89163],[6.64549,46.90617],[6.64723,46.91071],[6.68428,46.92564],[6.72083,46.9361],[6.72041,46.93333],[6.72371,46.93112],[6.71754,46.91587],[6.71671,46.90608],[6.74012,46.89482],[6.73797,46.88439],[6.71602,46.88844],[6.69141,46.88414],[6.68787,46.88518],[6.68605,46.88436],[6.69028,46.88026],[6.67891,46.87662],[6.67791,46.87632]]]}},{"type":"Feature","properties":{"name":"Puidoux","cantonId":"vaud","municipalityId":"puidoux-5607"},"geometry":{"type":"Polygon","coordinates":[[[6.75574,46.50568],[6.76271,46.52016],[6.78039,46.52603],[6.78489,46.53287],[6.80324,46.54807],[6.81289,46.54436],[6.80392,46.52959],[6.81228,46.52599],[6.81087,46.52513],[6.8181,46.51651],[6.82428,46.51208],[6.8165,46.50956],[6.81634,46.50564],[6.81096,46.49952],[6.80833,46.49945],[6.8074,46.49249],[6.81118,46.49069],[6.80731,46.48892],[6.80838,46.4853],[6.79872,46.48498],[6.79731,46.48169],[6.79904,46.4801],[6.7948,46.4814],[6.78723,46.49075],[6.77858,46.49152],[6.77904,46.49358],[6.7744,46.49318],[6.77412,46.48681],[6.77059,46.48844],[6.76829,46.48623],[6.7633,46.4861],[6.77503,46.48128],[6.7748,46.47778],[6.77763,46.47487],[6.7628,46.43855],[6.73369,46.44423],[6.75414,46.49311],[6.75573,46.50566],[6.75574,46.50568]]]}},{"type":"Feature","properties":{"name":"Pully","cantonId":"vaud","municipalityId":"pully-5590"},"geometry":{"type":"Polygon","coordinates":[[[6.69816,46.54262],[6.70206,46.53873],[6.69522,46.53431],[6.6899,46.53415],[6.67054,46.52082],[6.67371,46.51331],[6.66787,46.50407],[6.66651,46.45454],[6.6406,46.45488],[6.64204,46.50588],[6.63935,46.51041],[6.65366,46.5133],[6.65415,46.5181],[6.65897,46.51996],[6.6644,46.52623],[6.66862,46.52637],[6.67078,46.5329],[6.68502,46.53787],[6.69125,46.54456],[6.69804,46.54256],[6.69816,46.54262]]]}},{"type":"Feature","properties":{"name":"Rances","cantonId":"vaud","municipalityId":"rances-5760"},"geometry":{"type":"Polygon","coordinates":[[[6.49969,46.75893],[6.48171,46.76538],[6.4737,46.76127],[6.46748,46.76702],[6.45343,46.76339],[6.45211,46.7649],[6.45853,46.77284],[6.46349,46.77188],[6.47479,46.77634],[6.51038,46.76748],[6.51466,46.77161],[6.51786,46.77018],[6.51976,46.77213],[6.52577,46.7696],[6.52473,46.77201],[6.52876,46.77496],[6.54285,46.77438],[6.546,46.76508],[6.55032,46.76207],[6.53746,46.75363],[6.53056,46.75517],[6.53009,46.75747],[6.52324,46.75539],[6.5166,46.75817],[6.50827,46.75541],[6.50515,46.76079],[6.50184,46.76065],[6.49969,46.75893]]]}},{"type":"Feature","properties":{"name":"Renens (VD)","cantonId":"vaud","municipalityId":"renens-vd-5591"},"geometry":{"type":"Polygon","coordinates":[[[6.58898,46.54551],[6.59139,46.54623],[6.59752,46.54153],[6.59522,46.54009],[6.5985,46.53913],[6.59892,46.53019],[6.60226,46.52497],[6.60085,46.52352],[6.57787,46.53004],[6.58137,46.53392],[6.57696,46.53774],[6.58112,46.54125],[6.58139,46.54535],[6.58833,46.54515],[6.58898,46.54551]]]}},{"type":"Feature","properties":{"name":"Rennaz","cantonId":"vaud","municipalityId":"rennaz-5412"},"geometry":{"type":"Polygon","coordinates":[[[6.90691,46.36474],[6.90735,46.37622],[6.9148,46.3789],[6.91362,46.38066],[6.92062,46.3847],[6.92842,46.38474],[6.92421,46.36878],[6.91741,46.36811],[6.91577,46.37007],[6.90712,46.3648],[6.90691,46.36474]]]}},{"type":"Feature","properties":{"name":"Rivaz","cantonId":"vaud","municipalityId":"rivaz-5609"},"geometry":{"type":"Polygon","coordinates":[[[6.78598,46.47457],[6.77071,46.437],[6.7628,46.43855],[6.77761,46.47478],[6.7748,46.47797],[6.77959,46.47949],[6.78594,46.47458],[6.78598,46.47457]]]}},{"type":"Feature","properties":{"name":"Roche (VD)","cantonId":"vaud","municipalityId":"roche-vd-5413"},"geometry":{"type":"Polygon","coordinates":[[[6.90691,46.36474],[6.91577,46.37007],[6.91741,46.36811],[6.92421,46.36878],[6.92515,46.37146],[6.94442,46.36928],[6.9434,46.36691],[6.94687,46.36598],[6.94601,46.36437],[6.952,46.36414],[6.93971,46.35459],[6.93309,46.35253],[6.93422,46.34974],[6.91456,46.34711],[6.90448,46.34961],[6.91058,46.35314],[6.90283,46.36163],[6.90387,46.36463],[6.90647,46.36465],[6.90691,46.36474]]]}},{"type":"Feature","properties":{"name":"Rolle","cantonId":"vaud","municipalityId":"rolle-5861"},"geometry":{"type":"Polygon","coordinates":[[[6.35365,46.4062],[6.3183,46.44555],[6.32471,46.44931],[6.32242,46.45099],[6.3245,46.45226],[6.31995,46.45575],[6.32294,46.45799],[6.31916,46.46084],[6.33765,46.46789],[6.33795,46.46384],[6.35181,46.46326],[6.36654,46.40793],[6.35365,46.4062]]]}},{"type":"Feature","properties":{"name":"Romainmôtier-Envy","cantonId":"vaud","municipalityId":"romainmotier-envy-5761"},"geometry":{"type":"Polygon","coordinates":[[[6.47486,46.66843],[6.46873,46.66962],[6.47449,46.67343],[6.4635,46.67508],[6.46375,46.67097],[6.46013,46.67104],[6.44644,46.66205],[6.44824,46.67071],[6.45715,46.67742],[6.46174,46.67502],[6.46316,46.67804],[6.46047,46.67929],[6.4611,46.681],[6.45662,46.68001],[6.46227,46.68149],[6.46323,46.68375],[6.45905,46.68592],[6.45704,46.68363],[6.45487,46.68942],[6.4565,46.6915],[6.45216,46.69402],[6.44027,46.69487],[6.43587,46.69313],[6.42674,46.69724],[6.43909,46.70112],[6.45459,46.69925],[6.46956,46.70291],[6.48201,46.70191],[6.48336,46.69763],[6.47015,46.69275],[6.47465,46.69278],[6.47611,46.69016],[6.47229,46.68364],[6.47465,46.6783],[6.48485,46.67368],[6.47975,46.67294],[6.47568,46.66923],[6.47486,46.66843]]]}},{"type":"Feature","properties":{"name":"Romanel-sur-Lausanne","cantonId":"vaud","municipalityId":"romanel-sur-lausanne-5592"},"geometry":{"type":"Polygon","coordinates":[[[6.61991,46.55115],[6.61446,46.54898],[6.6089,46.55165],[6.60528,46.55059],[6.60253,46.5525],[6.60301,46.55576],[6.59798,46.55853],[6.59883,46.56258],[6.59512,46.56551],[6.60072,46.56977],[6.61739,46.56783],[6.61614,46.56399],[6.6191,46.56116],[6.61924,46.55748],[6.61746,46.55515],[6.62003,46.55155],[6.61991,46.55115]]]}},{"type":"Feature","properties":{"name":"Romanel-sur-Morges","cantonId":"vaud","municipalityId":"romanel-sur-morges-5645"},"geometry":{"type":"Polygon","coordinates":[[[6.52681,46.56103],[6.51535,46.55037],[6.50933,46.55081],[6.50752,46.54774],[6.5035,46.54981],[6.50563,46.55376],[6.49904,46.55533],[6.50003,46.55818],[6.49771,46.55947],[6.4998,46.56326],[6.50951,46.55981],[6.52054,46.5594],[6.52227,46.56305],[6.52678,46.5611],[6.52681,46.56103]]]}},{"type":"Feature","properties":{"name":"Ropraz","cantonId":"vaud","municipalityId":"ropraz-5798"},"geometry":{"type":"MultiPolygon","coordinates":[[[[6.74967,46.59132],[6.74377,46.58915],[6.74508,46.59393],[6.74336,46.60091],[6.74774,46.60861],[6.74464,46.60947],[6.74637,46.61263],[6.7438,46.6139],[6.74478,46.61665],[6.75474,46.62703],[6.75358,46.62921],[6.75696,46.63084],[6.76128,46.631],[6.75984,46.62838],[6.76602,46.62339],[6.76669,46.61955],[6.75906,46.60436],[6.75914,46.59961],[6.75296,46.59654],[6.74977,46.59151],[6.74967,46.59132]]],[[[6.74251,46.58921],[6.7358,46.58505],[6.73941,46.59142],[6.74143,46.59029],[6.74251,46.58921]]]]}},{"type":"Feature","properties":{"name":"Rossenges","cantonId":"vaud","municipalityId":"rossenges-5684"},"geometry":{"type":"Polygon","coordinates":[[[6.78218,46.65777],[6.78028,46.65013],[6.77249,46.6483],[6.76714,46.65062],[6.76879,46.65692],[6.77268,46.65951],[6.77998,46.65903],[6.78218,46.65777]]]}},{"type":"Feature","properties":{"name":"Rossinière","cantonId":"vaud","municipalityId":"rossiniere-5842"},"geometry":{"type":"Polygon","coordinates":[[[7.10036,46.48699],[7.10506,46.48334],[7.10746,46.47478],[7.10417,46.47492],[7.10425,46.46968],[7.09275,46.45854],[7.08135,46.45546],[7.04712,46.43983],[7.03688,46.44269],[7.02701,46.43757],[7.02191,46.44596],[7.01768,46.4465],[7.02022,46.45945],[7.03851,46.47432],[7.06582,46.48904],[7.07239,46.4864],[7.07758,46.48884],[7.0889,46.48693],[7.09801,46.48841],[7.10036,46.48699]]]}},{"type":"Feature","properties":{"name":"Rougemont","cantonId":"vaud","municipalityId":"rougemont-5843"},"geometry":{"type":"Polygon","coordinates":[[[7.17025,46.53222],[7.18233,46.53837],[7.19217,46.54656],[7.20081,46.54169],[7.20765,46.53291],[7.22342,46.54787],[7.23644,46.55408],[7.23715,46.54635],[7.24603,46.53753],[7.24473,46.53319],[7.24918,46.52113],[7.24526,46.50218],[7.23956,46.49579],[7.23258,46.49478],[7.23556,46.49279],[7.23619,46.48803],[7.22414,46.48689],[7.22498,46.47748],[7.23091,46.4662],[7.22889,46.45892],[7.22636,46.45747],[7.23232,46.45394],[7.22597,46.45165],[7.22694,46.44918],[7.2231,46.44231],[7.21313,46.43951],[7.19495,46.44061],[7.19715,46.45068],[7.20022,46.454],[7.18492,46.46333],[7.18711,46.46443],[7.18625,46.46725],[7.17964,46.47743],[7.18259,46.47883],[7.18045,46.48301],[7.18487,46.48899],[7.18449,46.49483],[7.16909,46.50269],[7.16948,46.50921],[7.16533,46.51226],[7.17576,46.52307],[7.17128,46.52898],[7.17025,46.53222]]]}},{"type":"Feature","properties":{"name":"Rovray","cantonId":"vaud","municipalityId":"rovray-5928"},"geometry":{"type":"Polygon","coordinates":[[[6.76256,46.77605],[6.74694,46.78205],[6.74842,46.78503],[6.76366,46.79054],[6.77682,46.80252],[6.77881,46.80058],[6.78353,46.80283],[6.78668,46.7984],[6.77858,46.79389],[6.77532,46.78888],[6.77243,46.78911],[6.77229,46.78473],[6.76945,46.78449],[6.76347,46.77708],[6.76256,46.77605]]]}},{"type":"Feature","properties":{"name":"Rueyres","cantonId":"vaud","municipalityId":"rueyres-5534"},"geometry":{"type":"Polygon","coordinates":[[[6.68414,46.69049],[6.69126,46.69981],[6.69321,46.70915],[6.69751,46.71265],[6.69921,46.70232],[6.70188,46.70101],[6.70047,46.69488],[6.69124,46.68513],[6.68502,46.68988],[6.68414,46.69049]]]}},{"type":"Feature","properties":{"name":"Saint-Barthélemy (VD)","cantonId":"vaud","municipalityId":"saint-barthelemy-vd-5535"},"geometry":{"type":"Polygon","coordinates":[[[6.61313,46.64366],[6.62012,46.64039],[6.61739,46.63678],[6.61667,46.63019],[6.61178,46.62455],[6.60897,46.6291],[6.59863,46.62822],[6.59552,46.62436],[6.58319,46.62857],[6.58293,46.63046],[6.58791,46.63581],[6.58766,46.63861],[6.5931,46.63837],[6.59772,46.64368],[6.60056,46.64276],[6.60636,46.64535],[6.61283,46.6436],[6.61313,46.64366]]]}},{"type":"Feature","properties":{"name":"Saint-Cergue","cantonId":"vaud","municipalityId":"saint-cergue-5727"},"geometry":{"type":"Polygon","coordinates":[[[6.09689,46.48132],[6.10041,46.47369],[6.11458,46.47091],[6.11663,46.46251],[6.1266,46.46088],[6.13741,46.46354],[6.15814,46.46041],[6.15773,46.4586],[6.16296,46.45672],[6.16748,46.45814],[6.18106,46.4546],[6.18213,46.45358],[6.17926,46.45141],[6.17322,46.45126],[6.1811,46.44829],[6.17982,46.44676],[6.17554,46.44516],[6.16812,46.44661],[6.16603,46.44421],[6.17644,46.44043],[6.17761,46.43798],[6.17051,46.42943],[6.17644,46.42859],[6.17962,46.42593],[6.18018,46.42199],[6.16824,46.42425],[6.14148,46.43575],[6.11467,46.43894],[6.09767,46.44747],[6.08392,46.43952],[6.0864,46.4439],[6.08438,46.44746],[6.07441,46.45353],[6.07691,46.45761],[6.07344,46.4599],[6.07279,46.46546],[6.08554,46.47366],[6.09689,46.48132]]]}},{"type":"Feature","properties":{"name":"Saint-George","cantonId":"vaud","municipalityId":"saint-george-5434"},"geometry":{"type":"Polygon","coordinates":[[[6.23857,46.54414],[6.24666,46.54419],[6.25666,46.5386],[6.26629,46.53749],[6.26908,46.53369],[6.27502,46.53296],[6.28237,46.52724],[6.27629,46.51968],[6.28503,46.51728],[6.28578,46.51229],[6.26909,46.50518],[6.2623,46.49867],[6.25054,46.50319],[6.24612,46.50847],[6.23815,46.52591],[6.23933,46.52823],[6.22738,46.53024],[6.23788,46.54375],[6.23857,46.54414]]]}},{"type":"Feature","properties":{"name":"Saint-Livres","cantonId":"vaud","municipalityId":"saint-livres-5435"},"geometry":{"type":"Polygon","coordinates":[[[6.35882,46.51884],[6.35852,46.52154],[6.36154,46.52463],[6.36064,46.53138],[6.37023,46.53668],[6.37832,46.53567],[6.38019,46.53071],[6.39409,46.5248],[6.39834,46.51798],[6.40448,46.51351],[6.39316,46.50841],[6.39479,46.50377],[6.39865,46.50138],[6.39587,46.4999],[6.39654,46.49663],[6.3864,46.49926],[6.37447,46.50622],[6.3723,46.51041],[6.35883,46.51884],[6.35882,46.51884]]]}},{"type":"Feature","properties":{"name":"Saint-Oyens","cantonId":"vaud","municipalityId":"saint-oyens-5436"},"geometry":{"type":"Polygon","coordinates":[[[6.31665,46.49909],[6.30873,46.49539],[6.30795,46.49395],[6.31229,46.49187],[6.30606,46.48897],[6.30243,46.4876],[6.2949,46.49099],[6.28017,46.48442],[6.27698,46.48902],[6.28329,46.49032],[6.29122,46.49851],[6.29205,46.50307],[6.31088,46.5025],[6.31656,46.49912],[6.31665,46.49909]]]}},{"type":"Feature","properties":{"name":"Saint-Prex","cantonId":"vaud","municipalityId":"saint-prex-5646"},"geometry":{"type":"Polygon","coordinates":[[[6.4283,46.47455],[6.42798,46.47643],[6.4357,46.48217],[6.43265,46.48506],[6.435,46.48625],[6.43379,46.4874],[6.43949,46.48982],[6.43585,46.49326],[6.43765,46.49447],[6.43435,46.49804],[6.43605,46.4992],[6.44308,46.49395],[6.45026,46.4929],[6.462,46.49978],[6.4675,46.49751],[6.46387,46.49624],[6.46489,46.49504],[6.47182,46.49168],[6.47745,46.49449],[6.51359,46.45399],[6.46859,46.43447],[6.43471,46.47328],[6.4285,46.47451],[6.4283,46.47455]]]}},{"type":"Feature","properties":{"name":"Saint-Saphorin (Lavaux)","cantonId":"vaud","municipalityId":"saint-saphorin-lavaux-5610"},"geometry":{"type":"Polygon","coordinates":[[[6.78598,46.47457],[6.789,46.47474],[6.79073,46.47824],[6.785,46.48203],[6.7908,46.48203],[6.78824,46.48958],[6.7948,46.4814],[6.79904,46.4801],[6.79907,46.47256],[6.7834,46.43451],[6.77071,46.437],[6.78599,46.47441],[6.78598,46.47457]]]}},{"type":"Feature","properties":{"name":"Saint-Sulpice (VD)","cantonId":"vaud","municipalityId":"saint-sulpice-vd-5648"},"geometry":{"type":"Polygon","coordinates":[[[6.54179,46.51366],[6.55776,46.51413],[6.58508,46.51964],[6.58665,46.51743],[6.58504,46.45558],[6.53817,46.45615],[6.53946,46.50756],[6.54474,46.51104],[6.54049,46.51173],[6.54169,46.51353],[6.54179,46.51366]]]}},{"type":"Feature","properties":{"name":"Sainte-Croix","cantonId":"vaud","municipalityId":"sainte-croix-5568"},"geometry":{"type":"Polygon","coordinates":[[[6.52754,46.85872],[6.5357,46.8544],[6.52626,46.84751],[6.52223,46.83657],[6.53229,46.83233],[6.53361,46.82468],[6.54344,46.81689],[6.55652,46.81887],[6.5538,46.81322],[6.54589,46.808],[6.5226,46.80717],[6.50105,46.80229],[6.46755,46.79037],[6.46332,46.79199],[6.44349,46.80996],[6.43479,46.8015],[6.43104,46.81237],[6.44084,46.81583],[6.43952,46.82399],[6.44316,46.83272],[6.46004,46.85131],[6.46537,46.85084],[6.46653,46.84784],[6.48211,46.8466],[6.5273,46.85869],[6.52754,46.85872]]]}},{"type":"Feature","properties":{"name":"Saubraz","cantonId":"vaud","municipalityId":"saubraz-5437"},"geometry":{"type":"Polygon","coordinates":[[[6.31368,46.53398],[6.31616,46.53007],[6.33014,46.52086],[6.35063,46.51715],[6.34509,46.51528],[6.34605,46.51402],[6.34103,46.51024],[6.3374,46.50995],[6.33577,46.50708],[6.33705,46.50414],[6.315,46.5179],[6.3074,46.52869],[6.31357,46.53384],[6.31368,46.53398]]]}},{"type":"Feature","properties":{"name":"Savigny","cantonId":"vaud","municipalityId":"savigny-5611"},"geometry":{"type":"Polygon","coordinates":[[[6.69816,46.54262],[6.7002,46.55012],[6.70381,46.55224],[6.70955,46.56432],[6.71799,46.57257],[6.72587,46.57378],[6.73005,46.56982],[6.7333,46.57255],[6.74273,46.57369],[6.74859,46.56848],[6.74745,46.56653],[6.74399,46.567],[6.74181,46.56367],[6.74243,46.56164],[6.74969,46.56042],[6.75034,46.55801],[6.75566,46.55543],[6.75035,46.55098],[6.75374,46.54706],[6.7513,46.54571],[6.75339,46.54498],[6.74811,46.54175],[6.74541,46.53456],[6.72014,46.51794],[6.71598,46.51805],[6.7182,46.5238],[6.71434,46.52747],[6.71735,46.52935],[6.70897,46.53352],[6.71164,46.53443],[6.71154,46.53646],[6.70215,46.53891],[6.6983,46.54265],[6.69816,46.54262]]]}},{"type":"Feature","properties":{"name":"Senarclens","cantonId":"vaud","municipalityId":"senarclens-5499"},"geometry":{"type":"Polygon","coordinates":[[[6.48426,46.60835],[6.49002,46.60726],[6.49187,46.60972],[6.49739,46.60664],[6.4951,46.60102],[6.49832,46.59983],[6.49658,46.59639],[6.50055,46.59396],[6.49358,46.59103],[6.49477,46.58265],[6.49318,46.58704],[6.47789,46.58975],[6.47533,46.59489],[6.47831,46.59621],[6.47522,46.59724],[6.47627,46.60006],[6.47268,46.59964],[6.46873,46.60616],[6.46455,46.60679],[6.46488,46.60833],[6.47373,46.60744],[6.47519,46.61026],[6.48359,46.60861],[6.48426,46.60835]]]}},{"type":"Feature","properties":{"name":"Sergey","cantonId":"vaud","municipalityId":"sergey-5762"},"geometry":{"type":"Polygon","coordinates":[[[6.49969,46.75893],[6.50515,46.76079],[6.50995,46.75436],[6.50557,46.75299],[6.50729,46.75198],[6.50325,46.74196],[6.49966,46.74567],[6.49165,46.74283],[6.49579,46.74918],[6.49463,46.75229],[6.49951,46.7587],[6.49969,46.75893]]]}},{"type":"Feature","properties":{"name":"Servion","cantonId":"vaud","municipalityId":"servion-5799"},"geometry":{"type":"Polygon","coordinates":[[[6.77588,46.56152],[6.76023,46.5662],[6.75802,46.56312],[6.75102,46.56619],[6.74273,46.57369],[6.74846,46.57991],[6.765,46.57841],[6.76867,46.57433],[6.77498,46.57784],[6.77534,46.58573],[6.78546,46.58503],[6.79372,46.58039],[6.7955,46.58347],[6.79921,46.58356],[6.7913,46.56984],[6.77932,46.56406],[6.77588,46.56152]]]}},{"type":"Feature","properties":{"name":"Signy-Avenex","cantonId":"vaud","municipalityId":"signy-avenex-5728"},"geometry":{"type":"Polygon","coordinates":[[[6.19022,46.38605],[6.18864,46.38733],[6.19486,46.39093],[6.20221,46.39952],[6.20901,46.40177],[6.21436,46.40034],[6.21026,46.39463],[6.21734,46.39098],[6.21239,46.38611],[6.20649,46.39036],[6.20456,46.38662],[6.19911,46.38874],[6.19377,46.38346],[6.19034,46.38611],[6.19022,46.38605]]]}},{"type":"Feature","properties":{"name":"Suchy","cantonId":"vaud","municipalityId":"suchy-5929"},"geometry":{"type":"Polygon","coordinates":[[[6.61851,46.70617],[6.6093,46.7042],[6.60689,46.70736],[6.60776,46.71248],[6.6041,46.71164],[6.6046,46.71302],[6.59745,46.71485],[6.5927,46.71367],[6.58417,46.71924],[6.58719,46.72108],[6.58519,46.72613],[6.59586,46.73805],[6.59852,46.73529],[6.61403,46.73327],[6.62186,46.72465],[6.61923,46.71558],[6.62286,46.71389],[6.62251,46.71091],[6.61887,46.70661],[6.61851,46.70617]]]}},{"type":"Feature","properties":{"name":"Sullens","cantonId":"vaud","municipalityId":"sullens-5501"},"geometry":{"type":"Polygon","coordinates":[[[6.55292,46.59882],[6.56093,46.59794],[6.56527,46.60075],[6.57085,46.6001],[6.57256,46.60413],[6.57451,46.60392],[6.57342,46.59801],[6.57772,46.5977],[6.57731,46.59434],[6.58084,46.59203],[6.58511,46.5923],[6.58466,46.58936],[6.58163,46.58374],[6.57661,46.58446],[6.57557,46.58132],[6.56698,46.5819],[6.55979,46.58556],[6.54908,46.5858],[6.55031,46.58939],[6.554,46.58901],[6.55371,46.59268],[6.55017,46.59302],[6.55355,46.59436],[6.55288,46.59871],[6.55292,46.59882]]]}},{"type":"Feature","properties":{"name":"Suscévaz","cantonId":"vaud","municipalityId":"suscevaz-5930"},"geometry":{"type":"Polygon","coordinates":[[[6.60253,46.75685],[6.59699,46.7535],[6.59947,46.74827],[6.59295,46.74762],[6.57394,46.76081],[6.57211,46.76446],[6.57556,46.77083],[6.57942,46.7728],[6.57903,46.77701],[6.58338,46.78083],[6.58712,46.77929],[6.58451,46.77629],[6.58725,46.77575],[6.58785,46.76886],[6.59282,46.76717],[6.60235,46.75706],[6.60253,46.75685]]]}},{"type":"Feature","properties":{"name":"Syens","cantonId":"vaud","municipalityId":"syens-5688"},"geometry":{"type":"Polygon","coordinates":[[[6.78733,46.63952],[6.7833,46.63932],[6.78331,46.63608],[6.78041,46.63429],[6.77192,46.63458],[6.77011,46.63139],[6.76506,46.6328],[6.77065,46.64132],[6.76938,46.64318],[6.77202,46.64792],[6.7816,46.65103],[6.78218,46.65777],[6.78477,46.65629],[6.78484,46.65131],[6.78994,46.64892],[6.78729,46.63967],[6.78733,46.63952]]]}},{"type":"Feature","properties":{"name":"Tannay","cantonId":"vaud","municipalityId":"tannay-5729"},"geometry":{"type":"Polygon","coordinates":[[[6.21166,46.30151],[6.207,46.29537],[6.17338,46.30665],[6.1712,46.30929],[6.16396,46.30804],[6.15825,46.31121],[6.1432,46.31111],[6.14441,46.3174],[6.16581,46.31226],[6.18001,46.31376],[6.18695,46.31051],[6.21166,46.30151]]]}},{"type":"Feature","properties":{"name":"Tartegnin","cantonId":"vaud","municipalityId":"tartegnin-5862"},"geometry":{"type":"Polygon","coordinates":[[[6.32426,46.46326],[6.31916,46.46084],[6.31474,46.46374],[6.30911,46.46376],[6.3075,46.4682],[6.30959,46.46938],[6.30414,46.47353],[6.30297,46.47742],[6.30615,46.47995],[6.31267,46.47442],[6.31793,46.46511],[6.32416,46.46329],[6.32426,46.46326]]]}},{"type":"Feature","properties":{"name":"Tévenon","cantonId":"vaud","municipalityId":"tevenon-5571"},"geometry":{"type":"Polygon","coordinates":[[[6.63805,46.83789],[6.63435,46.83991],[6.62768,46.8383],[6.62026,46.83974],[6.61671,46.85092],[6.62199,46.85168],[6.62007,46.85435],[6.62814,46.85734],[6.62115,46.86513],[6.62739,46.86689],[6.62478,46.87057],[6.61238,46.86747],[6.61003,46.87016],[6.61329,46.87176],[6.61085,46.87798],[6.60463,46.8829],[6.60656,46.88668],[6.61464,46.88892],[6.62711,46.88871],[6.63021,46.89163],[6.6449,46.8778],[6.65868,46.87236],[6.64769,46.87204],[6.65442,46.87036],[6.65629,46.86263],[6.66369,46.86492],[6.65978,46.85689],[6.66148,46.8504],[6.65845,46.85022],[6.65668,46.84623],[6.65247,46.84422],[6.6508,46.84749],[6.63956,46.84636],[6.64021,46.84137],[6.63814,46.83793],[6.63805,46.83789]]]}},{"type":"Feature","properties":{"name":"Tolochenaz","cantonId":"vaud","municipalityId":"tolochenaz-5649"},"geometry":{"type":"Polygon","coordinates":[[[6.47437,46.50923],[6.47663,46.51126],[6.48682,46.50156],[6.51911,46.45638],[6.51359,46.45399],[6.47684,46.49603],[6.47407,46.49571],[6.46791,46.50172],[6.46959,46.50264],[6.46792,46.50417],[6.47259,46.50778],[6.47437,46.50923]]]}},{"type":"Feature","properties":{"name":"Trélex","cantonId":"vaud","municipalityId":"trelex-5730"},"geometry":{"type":"Polygon","coordinates":[[[6.21364,46.40642],[6.20568,46.40301],[6.20434,46.40567],[6.20126,46.40453],[6.18887,46.41313],[6.18018,46.42199],[6.17876,46.42678],[6.17051,46.42943],[6.17764,46.43799],[6.18704,46.43078],[6.19945,46.4276],[6.20987,46.4192],[6.21879,46.41605],[6.21632,46.41329],[6.21931,46.41308],[6.2176,46.41185],[6.21967,46.41052],[6.21365,46.40642],[6.21364,46.40642]]]}},{"type":"Feature","properties":{"name":"Trey","cantonId":"vaud","municipalityId":"trey-5827"},"geometry":{"type":"Polygon","coordinates":[[[6.9288,46.76746],[6.92011,46.75986],[6.91437,46.76275],[6.91673,46.76529],[6.91364,46.76751],[6.91591,46.76874],[6.91065,46.77088],[6.91167,46.77407],[6.90795,46.77545],[6.91706,46.78463],[6.91664,46.78706],[6.91855,46.7869],[6.91813,46.7825],[6.92136,46.78138],[6.93456,46.78725],[6.93738,46.78601],[6.93763,46.7795],[6.93154,46.77541],[6.93307,46.7747],[6.93125,46.77251],[6.93531,46.77154],[6.92907,46.76778],[6.9288,46.76746]]]}},{"type":"Feature","properties":{"name":"Treycovagnes","cantonId":"vaud","municipalityId":"treycovagnes-5931"},"geometry":{"type":"Polygon","coordinates":[[[6.61628,46.78128],[6.62092,46.77338],[6.60434,46.76481],[6.60775,46.76022],[6.60253,46.75685],[6.59282,46.76717],[6.61482,46.78021],[6.61628,46.78128]]]}},{"type":"Feature","properties":{"name":"Treytorrens (Payerne)","cantonId":"vaud","municipalityId":"treytorrens-payerne-5828"},"geometry":{"type":"Polygon","coordinates":[[[6.81847,46.77768],[6.81046,46.76981],[6.79763,46.76187],[6.79778,46.76845],[6.79497,46.76695],[6.78883,46.77105],[6.7939,46.78027],[6.80466,46.78565],[6.81344,46.78027],[6.81303,46.77834],[6.81841,46.77772],[6.81847,46.77768]]]}},{"type":"Feature","properties":{"name":"Ursins","cantonId":"vaud","municipalityId":"ursins-5932"},"geometry":{"type":"Polygon","coordinates":[[[6.6764,46.74627],[6.68343,46.74078],[6.68067,46.73428],[6.67442,46.72729],[6.67131,46.72695],[6.66838,46.72077],[6.65707,46.72834],[6.65576,46.73218],[6.66776,46.7463],[6.67299,46.74277],[6.67637,46.74624],[6.6764,46.74627]]]}},{"type":"Feature","properties":{"name":"Valbroye","cantonId":"vaud","municipalityId":"valbroye-5831"},"geometry":{"type":"MultiPolygon","coordinates":[[[[6.78445,46.73543],[6.78419,46.74586],[6.79729,46.75676],[6.79442,46.7595],[6.81046,46.76981],[6.81847,46.77768],[6.8254,46.77284],[6.82807,46.77663],[6.83308,46.77455],[6.8395,46.78096],[6.84411,46.77887],[6.85049,46.78236],[6.84923,46.78406],[6.8516,46.78588],[6.85909,46.78801],[6.8638,46.78529],[6.86189,46.78317],[6.8638,46.78113],[6.87955,46.7753],[6.88813,46.77828],[6.89421,46.7773],[6.89983,46.78006],[6.89912,46.7816],[6.90971,46.78355],[6.90824,46.78202],[6.911,46.77971],[6.90795,46.77545],[6.91167,46.77407],[6.91065,46.77088],[6.91562,46.76916],[6.91364,46.76751],[6.91673,46.76529],[6.90828,46.75747],[6.91064,46.75603],[6.90898,46.75478],[6.90999,46.75163],[6.89917,46.75487],[6.89183,46.7503],[6.88613,46.75381],[6.88209,46.74981],[6.87564,46.7539],[6.87699,46.75588],[6.86334,46.7636],[6.85883,46.76146],[6.85768,46.76275],[6.86018,46.7664],[6.85442,46.77203],[6.85157,46.77228],[6.85307,46.77472],[6.84894,46.77311],[6.84763,46.77494],[6.84564,46.77171],[6.84882,46.77113],[6.84361,46.76656],[6.84547,46.76586],[6.82932,46.75608],[6.82822,46.75448],[6.83043,46.75382],[6.82647,46.75226],[6.82434,46.7474],[6.81512,46.74064],[6.81533,46.73758],[6.80595,46.7354],[6.80401,46.73687],[6.79811,46.73407],[6.79665,46.73635],[6.78446,46.73542],[6.78445,46.73543]]],[[[6.89677,46.73771],[6.90199,46.73669],[6.90825,46.73217],[6.90906,46.729],[6.91465,46.73267],[6.91504,46.73023],[6.92259,46.72651],[6.92001,46.72058],[6.90452,46.71417],[6.89809,46.70844],[6.89334,46.70996],[6.89269,46.71439],[6.88885,46.71348],[6.88786,46.71682],[6.87835,46.72143],[6.87143,46.72105],[6.8666,46.71647],[6.86409,46.71998],[6.86061,46.7195],[6.86271,46.72579],[6.86793,46.72842],[6.86541,46.72933],[6.86652,46.73286],[6.87129,46.73052],[6.88192,46.74103],[6.88793,46.74065],[6.88908,46.73762],[6.89349,46.73618],[6.89633,46.73728],[6.89677,46.73771]]]]}},{"type":"Feature","properties":{"name":"Valeyres-sous-Montagny","cantonId":"vaud","municipalityId":"valeyres-sous-montagny-5933"},"geometry":{"type":"Polygon","coordinates":[[[6.6211,46.79484],[6.61162,46.79491],[6.61033,46.79747],[6.60433,46.79817],[6.58498,46.79654],[6.5848,46.79979],[6.58257,46.79939],[6.58307,46.80225],[6.58758,46.80334],[6.59403,46.80146],[6.59292,46.80331],[6.59583,46.80433],[6.59488,46.80571],[6.60779,46.80721],[6.60891,46.80354],[6.61524,46.80512],[6.61631,46.80187],[6.61908,46.80249],[6.621,46.79499],[6.6211,46.79484]]]}},{"type":"Feature","properties":{"name":"Valeyres-sous-Rances","cantonId":"vaud","municipalityId":"valeyres-sous-rances-5763"},"geometry":{"type":"Polygon","coordinates":[[[6.54455,46.75782],[6.54652,46.75619],[6.5437,46.75437],[6.54476,46.75187],[6.5493,46.74937],[6.55823,46.75265],[6.57917,46.74536],[6.56458,46.73848],[6.55744,46.74573],[6.54898,46.74192],[6.53756,46.74778],[6.53308,46.7442],[6.52807,46.74367],[6.52728,46.73834],[6.5231,46.73849],[6.5241,46.74021],[6.52053,46.74215],[6.50325,46.74196],[6.50729,46.75198],[6.50557,46.75299],[6.50995,46.75436],[6.50827,46.75541],[6.50951,46.75657],[6.5166,46.75817],[6.52331,46.75539],[6.53009,46.75747],[6.53056,46.75517],[6.53746,46.75363],[6.54455,46.75783],[6.54455,46.75782]]]}},{"type":"Feature","properties":{"name":"Valeyres-sous-Ursins","cantonId":"vaud","municipalityId":"valeyres-sous-ursins-5934"},"geometry":{"type":"Polygon","coordinates":[[[6.65095,46.75676],[6.65489,46.75646],[6.66189,46.74743],[6.66621,46.74763],[6.66732,46.74398],[6.66309,46.74268],[6.65865,46.73724],[6.66002,46.73629],[6.65576,46.73218],[6.65021,46.73589],[6.64632,46.74204],[6.64063,46.74424],[6.64078,46.75052],[6.65094,46.75675],[6.65095,46.75676]]]}},{"type":"Feature","properties":{"name":"Vallorbe","cantonId":"vaud","municipalityId":"vallorbe-5764"},"geometry":{"type":"Polygon","coordinates":[[[6.40491,46.70425],[6.39154,46.69756],[6.38346,46.70042],[6.3799,46.69625],[6.36901,46.69618],[6.35051,46.68401],[6.3369,46.68528],[6.30725,46.6989],[6.35214,46.71487],[6.36016,46.7231],[6.36416,46.72178],[6.3717,46.72413],[6.3713,46.72919],[6.36778,46.72916],[6.37046,46.7305],[6.38565,46.73193],[6.39069,46.73023],[6.39713,46.72247],[6.40409,46.72261],[6.40763,46.71879],[6.4288,46.72394],[6.43979,46.71885],[6.4306,46.71135],[6.40506,46.7044],[6.40491,46.70425]]]}},{"type":"Feature","properties":{"name":"Vaulion","cantonId":"vaud","municipalityId":"vaulion-5765"},"geometry":{"type":"Polygon","coordinates":[[[6.35008,46.66887],[6.35062,46.68419],[6.36901,46.69618],[6.3799,46.69625],[6.38346,46.70042],[6.39154,46.69756],[6.40491,46.70425],[6.41272,46.70347],[6.41895,46.70663],[6.42344,46.70142],[6.42702,46.70264],[6.43137,46.69786],[6.42674,46.69724],[6.42593,46.69344],[6.41633,46.69067],[6.40171,46.68992],[6.39675,46.68483],[6.39588,46.68262],[6.39753,46.68185],[6.39303,46.67789],[6.39034,46.67114],[6.36741,46.66526],[6.35754,46.67155],[6.35408,46.67034],[6.35008,46.66887]]]}},{"type":"Feature","properties":{"name":"Vaux-sur-Morges","cantonId":"vaud","municipalityId":"vaux-sur-morges-5650"},"geometry":{"type":"Polygon","coordinates":[[[6.45691,46.53451],[6.45526,46.53791],[6.44818,46.53782],[6.45562,46.54576],[6.46148,46.54374],[6.46623,46.54593],[6.47106,46.54477],[6.47363,46.54128],[6.47182,46.53772],[6.47438,46.53641],[6.47366,46.52974],[6.45695,46.53446],[6.45691,46.53451]]]}},{"type":"Feature","properties":{"name":"Vevey","cantonId":"vaud","municipalityId":"vevey-5890"},"geometry":{"type":"Polygon","coordinates":[[[6.85802,46.47822],[6.85933,46.47738],[6.85714,46.47412],[6.85312,46.47261],[6.85455,46.47126],[6.85305,46.46809],[6.85631,46.46389],[6.8631,46.46343],[6.86159,46.46183],[6.86322,46.46127],[6.85224,46.45674],[6.83215,46.42392],[6.81627,46.4281],[6.8324,46.46741],[6.84553,46.46898],[6.85791,46.47813],[6.85802,46.47822]]]}},{"type":"Feature","properties":{"name":"Veytaux","cantonId":"vaud","municipalityId":"veytaux-5891"},"geometry":{"type":"Polygon","coordinates":[[[6.9841,46.43798],[6.99281,46.43889],[7.01719,46.44792],[7.01838,46.44587],[7.02191,46.44596],[7.02255,46.4432],[7.01101,46.43816],[6.99684,46.43654],[6.98087,46.43113],[6.97601,46.4318],[6.93737,46.40846],[6.87968,46.41],[6.96614,46.43365],[6.97739,46.433],[6.98255,46.43717],[6.9841,46.43798]]]}},{"type":"Feature","properties":{"name":"Vich","cantonId":"vaud","municipalityId":"vich-5732"},"geometry":{"type":"Polygon","coordinates":[[[6.24159,46.4331],[6.23913,46.44031],[6.23196,46.44388],[6.23235,46.44642],[6.24053,46.44216],[6.24629,46.43172],[6.25275,46.4339],[6.25727,46.42901],[6.25479,46.42303],[6.25902,46.41616],[6.25542,46.41352],[6.25594,46.41507],[6.25053,46.4157],[6.25119,46.42254],[6.24177,46.43283],[6.24159,46.4331]]]}},{"type":"Feature","properties":{"name":"Villars-Epeney","cantonId":"vaud","municipalityId":"villars-epeney-5935"},"geometry":{"type":"Polygon","coordinates":[[[6.69331,46.78181],[6.6901,46.78268],[6.70452,46.79074],[6.70507,46.78707],[6.70219,46.78493],[6.70481,46.78425],[6.70261,46.78078],[6.70448,46.78057],[6.70382,46.77876],[6.70152,46.7771],[6.69947,46.77957],[6.69478,46.77695],[6.69387,46.78154],[6.69331,46.78181]]]}},{"type":"Feature","properties":{"name":"Villars-le-Comte","cantonId":"vaud","municipalityId":"villars-le-comte-5690"},"geometry":{"type":"Polygon","coordinates":[[[6.80621,46.72694],[6.81565,46.72652],[6.80936,46.72128],[6.81665,46.71981],[6.81891,46.71655],[6.81082,46.70791],[6.80704,46.70801],[6.8007,46.70256],[6.79796,46.70515],[6.79142,46.70102],[6.78429,46.70382],[6.78578,46.71073],[6.80609,46.72687],[6.80621,46.72694]]]}},{"type":"Feature","properties":{"name":"Villars-le-Terroir","cantonId":"vaud","municipalityId":"villars-le-terroir-5537"},"geometry":{"type":"Polygon","coordinates":[[[6.62439,46.6487],[6.62922,46.65817],[6.62301,46.65945],[6.63183,46.6644],[6.63326,46.66782],[6.62599,46.66922],[6.62415,46.67167],[6.62193,46.67073],[6.6186,46.67417],[6.62436,46.68313],[6.62868,46.68247],[6.62687,46.68101],[6.62785,46.67573],[6.634,46.67395],[6.63394,46.67125],[6.64168,46.67098],[6.64158,46.66803],[6.64891,46.66797],[6.65015,46.67194],[6.65502,46.67142],[6.66858,46.67691],[6.65664,46.66317],[6.65705,46.659],[6.66205,46.65708],[6.6584,46.65389],[6.65965,46.64976],[6.65536,46.64641],[6.65348,46.64829],[6.64774,46.6464],[6.6401,46.65022],[6.63803,46.64648],[6.6378,46.64892],[6.63301,46.65071],[6.6308,46.6474],[6.62444,46.64869],[6.62439,46.6487]]]}},{"type":"Feature","properties":{"name":"Villars-Sainte-Croix","cantonId":"vaud","municipalityId":"villars-sainte-croix-5651"},"geometry":{"type":"Polygon","coordinates":[[[6.55149,46.56355],[6.55149,46.56575],[6.55384,46.56587],[6.55377,46.57028],[6.57175,46.57444],[6.57492,46.57414],[6.5734,46.56908],[6.56287,46.55802],[6.55671,46.56326],[6.55149,46.56355]]]}},{"type":"Feature","properties":{"name":"Villars-sous-Yens","cantonId":"vaud","municipalityId":"villars-sous-yens-5652"},"geometry":{"type":"Polygon","coordinates":[[[6.44459,46.50889],[6.44208,46.50567],[6.43756,46.50577],[6.43435,46.49804],[6.43565,46.49675],[6.43017,46.49495],[6.41483,46.50692],[6.4163,46.51108],[6.4211,46.51063],[6.42559,46.51259],[6.4261,46.51496],[6.42879,46.51309],[6.43238,46.5166],[6.43658,46.51462],[6.43871,46.5193],[6.44188,46.51443],[6.43938,46.51151],[6.44422,46.50924],[6.44459,46.50889]]]}},{"type":"Feature","properties":{"name":"Villarzel","cantonId":"vaud","municipalityId":"villarzel-5830"},"geometry":{"type":"Polygon","coordinates":[[[6.89677,46.73771],[6.90015,46.74288],[6.89547,46.74378],[6.89758,46.74763],[6.89319,46.75123],[6.8966,46.75395],[6.90978,46.75161],[6.91181,46.75459],[6.91668,46.75462],[6.92006,46.75131],[6.93088,46.75405],[6.94111,46.74514],[6.93501,46.7359],[6.93634,46.73395],[6.92069,46.72165],[6.92259,46.72651],[6.91504,46.73023],[6.91465,46.73267],[6.90906,46.729],[6.90825,46.73217],[6.90199,46.73669],[6.89707,46.73752],[6.89677,46.73771]]]}},{"type":"Feature","properties":{"name":"Villeneuve (VD)","cantonId":"vaud","municipalityId":"villeneuve-vd-5414"},"geometry":{"type":"Polygon","coordinates":[[[6.87968,46.41],[6.93737,46.40846],[6.97601,46.4318],[6.98087,46.43113],[6.99684,46.43654],[7.01101,46.43816],[7.02257,46.44327],[7.02471,46.44033],[7.01502,46.4331],[7.01632,46.42257],[7.04061,46.42344],[7.01252,46.40518],[7.00288,46.40269],[6.998,46.39759],[6.99479,46.39849],[6.98113,46.38779],[6.95888,46.38227],[6.95311,46.37642],[6.94316,46.37154],[6.93592,46.36968],[6.92515,46.37146],[6.92842,46.38474],[6.92297,46.3932],[6.9138,46.39999],[6.87968,46.41]]]}},{"type":"Feature","properties":{"name":"Vinzel","cantonId":"vaud","municipalityId":"vinzel-5863"},"geometry":{"type":"Polygon","coordinates":[[[6.2862,46.44037],[6.2768,46.44523],[6.26755,46.45903],[6.27321,46.45911],[6.28621,46.44504],[6.28634,46.44064],[6.2862,46.44037]]]}},{"type":"Feature","properties":{"name":"Vuarrens","cantonId":"vaud","municipalityId":"vuarrens-5539"},"geometry":{"type":"Polygon","coordinates":[[[6.65893,46.70108],[6.65959,46.69625],[6.65707,46.69222],[6.66882,46.68543],[6.66655,46.67793],[6.65502,46.67142],[6.65004,46.67188],[6.64891,46.66797],[6.64158,46.66803],[6.64168,46.67098],[6.63394,46.67125],[6.634,46.67395],[6.62735,46.67646],[6.62687,46.68101],[6.62868,46.68247],[6.62451,46.68319],[6.6263,46.68627],[6.62513,46.68926],[6.62899,46.69051],[6.63217,46.70029],[6.63546,46.70086],[6.6372,46.70482],[6.64256,46.70085],[6.64398,46.70463],[6.64668,46.70108],[6.65318,46.70336],[6.65853,46.70127],[6.65893,46.70108]]]}},{"type":"Feature","properties":{"name":"Vucherens","cantonId":"vaud","municipalityId":"vucherens-5692"},"geometry":{"type":"Polygon","coordinates":[[[6.76506,46.6328],[6.77011,46.63139],[6.77192,46.63458],[6.78041,46.63429],[6.78331,46.63608],[6.7833,46.63932],[6.78733,46.63952],[6.78671,46.63074],[6.7885,46.62847],[6.78523,46.62123],[6.78103,46.61991],[6.77994,46.61598],[6.7666,46.61943],[6.76601,46.62341],[6.75984,46.62838],[6.76493,46.63264],[6.76506,46.6328]]]}},{"type":"Feature","properties":{"name":"Vufflens-la-Ville","cantonId":"vaud","municipalityId":"vufflens-la-ville-5503"},"geometry":{"type":"Polygon","coordinates":[[[6.526,46.57597],[6.52822,46.57912],[6.52556,46.58151],[6.52805,46.58322],[6.52485,46.5853],[6.52552,46.59032],[6.53101,46.58798],[6.53797,46.58981],[6.54232,46.58861],[6.54227,46.5903],[6.55031,46.58939],[6.5467,46.57599],[6.54846,46.57567],[6.54812,46.56968],[6.54984,46.56941],[6.54888,46.56683],[6.55147,46.56667],[6.55154,46.56362],[6.53354,46.5602],[6.5268,46.56222],[6.52599,46.56743],[6.52394,46.56773],[6.52598,46.57593],[6.526,46.57597]]]}},{"type":"Feature","properties":{"name":"Vufflens-le-Château","cantonId":"vaud","municipalityId":"vufflens-le-chateau-5653"},"geometry":{"type":"Polygon","coordinates":[[[6.45582,46.52718],[6.45219,46.52986],[6.45628,46.53461],[6.47496,46.52965],[6.48082,46.52376],[6.48101,46.52095],[6.47188,46.52126],[6.47215,46.51609],[6.46911,46.51239],[6.46584,46.51812],[6.46794,46.52009],[6.4579,46.52572],[6.45582,46.52718]]]}},{"type":"Feature","properties":{"name":"Vugelles-La Mothe","cantonId":"vaud","municipalityId":"vugelles-la-mothe-5937"},"geometry":{"type":"Polygon","coordinates":[[[6.55808,46.81959],[6.56466,46.82616],[6.56694,46.83177],[6.5786,46.83652],[6.5864,46.82742],[6.58865,46.8277],[6.58742,46.82497],[6.59483,46.82515],[6.59481,46.82305],[6.5812,46.82322],[6.57571,46.82037],[6.57696,46.81849],[6.56982,46.81667],[6.57085,46.81535],[6.56375,46.81439],[6.55855,46.81918],[6.55808,46.81959]]]}},{"type":"Feature","properties":{"name":"Vuiteboeuf","cantonId":"vaud","municipalityId":"vuiteboeuf-5766"},"geometry":{"type":"Polygon","coordinates":[[[6.55808,46.81959],[6.57141,46.80798],[6.57264,46.80498],[6.56912,46.80198],[6.57295,46.79488],[6.56701,46.7966],[6.56306,46.79404],[6.56262,46.79668],[6.55821,46.79331],[6.55107,46.79258],[6.54148,46.80065],[6.53062,46.80342],[6.52839,46.80659],[6.53209,46.80835],[6.54589,46.808],[6.5538,46.81322],[6.55384,46.81588],[6.55792,46.81949],[6.55808,46.81959]]]}},{"type":"Feature","properties":{"name":"Vulliens","cantonId":"vaud","municipalityId":"vulliens-5803"},"geometry":{"type":"Polygon","coordinates":[[[6.78733,46.63952],[6.78785,46.64659],[6.79216,46.65179],[6.80367,46.64568],[6.79692,46.63315],[6.80228,46.62776],[6.80354,46.62125],[6.80184,46.61556],[6.80389,46.6094],[6.80194,46.60075],[6.79455,46.59904],[6.78708,46.60097],[6.78804,46.60537],[6.78172,46.60603],[6.7845,46.61154],[6.78304,46.61442],[6.77961,46.61494],[6.78103,46.61991],[6.78523,46.62123],[6.78848,46.62836],[6.78671,46.63074],[6.78733,46.63947],[6.78733,46.63952]]]}},{"type":"Feature","properties":{"name":"Vullierens","cantonId":"vaud","municipalityId":"vullierens-5654"},"geometry":{"type":"Polygon","coordinates":[[[6.49459,46.56061],[6.4927,46.55402],[6.48872,46.55504],[6.48916,46.55764],[6.47487,46.56449],[6.47234,46.56296],[6.47286,46.56546],[6.46184,46.56622],[6.46332,46.56901],[6.46005,46.57431],[6.46216,46.57495],[6.46224,46.58121],[6.46994,46.58151],[6.4733,46.58345],[6.47285,46.58651],[6.47744,46.58697],[6.47844,46.58958],[6.49318,46.58704],[6.49705,46.57827],[6.49559,46.57484],[6.49703,46.57364],[6.49298,46.57067],[6.49741,46.56708],[6.49469,46.56175],[6.49459,46.56061]]]}},{"type":"Feature","properties":{"name":"Vully-les-Lacs","cantonId":"vaud","municipalityId":"vully-les-lacs-5464"},"geometry":{"type":"Polygon","coordinates":[[[7.05955,46.9515],[7.0613,46.94227],[7.05789,46.93861],[7.07218,46.92471],[7.04064,46.9101],[7.02014,46.89687],[7.01874,46.89807],[7.01778,46.89429],[7.01425,46.8957],[7.00951,46.88904],[6.98117,46.90942],[6.98447,46.91199],[6.98177,46.91359],[6.9875,46.91818],[6.9864,46.91987],[6.97811,46.92341],[6.97154,46.92119],[6.96491,46.92439],[6.9282,46.9534],[6.95881,46.96723],[6.98764,46.9375],[7.00002,46.92988],[7.00924,46.93482],[7.01005,46.93263],[7.01851,46.92888],[7.02532,46.93121],[7.02894,46.93305],[7.02347,46.93685],[7.05643,46.95048],[7.05955,46.9515]]]}},{"type":"Feature","properties":{"name":"Yens","cantonId":"vaud","municipalityId":"yens-5655"},"geometry":{"type":"Polygon","coordinates":[[[6.37327,46.5377],[6.38602,46.54686],[6.39552,46.53976],[6.42033,46.53509],[6.42284,46.52918],[6.4407,46.51956],[6.43721,46.51827],[6.43658,46.51462],[6.43238,46.5166],[6.42879,46.51309],[6.4261,46.51496],[6.42556,46.51257],[6.41592,46.50995],[6.40422,46.51216],[6.39443,46.52453],[6.38019,46.53071],[6.37832,46.53567],[6.3703,46.53669],[6.37318,46.53766],[6.37327,46.5377]]]}},{"type":"Feature","properties":{"name":"Yverdon-les-Bains","cantonId":"vaud","municipalityId":"yverdon-les-bains-5938"},"geometry":{"type":"Polygon","coordinates":[[[6.65393,46.79758],[6.65999,46.78602],[6.66649,46.78067],[6.66106,46.77851],[6.66468,46.77788],[6.6659,46.77289],[6.67205,46.77378],[6.65816,46.76895],[6.64956,46.76161],[6.65321,46.75899],[6.64327,46.75043],[6.64078,46.75052],[6.64105,46.74261],[6.63679,46.73888],[6.63364,46.73866],[6.63545,46.74334],[6.63124,46.74393],[6.63161,46.7476],[6.62834,46.75],[6.63108,46.75234],[6.62811,46.7525],[6.6345,46.75454],[6.63519,46.75676],[6.63233,46.76003],[6.62788,46.75915],[6.62348,46.76285],[6.61161,46.75521],[6.60434,46.76481],[6.62092,46.77338],[6.61686,46.77806],[6.6174,46.7807],[6.62118,46.78112],[6.61955,46.7829],[6.62578,46.78562],[6.62327,46.78848],[6.63612,46.79576],[6.65393,46.79758]]]}},{"type":"Feature","properties":{"name":"Yvonand","cantonId":"vaud","municipalityId":"yvonand-5939"},"geometry":{"type":"Polygon","coordinates":[[[6.7353,46.77036],[6.72504,46.77255],[6.72491,46.7748],[6.72184,46.77554],[6.71175,46.77175],[6.70969,46.77304],[6.71126,46.77693],[6.70925,46.78058],[6.70261,46.78078],[6.70496,46.78332],[6.7022,46.78506],[6.70507,46.78707],[6.70385,46.78794],[6.70663,46.79282],[6.72251,46.80039],[6.71051,46.82115],[6.74187,46.82788],[6.77682,46.80252],[6.76366,46.79054],[6.74842,46.78503],[6.74694,46.78205],[6.75462,46.77996],[6.74882,46.77851],[6.73597,46.77013],[6.7353,46.77036]]]}},{"type":"Feature","properties":{"name":"Yvorne","cantonId":"vaud","municipalityId":"yvorne-5415"},"geometry":{"type":"Polygon","coordinates":[[[6.9876,46.34611],[6.9855,46.33916],[6.9782,46.32956],[6.96314,46.32433],[6.96054,46.32584],[6.93511,46.32444],[6.91951,46.33887],[6.90215,46.33854],[6.89583,46.34059],[6.91073,46.34777],[6.93422,46.34974],[6.93309,46.35253],[6.93971,46.35459],[6.94648,46.3603],[6.9539,46.35869],[6.95531,46.35372],[6.94872,46.34991],[6.95499,46.33666],[6.96523,46.3372],[6.96974,46.34191],[6.98811,46.35006],[6.98752,46.34626],[6.9876,46.34611]]]}}]}
