{"type":"FeatureCollection","features":[{"type":"Feature","properties":{"name":"Adliswil","cantonId":"zurich","municipalityId":"adliswil-131"},"geometry":{"type":"Polygon","coordinates":[[[8.53066,47.30049],[8.52589,47.29819],[8.52371,47.29229],[8.51313,47.28627],[8.50935,47.28722],[8.50829,47.29409],[8.50988,47.29401],[8.50666,47.29937],[8.50896,47.30241],[8.50711,47.30535],[8.51011,47.30866],[8.50616,47.3122],[8.50318,47.32022],[8.52373,47.32416],[8.52427,47.32608],[8.53632,47.33017],[8.53448,47.3236],[8.54077,47.30739],[8.5308,47.30068],[8.53066,47.30049]]]}},{"type":"Feature","properties":{"name":"Aesch (ZH)","cantonId":"zurich","municipalityId":"aesch-zh-241"},"geometry":{"type":"Polygon","coordinates":[[[8.43274,47.32641],[8.41629,47.32446],[8.41264,47.32687],[8.41674,47.3338],[8.41649,47.34179],[8.43398,47.34667],[8.44116,47.34357],[8.44211,47.34634],[8.45159,47.34242],[8.45016,47.34088],[8.45524,47.33482],[8.45101,47.33362],[8.44985,47.33049],[8.43478,47.32532],[8.43274,47.32641]]]}},{"type":"Feature","properties":{"name":"Aeugst am Albis","cantonId":"zurich","municipalityId":"aeugst-am-albis-1"},"geometry":{"type":"Polygon","coordinates":[[[8.50388,47.27308],[8.50109,47.27246],[8.50367,47.26484],[8.50216,47.26132],[8.48707,47.26069],[8.48406,47.25722],[8.47345,47.26116],[8.47242,47.26338],[8.47511,47.26447],[8.47679,47.26893],[8.47221,47.27404],[8.47222,47.27942],[8.47287,47.28184],[8.47699,47.2816],[8.47114,47.28431],[8.4773,47.2889],[8.48397,47.28913],[8.48544,47.29303],[8.49307,47.29245],[8.51135,47.2829],[8.51092,47.27919],[8.50825,47.27789],[8.50963,47.27576],[8.50418,47.27308],[8.50388,47.27308]]]}},{"type":"Feature","properties":{"name":"Affoltern am Albis","cantonId":"zurich","municipalityId":"affoltern-am-albis-2"},"geometry":{"type":"Polygon","coordinates":[[[8.41466,47.2936],[8.42914,47.30068],[8.42967,47.29848],[8.43917,47.29553],[8.44395,47.29047],[8.45077,47.28892],[8.4567,47.2914],[8.45973,47.2904],[8.46049,47.29416],[8.47675,47.29307],[8.47747,47.2885],[8.47301,47.28727],[8.47114,47.28431],[8.47699,47.2816],[8.47287,47.28184],[8.47222,47.27942],[8.47221,47.27404],[8.47679,47.26893],[8.47511,47.26447],[8.46148,47.26379],[8.45177,47.26832],[8.44774,47.26781],[8.44823,47.26379],[8.44609,47.26338],[8.44624,47.26602],[8.43601,47.27466],[8.43863,47.27697],[8.4359,47.2799],[8.42626,47.27901],[8.41957,47.29288],[8.41653,47.29166],[8.41468,47.29358],[8.41466,47.2936]]]}},{"type":"Feature","properties":{"name":"Altikon","cantonId":"zurich","municipalityId":"altikon-211"},"geometry":{"type":"Polygon","coordinates":[[[8.76196,47.59286],[8.80605,47.58315],[8.80241,47.58285],[8.80107,47.58054],[8.80621,47.5795],[8.80475,47.57506],[8.8081,47.57433],[8.80742,47.57157],[8.81024,47.57096],[8.80126,47.56386],[8.78974,47.5668],[8.76859,47.56702],[8.76848,47.56955],[8.76539,47.57081],[8.76561,47.57445],[8.76274,47.57516],[8.76507,47.58009],[8.76169,47.59119],[8.76196,47.59286]]]}},{"type":"Feature","properties":{"name":"Andelfingen","cantonId":"zurich","municipalityId":"andelfingen-291"},"geometry":{"type":"Polygon","coordinates":[[[8.72625,47.59613],[8.72558,47.59126],[8.72316,47.59185],[8.72272,47.58938],[8.71779,47.58749],[8.73437,47.57552],[8.73032,47.57215],[8.71728,47.57796],[8.71463,47.57685],[8.70934,47.58126],[8.70894,47.5745],[8.70602,47.57495],[8.70538,47.57206],[8.70278,47.57194],[8.69893,47.56718],[8.69544,47.57018],[8.68322,47.56919],[8.68246,47.57093],[8.67463,47.57113],[8.67485,47.56692],[8.67018,47.56615],[8.6696,47.56274],[8.66753,47.56281],[8.66179,47.56892],[8.6657,47.57127],[8.66298,47.57323],[8.66489,47.5752],[8.66252,47.57858],[8.65798,47.58055],[8.65895,47.58741],[8.6421,47.58604],[8.64001,47.5914],[8.65054,47.58881],[8.65209,47.59597],[8.66315,47.60721],[8.67024,47.60623],[8.68178,47.59695],[8.69602,47.59767],[8.70236,47.5954],[8.71911,47.60497],[8.72499,47.59942],[8.71758,47.59509],[8.72605,47.59607],[8.72625,47.59613]]]}},{"type":"Feature","properties":{"name":"Bachenbülach","cantonId":"zurich","municipalityId":"bachenbuelach-51"},"geometry":{"type":"Polygon","coordinates":[[[8.53959,47.48762],[8.53473,47.48739],[8.52794,47.49123],[8.52869,47.49584],[8.52236,47.49903],[8.55636,47.51473],[8.56197,47.51053],[8.56587,47.51192],[8.5686,47.50905],[8.56185,47.50885],[8.56668,47.50193],[8.56359,47.5025],[8.55972,47.49854],[8.54683,47.49844],[8.53994,47.49428],[8.53825,47.49541],[8.53669,47.49405],[8.53975,47.48767],[8.53959,47.48762]]]}},{"type":"Feature","properties":{"name":"Bachs","cantonId":"zurich","municipalityId":"bachs-81"},"geometry":{"type":"Polygon","coordinates":[[[8.40257,47.53324],[8.40443,47.53432],[8.40108,47.54008],[8.40422,47.53821],[8.40511,47.54186],[8.41113,47.5461],[8.42202,47.54618],[8.43474,47.53713],[8.43897,47.53879],[8.43999,47.53643],[8.44544,47.53493],[8.443,47.53362],[8.45211,47.52554],[8.45293,47.51955],[8.45876,47.51811],[8.46147,47.51513],[8.45443,47.51113],[8.44851,47.51192],[8.44671,47.51519],[8.44124,47.51511],[8.44031,47.51242],[8.43743,47.51388],[8.42905,47.51214],[8.41719,47.52525],[8.4009,47.5293],[8.40234,47.5329],[8.40257,47.53324]]]}},{"type":"Feature","properties":{"name":"Bäretswil","cantonId":"zurich","municipalityId":"baeretswil-111"},"geometry":{"type":"Polygon","coordinates":[[[8.90796,47.34966],[8.90495,47.3428],[8.91026,47.3374],[8.90578,47.33446],[8.91278,47.3277],[8.90955,47.326],[8.91561,47.32422],[8.9139,47.31799],[8.89029,47.32061],[8.88855,47.31624],[8.88379,47.31501],[8.87259,47.31674],[8.86609,47.32122],[8.86089,47.31966],[8.84633,47.32359],[8.84151,47.33187],[8.83308,47.33248],[8.82851,47.33658],[8.82887,47.3399],[8.82068,47.34626],[8.82294,47.34558],[8.82466,47.34785],[8.83111,47.3456],[8.83744,47.34654],[8.83939,47.34973],[8.84724,47.35376],[8.85323,47.35453],[8.85585,47.36048],[8.85459,47.36141],[8.85829,47.36605],[8.86024,47.36559],[8.859,47.36393],[8.86674,47.36194],[8.8719,47.3566],[8.87893,47.35541],[8.88299,47.35201],[8.88616,47.35375],[8.88923,47.35135],[8.89661,47.35483],[8.89686,47.35232],[8.90346,47.35289],[8.90798,47.3497],[8.90796,47.34966]]]}},{"type":"Feature","properties":{"name":"Bassersdorf","cantonId":"zurich","municipalityId":"bassersdorf-52"},"geometry":{"type":"Polygon","coordinates":[[[8.60306,47.4392],[8.60689,47.4439],[8.60618,47.45213],[8.61803,47.45989],[8.62572,47.45822],[8.63119,47.45287],[8.63728,47.45253],[8.6359,47.45081],[8.6397,47.4455],[8.64919,47.43808],[8.66017,47.43397],[8.65666,47.43319],[8.65565,47.42765],[8.66138,47.42298],[8.65858,47.42037],[8.63305,47.42708],[8.63233,47.43077],[8.62752,47.43053],[8.62665,47.43466],[8.61095,47.4342],[8.6034,47.43903],[8.60306,47.4392]]]}},{"type":"Feature","properties":{"name":"Bauma","cantonId":"zurich","municipalityId":"bauma-297"},"geometry":{"type":"Polygon","coordinates":[[[8.90796,47.34966],[8.90346,47.35289],[8.89686,47.35232],[8.89661,47.35483],[8.88923,47.35135],[8.88616,47.35375],[8.88316,47.35196],[8.87893,47.35541],[8.8719,47.3566],[8.86674,47.36194],[8.859,47.36393],[8.86024,47.36559],[8.85379,47.36559],[8.85301,47.36898],[8.84965,47.36834],[8.85115,47.37046],[8.84847,47.37298],[8.84937,47.3748],[8.84596,47.37545],[8.84685,47.37948],[8.83968,47.38206],[8.84193,47.38371],[8.83869,47.38474],[8.83808,47.38764],[8.84164,47.38854],[8.84167,47.39183],[8.83884,47.39449],[8.85294,47.39618],[8.85285,47.39843],[8.85796,47.39219],[8.88438,47.39253],[8.88834,47.40139],[8.88928,47.39915],[8.89509,47.40172],[8.89877,47.39821],[8.91138,47.40141],[8.92593,47.39693],[8.94356,47.38555],[8.94013,47.37975],[8.94358,47.37584],[8.93539,47.37165],[8.93066,47.3648],[8.92403,47.36394],[8.91995,47.35885],[8.91245,47.35886],[8.91273,47.35237],[8.91043,47.35166],[8.91339,47.34793],[8.9081,47.34958],[8.90796,47.34966]]]}},{"type":"Feature","properties":{"name":"Benken (ZH)","cantonId":"zurich","municipalityId":"benken-zh-22"},"geometry":{"type":"Polygon","coordinates":[[[8.65671,47.6403],[8.65323,47.6435],[8.64789,47.64202],[8.64568,47.64446],[8.64471,47.64056],[8.63924,47.64199],[8.63581,47.64569],[8.6401,47.6562],[8.63824,47.65699],[8.63954,47.65862],[8.63369,47.65964],[8.63603,47.66124],[8.65084,47.66273],[8.6565,47.66682],[8.67024,47.66659],[8.67141,47.66472],[8.66831,47.65615],[8.67199,47.65392],[8.67013,47.65096],[8.66635,47.65057],[8.66854,47.64804],[8.66279,47.6458],[8.66482,47.64355],[8.6616,47.6423],[8.6601,47.64449],[8.65684,47.64264],[8.65828,47.64093],[8.65671,47.6403]]]}},{"type":"Feature","properties":{"name":"Berg am Irchel","cantonId":"zurich","municipalityId":"berg-am-irchel-23"},"geometry":{"type":"Polygon","coordinates":[[[8.57202,47.57437],[8.60218,47.57218],[8.61726,47.56672],[8.61045,47.56085],[8.61273,47.55874],[8.61127,47.55477],[8.61336,47.55404],[8.60873,47.5469],[8.59717,47.54745],[8.58722,47.55533],[8.57684,47.55537],[8.5783,47.55921],[8.56753,47.56256],[8.57195,47.57429],[8.57202,47.57437]]]}},{"type":"Feature","properties":{"name":"Birmensdorf (ZH)","cantonId":"zurich","municipalityId":"birmensdorf-zh-242"},"geometry":{"type":"Polygon","coordinates":[[[8.47484,47.35371],[8.46929,47.35061],[8.46923,47.34819],[8.45792,47.34998],[8.45548,47.34725],[8.46163,47.33496],[8.45524,47.33482],[8.45016,47.34088],[8.45159,47.34242],[8.44134,47.34643],[8.44127,47.34357],[8.43398,47.34667],[8.41685,47.34201],[8.41733,47.33847],[8.41476,47.33684],[8.40732,47.34158],[8.40387,47.34657],[8.40928,47.35507],[8.40731,47.35569],[8.4054,47.36498],[8.42537,47.36824],[8.42787,47.36646],[8.43579,47.36914],[8.43692,47.36653],[8.44212,47.36724],[8.45394,47.36384],[8.45388,47.36089],[8.45708,47.36086],[8.45564,47.36009],[8.46187,47.36242],[8.46721,47.35452],[8.47441,47.35368],[8.47484,47.35371]]]}},{"type":"Feature","properties":{"name":"Bonstetten","cantonId":"zurich","municipalityId":"bonstetten-3"},"geometry":{"type":"Polygon","coordinates":[[[8.44132,47.31583],[8.44053,47.31785],[8.44917,47.32335],[8.44852,47.32597],[8.45241,47.3287],[8.45412,47.33475],[8.4601,47.33028],[8.46561,47.33241],[8.46555,47.32796],[8.47718,47.32747],[8.47792,47.32464],[8.48178,47.32509],[8.48606,47.322],[8.48349,47.31987],[8.48343,47.31623],[8.49194,47.31227],[8.48368,47.31144],[8.48194,47.30948],[8.48033,47.30131],[8.48384,47.29814],[8.48277,47.29714],[8.44138,47.31576],[8.44132,47.31583]]]}},{"type":"Feature","properties":{"name":"Boppelsen","cantonId":"zurich","municipalityId":"boppelsen-82"},"geometry":{"type":"Polygon","coordinates":[[[8.39335,47.48182],[8.41557,47.48098],[8.41858,47.47503],[8.41573,47.47197],[8.42096,47.47106],[8.4203,47.46458],[8.4175,47.45787],[8.41138,47.4629],[8.40084,47.46409],[8.40209,47.46647],[8.39662,47.46652],[8.39379,47.47033],[8.38936,47.47084],[8.39121,47.47476],[8.39538,47.47685],[8.39571,47.47833],[8.39155,47.47908],[8.39329,47.48147],[8.39335,47.48182]]]}},{"type":"Feature","properties":{"name":"Brütten","cantonId":"zurich","municipalityId":"bruetten-213"},"geometry":{"type":"Polygon","coordinates":[[[8.66048,47.49023],[8.66554,47.4881],[8.66826,47.48306],[8.67293,47.48204],[8.68159,47.48682],[8.68369,47.48278],[8.69478,47.47562],[8.6999,47.46921],[8.68523,47.46753],[8.6746,47.46269],[8.67357,47.46041],[8.66896,47.46313],[8.6659,47.46205],[8.65239,47.47087],[8.65562,47.47475],[8.65254,47.48038],[8.6552,47.48168],[8.65148,47.48474],[8.66039,47.49004],[8.66048,47.49023]]]}},{"type":"Feature","properties":{"name":"Bubikon","cantonId":"zurich","municipalityId":"bubikon-112"},"geometry":{"type":"Polygon","coordinates":[[[8.78087,47.26546],[8.78526,47.27126],[8.79197,47.2737],[8.79854,47.27938],[8.80827,47.28257],[8.80472,47.28468],[8.80657,47.28603],[8.80044,47.28789],[8.80313,47.29129],[8.80837,47.29286],[8.81422,47.29063],[8.81444,47.28399],[8.82826,47.27653],[8.82413,47.27533],[8.82989,47.26577],[8.8372,47.26307],[8.83218,47.26196],[8.82795,47.25613],[8.82833,47.25046],[8.80457,47.24702],[8.80298,47.2494],[8.79574,47.24854],[8.79393,47.25149],[8.79031,47.25228],[8.79041,47.25495],[8.78468,47.25771],[8.78448,47.26314],[8.78149,47.26547],[8.78087,47.26546]]]}},{"type":"Feature","properties":{"name":"Buch am Irchel","cantonId":"zurich","municipalityId":"buch-am-irchel-24"},"geometry":{"type":"Polygon","coordinates":[[[8.63502,47.52704],[8.62965,47.52811],[8.63064,47.53188],[8.62128,47.53735],[8.61236,47.53533],[8.60834,47.53861],[8.59964,47.53971],[8.59693,47.54554],[8.59717,47.54745],[8.60873,47.5469],[8.61336,47.55404],[8.61127,47.55477],[8.61273,47.55874],[8.61045,47.56085],[8.61726,47.56672],[8.6325,47.56494],[8.63798,47.55986],[8.64638,47.56004],[8.65087,47.55624],[8.64655,47.55452],[8.65039,47.54587],[8.64604,47.54708],[8.64623,47.54483],[8.65308,47.54214],[8.64867,47.5381],[8.64254,47.53667],[8.64211,47.53279],[8.63697,47.53152],[8.63339,47.52844],[8.63495,47.52729],[8.63502,47.52704]]]}},{"type":"Feature","properties":{"name":"Buchs (ZH)","cantonId":"zurich","municipalityId":"buchs-zh-83"},"geometry":{"type":"Polygon","coordinates":[[[8.42668,47.46881],[8.4351,47.46693],[8.45155,47.46776],[8.45381,47.46405],[8.45989,47.46581],[8.45855,47.46227],[8.46345,47.46116],[8.46377,47.4588],[8.45612,47.4567],[8.45585,47.45332],[8.44874,47.45393],[8.44923,47.45231],[8.444,47.45109],[8.44448,47.44771],[8.41612,47.45005],[8.41942,47.45216],[8.41406,47.45423],[8.41605,47.45655],[8.41264,47.45702],[8.41887,47.45739],[8.42052,47.46976],[8.42631,47.46875],[8.42668,47.46881]]]}},{"type":"Feature","properties":{"name":"Bülach","cantonId":"zurich","municipalityId":"buelach-53"},"geometry":{"type":"Polygon","coordinates":[[[8.52763,47.56079],[8.53445,47.56023],[8.5505,47.55076],[8.55157,47.54085],[8.55616,47.53901],[8.56313,47.53095],[8.56147,47.52474],[8.56524,47.52201],[8.57112,47.5223],[8.57526,47.51852],[8.5733,47.51782],[8.57528,47.51358],[8.57424,47.51075],[8.57048,47.50961],[8.56534,47.51211],[8.56197,47.51053],[8.55762,47.515],[8.52236,47.49903],[8.51805,47.50039],[8.51876,47.50352],[8.51509,47.50637],[8.52203,47.50909],[8.52014,47.51202],[8.52636,47.52039],[8.51864,47.52404],[8.52334,47.53473],[8.52138,47.54085],[8.51691,47.54421],[8.52148,47.54557],[8.52438,47.55016],[8.52913,47.54867],[8.52775,47.56003],[8.52763,47.56079]]]}},{"type":"Feature","properties":{"name":"Dachsen","cantonId":"zurich","municipalityId":"dachsen-25"},"geometry":{"type":"Polygon","coordinates":[[[8.62827,47.64834],[8.62802,47.65345],[8.61063,47.66382],[8.60875,47.66706],[8.61177,47.67322],[8.61689,47.67059],[8.62242,47.67237],[8.62759,47.66178],[8.63954,47.65862],[8.63737,47.64759],[8.62902,47.64808],[8.62827,47.64834]]]}},{"type":"Feature","properties":{"name":"Dägerlen","cantonId":"zurich","municipalityId":"daegerlen-214"},"geometry":{"type":"Polygon","coordinates":[[[8.73437,47.57552],[8.74517,47.56862],[8.74534,47.56273],[8.74356,47.56232],[8.74815,47.55913],[8.74249,47.55583],[8.74447,47.55341],[8.74324,47.55224],[8.74653,47.55184],[8.74839,47.54847],[8.73942,47.54425],[8.73873,47.54619],[8.7297,47.54768],[8.72957,47.55198],[8.72225,47.55041],[8.72081,47.55518],[8.71533,47.55943],[8.70719,47.55983],[8.70708,47.56314],[8.69824,47.56197],[8.70083,47.56492],[8.69943,47.56845],[8.70538,47.57206],[8.70602,47.57495],[8.70894,47.5745],[8.70827,47.58105],[8.71463,47.57685],[8.71728,47.57796],[8.73032,47.57215],[8.73427,47.57556],[8.73437,47.57552]]]}},{"type":"Feature","properties":{"name":"Dällikon","cantonId":"zurich","municipalityId":"daellikon-84"},"geometry":{"type":"Polygon","coordinates":[[[8.41598,47.43457],[8.41765,47.43751],[8.41526,47.43825],[8.41535,47.44607],[8.4186,47.44536],[8.41968,47.44968],[8.42298,47.44971],[8.44047,47.44863],[8.44205,47.44316],[8.44601,47.44262],[8.44561,47.44079],[8.45161,47.43708],[8.44448,47.42827],[8.41611,47.43457],[8.41598,47.43457]]]}},{"type":"Feature","properties":{"name":"Dänikon","cantonId":"zurich","municipalityId":"daenikon-85"},"geometry":{"type":"Polygon","coordinates":[[[8.38982,47.45079],[8.40176,47.45234],[8.41979,47.4504],[8.41937,47.44601],[8.41508,47.44514],[8.41656,47.44473],[8.41526,47.43825],[8.41765,47.43751],[8.41568,47.43456],[8.39478,47.43992],[8.39325,47.44437],[8.39573,47.44543],[8.39257,47.44525],[8.39216,47.45062],[8.38989,47.45071],[8.38982,47.45079]]]}},{"type":"Feature","properties":{"name":"Dättlikon","cantonId":"zurich","municipalityId":"daettlikon-215"},"geometry":{"type":"Polygon","coordinates":[[[8.63502,47.52704],[8.63558,47.52472],[8.64029,47.52276],[8.63785,47.51987],[8.60615,47.52312],[8.61101,47.52655],[8.60732,47.52754],[8.61239,47.53547],[8.62094,47.53738],[8.63064,47.53188],[8.62965,47.52811],[8.63464,47.5273],[8.63502,47.52704]]]}},{"type":"Feature","properties":{"name":"Dielsdorf","cantonId":"zurich","municipalityId":"dielsdorf-86"},"geometry":{"type":"Polygon","coordinates":[[[8.42668,47.46881],[8.4338,47.47662],[8.43759,47.47765],[8.43878,47.47413],[8.44209,47.47779],[8.44119,47.4801],[8.4456,47.47997],[8.4461,47.48399],[8.45611,47.48891],[8.47564,47.48951],[8.47029,47.47901],[8.47135,47.47374],[8.46763,47.4738],[8.46655,47.46872],[8.46251,47.46775],[8.46212,47.46182],[8.45855,47.46227],[8.45989,47.46581],[8.45381,47.46405],[8.45155,47.46776],[8.4351,47.46693],[8.42707,47.46877],[8.42668,47.46881]]]}},{"type":"Feature","properties":{"name":"Dietikon","cantonId":"zurich","municipalityId":"dietikon-243"},"geometry":{"type":"Polygon","coordinates":[[[8.42628,47.39612],[8.41559,47.39399],[8.40732,47.39521],[8.41047,47.39288],[8.40799,47.3897],[8.40987,47.38748],[8.40772,47.38561],[8.40726,47.37679],[8.40028,47.37658],[8.3992,47.37477],[8.39495,47.38072],[8.39403,47.39116],[8.39647,47.39399],[8.39191,47.39584],[8.38315,47.39458],[8.37935,47.39991],[8.36639,47.39882],[8.3625,47.40232],[8.36744,47.40074],[8.37381,47.40448],[8.37925,47.40241],[8.38201,47.40352],[8.38462,47.40622],[8.38123,47.41054],[8.38538,47.41448],[8.38176,47.41627],[8.3838,47.41803],[8.38755,47.41636],[8.39219,47.42098],[8.38851,47.42793],[8.40184,47.42225],[8.40989,47.41033],[8.40733,47.4044],[8.40949,47.40147],[8.43387,47.40223],[8.43138,47.40045],[8.43238,47.39829],[8.42628,47.39615],[8.42628,47.39612]]]}},{"type":"Feature","properties":{"name":"Dietlikon","cantonId":"zurich","municipalityId":"dietlikon-54"},"geometry":{"type":"Polygon","coordinates":[[[8.60306,47.4392],[8.61095,47.4342],[8.62665,47.43466],[8.62831,47.42986],[8.62462,47.4287],[8.62206,47.42407],[8.62903,47.40859],[8.61904,47.40612],[8.61933,47.40901],[8.61204,47.41508],[8.61131,47.41847],[8.60901,47.41774],[8.60304,47.42406],[8.60574,47.42651],[8.60121,47.43064],[8.60154,47.43499],[8.59619,47.43593],[8.59728,47.43857],[8.60261,47.43885],[8.60306,47.4392]]]}},{"type":"Feature","properties":{"name":"Dinhard","cantonId":"zurich","municipalityId":"dinhard-216"},"geometry":{"type":"Polygon","coordinates":[[[8.76859,47.56702],[8.77816,47.5657],[8.77907,47.56766],[8.78299,47.56718],[8.78216,47.56419],[8.77783,47.5628],[8.77864,47.56025],[8.78168,47.56027],[8.78557,47.55228],[8.77968,47.55074],[8.78369,47.55082],[8.78517,47.54662],[8.78277,47.54615],[8.78404,47.54409],[8.7823,47.54352],[8.77904,47.54499],[8.77469,47.54366],[8.7682,47.54701],[8.76502,47.54554],[8.75217,47.54883],[8.74807,47.54782],[8.74855,47.55036],[8.74324,47.55224],[8.74279,47.55646],[8.74822,47.55953],[8.74356,47.56232],[8.74534,47.56273],[8.74545,47.56725],[8.74228,47.57315],[8.74555,47.57416],[8.74783,47.57232],[8.75004,47.5747],[8.75393,47.57039],[8.76767,47.56713],[8.76859,47.56702]]]}},{"type":"Feature","properties":{"name":"Dorf","cantonId":"zurich","municipalityId":"dorf-26"},"geometry":{"type":"Polygon","coordinates":[[[8.64871,47.55831],[8.64154,47.56106],[8.63798,47.55986],[8.63074,47.56589],[8.63591,47.56785],[8.63391,47.56876],[8.63615,47.56902],[8.63437,47.57144],[8.63648,47.57174],[8.6382,47.58008],[8.64405,47.58064],[8.64408,47.58396],[8.64995,47.58403],[8.64918,47.58626],[8.65311,47.58726],[8.65899,47.58735],[8.65798,47.58055],[8.66252,47.57858],[8.66489,47.5752],[8.66298,47.57323],[8.6657,47.57127],[8.66179,47.56892],[8.66754,47.56204],[8.66047,47.56219],[8.65589,47.5576],[8.64907,47.55834],[8.64871,47.55831]]]}},{"type":"Feature","properties":{"name":"Dübendorf","cantonId":"zurich","municipalityId":"duebendorf-191"},"geometry":{"type":"Polygon","coordinates":[[[8.62903,47.40859],[8.63424,47.40722],[8.64608,47.39746],[8.65167,47.39793],[8.65288,47.39555],[8.64235,47.38128],[8.63044,47.38347],[8.61742,47.37737],[8.61927,47.37237],[8.61792,47.36694],[8.60605,47.36872],[8.58957,47.38373],[8.59309,47.38565],[8.58699,47.38793],[8.58697,47.39017],[8.58306,47.38905],[8.58996,47.39477],[8.58829,47.3958],[8.59638,47.39663],[8.59726,47.3985],[8.59481,47.39918],[8.59623,47.40154],[8.59379,47.40222],[8.59609,47.40612],[8.6029,47.40361],[8.61494,47.40822],[8.61954,47.40612],[8.62843,47.40829],[8.62903,47.40859]]]}},{"type":"Feature","properties":{"name":"Dürnten","cantonId":"zurich","municipalityId":"duernten-113"},"geometry":{"type":"Polygon","coordinates":[[[8.89084,47.27045],[8.86631,47.26929],[8.86173,47.26656],[8.85484,47.26631],[8.8554,47.26333],[8.85215,47.26267],[8.8517,47.2604],[8.83612,47.2623],[8.82989,47.26577],[8.82413,47.27533],[8.82843,47.27622],[8.82466,47.28093],[8.82883,47.28436],[8.82787,47.28569],[8.83502,47.28943],[8.84919,47.2883],[8.85477,47.28096],[8.86269,47.28643],[8.87381,47.28691],[8.88333,47.2794],[8.8906,47.27874],[8.89111,47.27055],[8.89084,47.27045]]]}},{"type":"Feature","properties":{"name":"Egg","cantonId":"zurich","municipalityId":"egg-192"},"geometry":{"type":"Polygon","coordinates":[[[8.65619,47.30829],[8.66828,47.31102],[8.67127,47.31425],[8.67799,47.31617],[8.6816,47.3135],[8.68984,47.31885],[8.69716,47.31872],[8.69756,47.32076],[8.70422,47.31936],[8.70598,47.31797],[8.70206,47.31487],[8.70642,47.31304],[8.70009,47.31066],[8.70306,47.30894],[8.70137,47.30691],[8.70947,47.30158],[8.72022,47.30115],[8.72893,47.29528],[8.72602,47.29327],[8.73033,47.29134],[8.73036,47.28922],[8.73842,47.28675],[8.73681,47.28524],[8.72847,47.28725],[8.72746,47.28559],[8.7234,47.28789],[8.71708,47.28349],[8.71305,47.28378],[8.70724,47.27604],[8.70202,47.27812],[8.69502,47.27535],[8.69105,47.27754],[8.68836,47.28192],[8.68428,47.28228],[8.68219,47.28785],[8.67324,47.29065],[8.66797,47.29847],[8.66222,47.30077],[8.65623,47.30826],[8.65619,47.30829]]]}},{"type":"Feature","properties":{"name":"Eglisau","cantonId":"zurich","municipalityId":"eglisau-55"},"geometry":{"type":"Polygon","coordinates":[[[8.55087,47.5504],[8.53013,47.56152],[8.52031,47.55821],[8.51754,47.56142],[8.51873,47.56598],[8.51668,47.5701],[8.51157,47.57087],[8.51096,47.56896],[8.50383,47.57232],[8.49919,47.57115],[8.49969,47.57534],[8.48696,47.57386],[8.48052,47.57528],[8.48735,47.57787],[8.50183,47.57746],[8.50039,47.58185],[8.51648,47.58176],[8.51764,47.58721],[8.51358,47.58983],[8.51608,47.59376],[8.52625,47.59369],[8.53512,47.5875],[8.54601,47.59407],[8.54776,47.59274],[8.53535,47.58712],[8.53701,47.58343],[8.53356,47.58216],[8.54014,47.57821],[8.53498,47.57528],[8.54644,47.57407],[8.54622,47.57131],[8.5416,47.56993],[8.54848,47.56416],[8.55085,47.55634],[8.5541,47.55318],[8.55409,47.55051],[8.55107,47.55043],[8.55087,47.5504]]]}},{"type":"Feature","properties":{"name":"Elgg","cantonId":"zurich","municipalityId":"elgg-294"},"geometry":{"type":"Polygon","coordinates":[[[8.81888,47.48871],[8.81872,47.49355],[8.82722,47.4962],[8.8233,47.49884],[8.83116,47.50245],[8.83146,47.50503],[8.82897,47.50443],[8.82725,47.50683],[8.82912,47.50906],[8.82803,47.51157],[8.84051,47.51313],[8.84414,47.51019],[8.8492,47.51132],[8.85907,47.50758],[8.86644,47.50998],[8.87069,47.50686],[8.87521,47.5101],[8.87908,47.50432],[8.87765,47.50118],[8.89504,47.50274],[8.89268,47.50057],[8.89282,47.48841],[8.89679,47.4879],[8.8977,47.48511],[8.8853,47.48171],[8.88488,47.47702],[8.88099,47.47475],[8.88455,47.47373],[8.88432,47.46967],[8.89073,47.4693],[8.89374,47.46513],[8.89172,47.46437],[8.89403,47.46337],[8.8903,47.46281],[8.893,47.45978],[8.89143,47.45875],[8.8829,47.45638],[8.88433,47.4511],[8.88167,47.4463],[8.87743,47.45401],[8.85983,47.45021],[8.8579,47.45505],[8.86081,47.45698],[8.86137,47.4609],[8.85698,47.46186],[8.85822,47.46298],[8.85561,47.46761],[8.84756,47.47056],[8.84402,47.46903],[8.84264,47.4742],[8.84018,47.47539],[8.8426,47.47651],[8.84113,47.47793],[8.83246,47.4819],[8.82956,47.48094],[8.81889,47.48867],[8.81888,47.48871]]]}},{"type":"Feature","properties":{"name":"Ellikon an der Thur","cantonId":"zurich","municipalityId":"ellikon-an-der-thur-218"},"geometry":{"type":"Polygon","coordinates":[[[8.80172,47.56407],[8.81024,47.57096],[8.8166,47.57017],[8.8225,47.57306],[8.83003,47.5711],[8.83124,47.5734],[8.83882,47.57119],[8.8392,47.56535],[8.84485,47.56614],[8.8443,47.56325],[8.85098,47.56361],[8.8511,47.5608],[8.84164,47.56002],[8.83868,47.55735],[8.82946,47.5576],[8.8279,47.55598],[8.82981,47.55304],[8.81595,47.55351],[8.81509,47.55162],[8.8018,47.564],[8.80172,47.56407]]]}},{"type":"Feature","properties":{"name":"Elsau","cantonId":"zurich","municipalityId":"elsau-219"},"geometry":{"type":"Polygon","coordinates":[[[8.79692,47.513],[8.81304,47.51377],[8.82465,47.51919],[8.82981,47.51737],[8.827,47.5164],[8.82827,47.51518],[8.82609,47.51208],[8.82909,47.5102],[8.82723,47.50691],[8.82897,47.50443],[8.83146,47.50503],[8.83103,47.50223],[8.8233,47.49884],[8.82722,47.4962],[8.81872,47.49355],[8.81805,47.48789],[8.81,47.48537],[8.80746,47.48503],[8.80994,47.48796],[8.80824,47.49097],[8.79166,47.49239],[8.79099,47.49506],[8.78282,47.49655],[8.78097,47.49839],[8.78364,47.4996],[8.77889,47.50247],[8.78379,47.50694],[8.79946,47.51072],[8.79696,47.51289],[8.79692,47.513]]]}},{"type":"Feature","properties":{"name":"Embrach","cantonId":"zurich","municipalityId":"embrach-56"},"geometry":{"type":"Polygon","coordinates":[[[8.63051,47.50594],[8.63076,47.50247],[8.6281,47.50352],[8.62863,47.4992],[8.61678,47.49876],[8.6028,47.49248],[8.58812,47.4967],[8.5808,47.49088],[8.57366,47.49166],[8.57265,47.49558],[8.56776,47.49819],[8.57154,47.50117],[8.56995,47.50348],[8.57247,47.50684],[8.57048,47.50961],[8.57528,47.51251],[8.5733,47.51782],[8.58146,47.52005],[8.58226,47.52586],[8.58602,47.52541],[8.58675,47.52827],[8.59002,47.52951],[8.59446,47.52672],[8.59521,47.5238],[8.59965,47.52416],[8.60262,47.52136],[8.61279,47.52346],[8.62482,47.51796],[8.61949,47.51404],[8.62752,47.51061],[8.62695,47.50799],[8.63049,47.50604],[8.63051,47.50594]]]}},{"type":"Feature","properties":{"name":"Erlenbach (ZH)","cantonId":"zurich","municipalityId":"erlenbach-zh-151"},"geometry":{"type":"Polygon","coordinates":[[[8.59832,47.29387],[8.59621,47.2983],[8.58645,47.30697],[8.58781,47.30933],[8.59149,47.30703],[8.60519,47.30821],[8.60887,47.3105],[8.6188,47.30933],[8.61882,47.31237],[8.62859,47.31386],[8.6264,47.31205],[8.6312,47.3093],[8.63109,47.30645],[8.62106,47.30444],[8.61236,47.30608],[8.60543,47.3012],[8.60973,47.29775],[8.60754,47.29531],[8.59845,47.29389],[8.59832,47.29387]]]}},{"type":"Feature","properties":{"name":"Fällanden","cantonId":"zurich","municipalityId":"faellanden-193"},"geometry":{"type":"Polygon","coordinates":[[[8.64235,47.38128],[8.65572,47.37275],[8.65314,47.37094],[8.6545,47.36811],[8.65224,47.36769],[8.65238,47.36319],[8.65702,47.35788],[8.6529,47.3573],[8.65026,47.35964],[8.64391,47.35764],[8.64313,47.35959],[8.63256,47.35707],[8.62715,47.36192],[8.62584,47.36006],[8.61472,47.36151],[8.61927,47.37229],[8.6166,47.37648],[8.63044,47.38347],[8.64222,47.38131],[8.64235,47.38128]]]}},{"type":"Feature","properties":{"name":"Fehraltorf","cantonId":"zurich","municipalityId":"fehraltorf-172"},"geometry":{"type":"Polygon","coordinates":[[[8.7522,47.40489],[8.7614,47.40179],[8.76311,47.39645],[8.76616,47.39506],[8.76406,47.3942],[8.76695,47.38765],[8.77634,47.38357],[8.7731,47.38289],[8.77087,47.37915],[8.76721,47.3795],[8.76727,47.3736],[8.75864,47.3725],[8.76069,47.3709],[8.7574,47.36876],[8.75834,47.36427],[8.75639,47.36367],[8.75056,47.36811],[8.7508,47.36998],[8.74252,47.37222],[8.74177,47.37728],[8.72886,47.3822],[8.72911,47.38423],[8.72461,47.38758],[8.7312,47.38721],[8.72873,47.39113],[8.73337,47.39233],[8.73084,47.3953],[8.7345,47.39795],[8.73152,47.40214],[8.73925,47.40544],[8.752,47.4049],[8.7522,47.40489]]]}},{"type":"Feature","properties":{"name":"Feuerthalen","cantonId":"zurich","municipalityId":"feuerthalen-27"},"geometry":{"type":"Polygon","coordinates":[[[8.66341,47.68578],[8.66943,47.68485],[8.66815,47.67763],[8.657,47.67827],[8.63847,47.68576],[8.64036,47.68819],[8.63575,47.6883],[8.63229,47.69233],[8.64479,47.69404],[8.66314,47.6853],[8.66341,47.68578]]]}},{"type":"Feature","properties":{"name":"Fischenthal","cantonId":"zurich","municipalityId":"fischenthal-114"},"geometry":{"type":"Polygon","coordinates":[[[8.90796,47.34966],[8.91339,47.34793],[8.91043,47.35166],[8.91273,47.35237],[8.91122,47.35734],[8.91349,47.35961],[8.91995,47.35885],[8.92403,47.36394],[8.93066,47.3648],[8.93872,47.37373],[8.94358,47.37584],[8.94831,47.37468],[8.96026,47.35369],[8.97181,47.35253],[8.97442,47.34738],[8.97311,47.33987],[8.97929,47.33795],[8.97733,47.32718],[8.98495,47.31939],[8.97501,47.30712],[8.96349,47.31229],[8.94123,47.31239],[8.93702,47.31449],[8.93476,47.31271],[8.93201,47.3149],[8.92814,47.31434],[8.9263,47.31143],[8.92272,47.31145],[8.92273,47.31344],[8.91936,47.31073],[8.89407,47.31183],[8.88858,47.31633],[8.89029,47.32061],[8.91119,47.31777],[8.9139,47.31799],[8.91563,47.3211],[8.91515,47.32465],[8.90955,47.326],[8.91278,47.3277],[8.90578,47.33446],[8.91026,47.3374],[8.90495,47.3428],[8.90796,47.34965],[8.90796,47.34966]]]}},{"type":"Feature","properties":{"name":"Flaach","cantonId":"zurich","municipalityId":"flaach-28"},"geometry":{"type":"Polygon","coordinates":[[[8.59294,47.5956],[8.59436,47.5947],[8.59873,47.59833],[8.60732,47.5959],[8.61974,47.59855],[8.6294,47.59329],[8.63643,47.59413],[8.64266,47.58829],[8.62839,47.58665],[8.62812,47.58441],[8.62296,47.58258],[8.62301,47.58022],[8.61957,47.57848],[8.61994,47.57204],[8.61582,47.57247],[8.61525,47.56879],[8.60959,47.56817],[8.60211,47.57219],[8.57202,47.57437],[8.58005,47.577],[8.57712,47.58507],[8.57896,47.59012],[8.59275,47.59553],[8.59294,47.5956]]]}},{"type":"Feature","properties":{"name":"Flurlingen","cantonId":"zurich","municipalityId":"flurlingen-29"},"geometry":{"type":"Polygon","coordinates":[[[8.62512,47.69167],[8.63229,47.69233],[8.63575,47.6883],[8.64036,47.68819],[8.63782,47.68624],[8.6391,47.68541],[8.6602,47.67794],[8.65308,47.67551],[8.63863,47.67604],[8.63703,47.67795],[8.62638,47.675],[8.62397,47.67634],[8.62736,47.68014],[8.62492,47.69154],[8.62512,47.69167]]]}},{"type":"Feature","properties":{"name":"Freienstein-Teufen","cantonId":"zurich","municipalityId":"freienstein-teufen-57"},"geometry":{"type":"Polygon","coordinates":[[[8.5541,47.55318],[8.55894,47.55302],[8.56753,47.56256],[8.57482,47.56124],[8.57867,47.5588],[8.57684,47.55537],[8.58833,47.55471],[8.59739,47.54725],[8.59964,47.53971],[8.60834,47.53861],[8.61236,47.53533],[8.60732,47.52754],[8.61101,47.52655],[8.60262,47.52136],[8.59965,47.52416],[8.59521,47.5238],[8.5913,47.52924],[8.58194,47.52884],[8.58029,47.53018],[8.58147,47.53487],[8.57312,47.54096],[8.57108,47.54488],[8.56389,47.54355],[8.56249,47.54767],[8.55866,47.5477],[8.5539,47.55131],[8.5541,47.55318]]]}},{"type":"Feature","properties":{"name":"Geroldswil","cantonId":"zurich","municipalityId":"geroldswil-244"},"geometry":{"type":"Polygon","coordinates":[[[8.40979,47.41055],[8.40224,47.42169],[8.40475,47.4227],[8.40427,47.42783],[8.40801,47.42696],[8.40922,47.42978],[8.41408,47.42982],[8.41762,47.42766],[8.41621,47.42563],[8.423,47.42393],[8.41918,47.41815],[8.41357,47.41564],[8.41761,47.4113],[8.41242,47.41043],[8.40979,47.41055]]]}},{"type":"Feature","properties":{"name":"Glattfelden","cantonId":"zurich","municipalityId":"glattfelden-58"},"geometry":{"type":"MultiPolygon","coordinates":[[[[8.48386,47.57708],[8.48052,47.57528],[8.48477,47.57412],[8.49969,47.57534],[8.49919,47.57115],[8.50383,47.57232],[8.51096,47.56896],[8.51157,47.57087],[8.51668,47.5701],[8.51873,47.56598],[8.51754,47.56142],[8.52031,47.55821],[8.52755,47.56184],[8.52913,47.54867],[8.52438,47.55016],[8.52148,47.54557],[8.51047,47.54326],[8.50365,47.53822],[8.4993,47.54448],[8.49076,47.55071],[8.47269,47.55635],[8.47139,47.55985],[8.46041,47.55577],[8.45605,47.55832],[8.4688,47.56507],[8.46418,47.5722],[8.47704,47.57791],[8.48374,47.57709],[8.48386,47.57708]]],[[[8.49475,47.58103],[8.5024,47.58013],[8.50183,47.57746],[8.48775,47.57667],[8.49409,47.5809],[8.49475,47.58103]]]]}},{"type":"Feature","properties":{"name":"Gossau (ZH)","cantonId":"zurich","municipalityId":"gossau-zh-115"},"geometry":{"type":"Polygon","coordinates":[[[8.75737,47.3275],[8.76681,47.32621],[8.77613,47.31644],[8.77912,47.3179],[8.78496,47.31577],[8.78733,47.31372],[8.78663,47.31134],[8.79495,47.30695],[8.79275,47.30578],[8.7963,47.30054],[8.80586,47.29971],[8.81261,47.29247],[8.80076,47.28975],[8.80044,47.28789],[8.80657,47.28603],[8.80472,47.28468],[8.80833,47.28264],[8.79428,47.27608],[8.79006,47.27654],[8.78754,47.28215],[8.78004,47.28303],[8.7725,47.28932],[8.7627,47.29305],[8.75655,47.29292],[8.75598,47.29124],[8.74975,47.29293],[8.74768,47.29011],[8.73953,47.29237],[8.73702,47.28805],[8.73036,47.28922],[8.73033,47.29134],[8.72602,47.29327],[8.73187,47.29658],[8.73579,47.29625],[8.73618,47.29442],[8.74051,47.29707],[8.73752,47.30126],[8.74088,47.30349],[8.72996,47.30884],[8.73702,47.31253],[8.7345,47.31476],[8.74182,47.31783],[8.74109,47.32165],[8.7567,47.32724],[8.75737,47.3275]]]}},{"type":"Feature","properties":{"name":"Greifensee","cantonId":"zurich","municipalityId":"greifensee-194"},"geometry":{"type":"Polygon","coordinates":[[[8.68891,47.35299],[8.68078,47.36239],[8.67551,47.36362],[8.66533,47.37176],[8.67011,47.37624],[8.66571,47.3776],[8.66812,47.37939],[8.6838,47.3707],[8.68188,47.36809],[8.69235,47.36509],[8.69023,47.36196],[8.69601,47.35679],[8.68966,47.35321],[8.68891,47.35299]]]}},{"type":"Feature","properties":{"name":"Grüningen","cantonId":"zurich","municipalityId":"grueningen-116"},"geometry":{"type":"Polygon","coordinates":[[[8.78087,47.26546],[8.76434,47.27042],[8.76018,47.26837],[8.75221,47.26946],[8.75044,47.26646],[8.73976,47.27248],[8.74203,47.27546],[8.73206,47.28133],[8.73799,47.28303],[8.73718,47.28992],[8.73949,47.29236],[8.74768,47.29011],[8.74975,47.29293],[8.76939,47.29107],[8.78004,47.28303],[8.78754,47.28215],[8.79006,47.27654],[8.79423,47.27609],[8.78526,47.27126],[8.78095,47.26587],[8.78087,47.26546]]]}},{"type":"Feature","properties":{"name":"Hagenbuch","cantonId":"zurich","municipalityId":"hagenbuch-220"},"geometry":{"type":"Polygon","coordinates":[[[8.8876,47.52839],[8.89834,47.52417],[8.89531,47.51925],[8.89763,47.51114],[8.89536,47.50266],[8.87765,47.50118],[8.87908,47.50432],[8.876,47.50994],[8.87069,47.50686],[8.86644,47.50998],[8.85907,47.50758],[8.8492,47.51132],[8.85348,47.51595],[8.84687,47.51915],[8.84871,47.52069],[8.84806,47.5253],[8.86329,47.52704],[8.86809,47.52396],[8.87403,47.52937],[8.88041,47.52703],[8.88346,47.52941],[8.88636,47.52793],[8.8876,47.52839]]]}},{"type":"Feature","properties":{"name":"Hausen am Albis","cantonId":"zurich","municipalityId":"hausen-am-albis-4"},"geometry":{"type":"Polygon","coordinates":[[[8.57437,47.21707],[8.56036,47.21954],[8.55385,47.22324],[8.55297,47.22165],[8.54345,47.22205],[8.54132,47.2241],[8.5432,47.22475],[8.5377,47.22864],[8.54292,47.22961],[8.53816,47.23325],[8.53054,47.23441],[8.52272,47.23926],[8.52219,47.2377],[8.5144,47.23763],[8.51384,47.25015],[8.51673,47.25116],[8.50216,47.26132],[8.50367,47.26484],[8.50108,47.27228],[8.50312,47.27335],[8.51117,47.27012],[8.51557,47.27349],[8.51849,47.26644],[8.52185,47.2652],[8.52532,47.26768],[8.53253,47.26585],[8.546,47.24928],[8.55902,47.24104],[8.56884,47.22743],[8.57996,47.22154],[8.58,47.21952],[8.57449,47.21702],[8.57437,47.21707]]]}},{"type":"Feature","properties":{"name":"Hedingen","cantonId":"zurich","municipalityId":"hedingen-5"},"geometry":{"type":"Polygon","coordinates":[[[8.43621,47.3152],[8.44511,47.31516],[8.47678,47.29832],[8.48277,47.29714],[8.47675,47.29307],[8.46049,47.29416],[8.45973,47.2904],[8.4567,47.2914],[8.45077,47.28892],[8.44395,47.29047],[8.43917,47.29553],[8.42967,47.29848],[8.42855,47.30115],[8.43075,47.30499],[8.42928,47.30724],[8.43622,47.31484],[8.43621,47.3152]]]}},{"type":"Feature","properties":{"name":"Henggart","cantonId":"zurich","municipalityId":"henggart-31"},"geometry":{"type":"Polygon","coordinates":[[[8.66753,47.56281],[8.6696,47.56274],[8.67018,47.56615],[8.67485,47.56692],[8.67463,47.57113],[8.68246,47.57093],[8.68322,47.56919],[8.69544,47.57018],[8.70083,47.56492],[8.69801,47.56258],[8.69195,47.56269],[8.69402,47.55825],[8.68888,47.55542],[8.69,47.55342],[8.68396,47.5533],[8.68166,47.5497],[8.67682,47.5548],[8.67741,47.55813],[8.66754,47.56204],[8.66753,47.56281]]]}},{"type":"Feature","properties":{"name":"Herrliberg","cantonId":"zurich","municipalityId":"herrliberg-152"},"geometry":{"type":"Polygon","coordinates":[[[8.61029,47.28283],[8.59832,47.29387],[8.60461,47.29408],[8.60946,47.29737],[8.60543,47.3012],[8.60657,47.30353],[8.61356,47.30632],[8.62105,47.30444],[8.62533,47.30658],[8.62912,47.30574],[8.63769,47.31117],[8.65492,47.31034],[8.65989,47.30572],[8.65868,47.30397],[8.66201,47.30095],[8.65771,47.29803],[8.65024,47.29763],[8.64142,47.2864],[8.62645,47.28454],[8.62338,47.28236],[8.61443,47.28483],[8.61028,47.28285],[8.61029,47.28283]]]}},{"type":"Feature","properties":{"name":"Hettlingen","cantonId":"zurich","municipalityId":"hettlingen-221"},"geometry":{"type":"Polygon","coordinates":[[[8.70071,47.53309],[8.6979,47.53294],[8.69576,47.54272],[8.69164,47.54187],[8.69176,47.54874],[8.68733,47.55106],[8.69154,47.5583],[8.69402,47.55825],[8.69189,47.56256],[8.69449,47.56364],[8.69947,47.56159],[8.70708,47.56314],[8.70719,47.55983],[8.71533,47.55943],[8.72081,47.55518],[8.72225,47.55041],[8.72957,47.55198],[8.72756,47.54502],[8.71827,47.54063],[8.70279,47.53748],[8.70254,47.5333],[8.70071,47.53309]]]}},{"type":"Feature","properties":{"name":"Hinwil","cantonId":"zurich","municipalityId":"hinwil-117"},"geometry":{"type":"Polygon","coordinates":[[[8.81246,47.29224],[8.809,47.29628],[8.81386,47.30082],[8.80393,47.30744],[8.80456,47.30998],[8.8107,47.3141],[8.81276,47.31286],[8.81808,47.31791],[8.82935,47.30985],[8.83862,47.31106],[8.84224,47.31717],[8.84082,47.31895],[8.84435,47.31948],[8.84159,47.31986],[8.84091,47.32371],[8.84404,47.32667],[8.84633,47.32359],[8.85313,47.3231],[8.8568,47.3205],[8.86609,47.32122],[8.87259,47.31674],[8.88379,47.31501],[8.88858,47.31633],[8.89407,47.31183],[8.90965,47.31075],[8.90657,47.30775],[8.89323,47.30815],[8.89231,47.30346],[8.88771,47.30047],[8.88608,47.29667],[8.89137,47.28929],[8.892,47.27968],[8.88333,47.2794],[8.87381,47.28691],[8.86269,47.28643],[8.85477,47.28096],[8.84932,47.28823],[8.83898,47.28956],[8.82787,47.28569],[8.82883,47.28436],[8.82464,47.27954],[8.81444,47.28399],[8.81488,47.28897],[8.81266,47.29221],[8.81246,47.29224]]]}},{"type":"Feature","properties":{"name":"Hittnau","cantonId":"zurich","municipalityId":"hittnau-173"},"geometry":{"type":"Polygon","coordinates":[[[8.85687,47.36518],[8.85323,47.35453],[8.84724,47.35376],[8.83939,47.34973],[8.83744,47.34654],[8.83111,47.3456],[8.82466,47.34785],[8.82294,47.34558],[8.82068,47.34626],[8.82133,47.34459],[8.81639,47.34439],[8.81218,47.34937],[8.81269,47.35469],[8.80789,47.35779],[8.81094,47.36253],[8.80995,47.36559],[8.80241,47.37167],[8.80322,47.37538],[8.8081,47.37566],[8.80823,47.38003],[8.81534,47.3841],[8.82032,47.38607],[8.82138,47.38451],[8.82627,47.38786],[8.83727,47.38814],[8.83869,47.38474],[8.84193,47.38371],[8.83968,47.38206],[8.84685,47.37948],[8.84596,47.37545],[8.84937,47.3748],[8.84847,47.37298],[8.85115,47.37046],[8.84965,47.36834],[8.85299,47.36899],[8.85379,47.36559],[8.85682,47.36521],[8.85687,47.36518]]]}},{"type":"Feature","properties":{"name":"Hochfelden","cantonId":"zurich","municipalityId":"hochfelden-59"},"geometry":{"type":"Polygon","coordinates":[[[8.51695,47.54441],[8.52138,47.54085],[8.52334,47.53473],[8.51864,47.52404],[8.52415,47.52266],[8.52585,47.51853],[8.52014,47.51202],[8.51825,47.51411],[8.50702,47.51336],[8.5062,47.5184],[8.49904,47.51793],[8.49346,47.52085],[8.49064,47.53057],[8.49716,47.53544],[8.49517,47.54085],[8.4969,47.54199],[8.50027,47.54291],[8.50365,47.53822],[8.50997,47.54302],[8.51631,47.54448],[8.51695,47.54441]]]}},{"type":"Feature","properties":{"name":"Höri","cantonId":"zurich","municipalityId":"hoeri-60"},"geometry":{"type":"Polygon","coordinates":[[[8.52304,47.49761],[8.51649,47.49479],[8.51076,47.50102],[8.50414,47.49975],[8.49569,47.50016],[8.49572,47.50159],[8.48705,47.49773],[8.48124,47.50704],[8.48913,47.50964],[8.49063,47.51289],[8.48926,47.51458],[8.49333,47.51785],[8.49138,47.5186],[8.49253,47.52043],[8.49563,47.52087],[8.49904,47.51793],[8.5062,47.5184],[8.50702,47.51336],[8.5192,47.51342],[8.52203,47.50909],[8.51509,47.50637],[8.51876,47.50352],[8.51805,47.50039],[8.52311,47.49765],[8.52304,47.49761]]]}},{"type":"Feature","properties":{"name":"Hombrechtikon","cantonId":"zurich","municipalityId":"hombrechtikon-153"},"geometry":{"type":"Polygon","coordinates":[[[8.78087,47.26546],[8.78448,47.26314],[8.78468,47.25771],[8.79041,47.25495],[8.79031,47.25228],[8.79393,47.25149],[8.79574,47.24854],[8.80484,47.24822],[8.79928,47.24211],[8.79653,47.24252],[8.79561,47.23887],[8.78743,47.23427],[8.77733,47.2336],[8.7738,47.23588],[8.76765,47.23524],[8.76473,47.23894],[8.76567,47.24075],[8.75773,47.24197],[8.7551,47.24588],[8.75132,47.24505],[8.75171,47.2472],[8.74408,47.25137],[8.74493,47.25521],[8.7317,47.25885],[8.7326,47.26101],[8.72987,47.26147],[8.74671,47.26786],[8.75057,47.26643],[8.75221,47.26946],[8.76018,47.26837],[8.76353,47.2704],[8.78062,47.26548],[8.78087,47.26546]]]}},{"type":"Feature","properties":{"name":"Horgen","cantonId":"zurich","municipalityId":"horgen-295"},"geometry":{"type":"Polygon","coordinates":[[[8.58704,47.27037],[8.59458,47.26261],[8.62766,47.25166],[8.63321,47.24215],[8.6295,47.23791],[8.62394,47.23596],[8.62387,47.229],[8.61702,47.22284],[8.62902,47.21152],[8.62628,47.21001],[8.62694,47.20716],[8.62021,47.20617],[8.62083,47.20383],[8.61564,47.19944],[8.60605,47.20524],[8.59859,47.20158],[8.59634,47.20489],[8.5977,47.20894],[8.59417,47.21205],[8.58242,47.21078],[8.58102,47.21457],[8.5834,47.21749],[8.57718,47.21866],[8.58007,47.21959],[8.57996,47.22154],[8.56884,47.22743],[8.55902,47.24104],[8.54765,47.24776],[8.53545,47.26097],[8.53912,47.26031],[8.54169,47.26535],[8.55198,47.27016],[8.5507,47.27274],[8.55536,47.27223],[8.56094,47.26603],[8.56427,47.26715],[8.57489,47.26319],[8.57867,47.26739],[8.58732,47.27012],[8.58704,47.27037]]]}},{"type":"Feature","properties":{"name":"Hüntwangen","cantonId":"zurich","municipalityId":"huentwangen-61"},"geometry":{"type":"Polygon","coordinates":[[[8.51515,47.59341],[8.51358,47.58983],[8.51806,47.58581],[8.51648,47.58176],[8.49475,47.58103],[8.48154,47.59269],[8.47929,47.59836],[8.48496,47.60489],[8.48907,47.60348],[8.49469,47.60551],[8.49867,47.59818],[8.50798,47.59771],[8.51514,47.59348],[8.51515,47.59341]]]}},{"type":"Feature","properties":{"name":"Hüttikon","cantonId":"zurich","municipalityId":"huettikon-87"},"geometry":{"type":"Polygon","coordinates":[[[8.38691,47.4496],[8.39216,47.45062],[8.39253,47.44529],[8.39594,47.4446],[8.39325,47.44437],[8.39338,47.44158],[8.40345,47.43624],[8.38394,47.43492],[8.38505,47.43673],[8.38196,47.44049],[8.38102,47.44637],[8.38176,47.4487],[8.38663,47.44949],[8.38691,47.4496]]]}},{"type":"Feature","properties":{"name":"Illnau-Effretikon","cantonId":"zurich","municipalityId":"illnau-effretikon-296"},"geometry":{"type":"Polygon","coordinates":[[[8.7522,47.40489],[8.73925,47.40544],[8.7316,47.40219],[8.7345,47.39795],[8.7309,47.39376],[8.71606,47.3974],[8.71651,47.39408],[8.71336,47.39382],[8.71051,47.39503],[8.71232,47.39643],[8.71101,47.39773],[8.70038,47.40294],[8.69881,47.40185],[8.69176,47.40759],[8.68851,47.40689],[8.68306,47.41237],[8.67625,47.41065],[8.67085,47.4168],[8.67389,47.41915],[8.67177,47.4201],[8.6777,47.41962],[8.68221,47.424],[8.68026,47.4299],[8.68243,47.43033],[8.68078,47.4361],[8.68263,47.43775],[8.69089,47.44233],[8.70444,47.4393],[8.70525,47.44204],[8.71041,47.44358],[8.70962,47.44983],[8.71062,47.45185],[8.71551,47.45036],[8.71464,47.45305],[8.71884,47.45649],[8.7179,47.46118],[8.72901,47.46163],[8.72967,47.45877],[8.73266,47.45801],[8.73569,47.46345],[8.74858,47.4615],[8.75401,47.4688],[8.7581,47.46587],[8.75833,47.46227],[8.77332,47.45534],[8.7743,47.45087],[8.77333,47.44676],[8.76593,47.44253],[8.7556,47.44342],[8.74949,47.44227],[8.75169,47.44158],[8.74665,47.43912],[8.7502,47.43393],[8.74582,47.42697],[8.74834,47.42497],[8.74727,47.4223],[8.75071,47.42093],[8.75196,47.41436],[8.75468,47.41417],[8.75146,47.40994],[8.75221,47.40489],[8.7522,47.40489]]]}},{"type":"Feature","properties":{"name":"Kappel am Albis","cantonId":"zurich","municipalityId":"kappel-am-albis-6"},"geometry":{"type":"Polygon","coordinates":[[[8.4984,47.21207],[8.48914,47.21081],[8.48555,47.21526],[8.48545,47.21842],[8.48922,47.21892],[8.4886,47.22335],[8.49142,47.22821],[8.48292,47.23542],[8.48346,47.23733],[8.49843,47.23599],[8.50314,47.23183],[8.51294,47.22917],[8.51157,47.23377],[8.52326,47.2356],[8.52258,47.23928],[8.54292,47.22961],[8.5377,47.22864],[8.5432,47.22475],[8.54132,47.2241],[8.54345,47.22205],[8.53934,47.22308],[8.53637,47.2206],[8.53255,47.22213],[8.53109,47.21756],[8.52122,47.22018],[8.51257,47.21941],[8.51234,47.21552],[8.4993,47.21196],[8.4984,47.21207]]]}},{"type":"Feature","properties":{"name":"Kilchberg (ZH)","cantonId":"zurich","municipalityId":"kilchberg-zh-135"},"geometry":{"type":"Polygon","coordinates":[[[8.55625,47.31577],[8.53996,47.30965],[8.53976,47.31308],[8.53675,47.31458],[8.53454,47.32621],[8.53643,47.33076],[8.54306,47.33539],[8.55618,47.31588],[8.55625,47.31577]]]}},{"type":"Feature","properties":{"name":"Kleinandelfingen","cantonId":"zurich","municipalityId":"kleinandelfingen-33"},"geometry":{"type":"Polygon","coordinates":[[[8.64001,47.5914],[8.63643,47.59413],[8.62466,47.59467],[8.6192,47.59863],[8.63947,47.59945],[8.64239,47.60527],[8.66169,47.6103],[8.66663,47.61346],[8.66702,47.62933],[8.68313,47.62949],[8.6885,47.62699],[8.68659,47.62334],[8.69075,47.62286],[8.68886,47.6158],[8.69306,47.61309],[8.69689,47.61453],[8.70361,47.61172],[8.70435,47.6094],[8.69825,47.60413],[8.69863,47.60234],[8.70209,47.60241],[8.70176,47.59975],[8.69909,47.59981],[8.6999,47.59809],[8.69767,47.59733],[8.68316,47.59661],[8.67724,47.59913],[8.67024,47.60623],[8.66365,47.60734],[8.65209,47.59597],[8.65072,47.58897],[8.64645,47.58901],[8.64001,47.5914]]]}},{"type":"Feature","properties":{"name":"Kloten","cantonId":"zurich","municipalityId":"kloten-62"},"geometry":{"type":"Polygon","coordinates":[[[8.59279,47.43581],[8.58737,47.43889],[8.57364,47.44069],[8.5698,47.43931],[8.56967,47.44155],[8.5627,47.43934],[8.55768,47.44208],[8.55464,47.44044],[8.54594,47.44753],[8.5487,47.45335],[8.5452,47.45501],[8.55434,47.46672],[8.55679,47.46493],[8.56331,47.4691],[8.55866,47.475],[8.56003,47.47556],[8.56694,47.47252],[8.57409,47.47352],[8.57787,47.48045],[8.59303,47.47347],[8.59757,47.46695],[8.60633,47.471],[8.6042,47.47629],[8.61005,47.48111],[8.61675,47.47921],[8.61712,47.47256],[8.62569,47.47361],[8.62397,47.47254],[8.62502,47.46834],[8.6285,47.46499],[8.62609,47.46178],[8.62854,47.45922],[8.62316,47.45784],[8.61803,47.45989],[8.6143,47.45653],[8.6122,47.45761],[8.60617,47.45211],[8.60689,47.4439],[8.60306,47.4392],[8.59287,47.43593],[8.59279,47.43581]]]}},{"type":"Feature","properties":{"name":"Knonau","cantonId":"zurich","municipalityId":"knonau-7"},"geometry":{"type":"Polygon","coordinates":[[[8.48545,47.21842],[8.48914,47.21081],[8.48383,47.20845],[8.47623,47.21002],[8.47331,47.20852],[8.47385,47.21062],[8.4701,47.2134],[8.46141,47.21363],[8.45669,47.21857],[8.45296,47.21776],[8.44781,47.22002],[8.4457,47.22893],[8.44056,47.23325],[8.44237,47.23481],[8.43704,47.23879],[8.43773,47.24354],[8.4409,47.24473],[8.4426,47.24097],[8.44545,47.2426],[8.44848,47.23776],[8.45248,47.23958],[8.45857,47.23404],[8.46479,47.23497],[8.47238,47.22606],[8.48487,47.22115],[8.48542,47.21851],[8.48545,47.21842]]]}},{"type":"Feature","properties":{"name":"Küsnacht (ZH)","cantonId":"zurich","municipalityId":"kuesnacht-zh-154"},"geometry":{"type":"Polygon","coordinates":[[[8.60291,47.33487],[8.6099,47.33095],[8.60671,47.32941],[8.60811,47.32832],[8.61182,47.32939],[8.6108,47.32652],[8.6293,47.32173],[8.63275,47.3226],[8.63459,47.32744],[8.64326,47.32606],[8.64629,47.32989],[8.65424,47.32436],[8.65859,47.31392],[8.65492,47.31034],[8.63769,47.31117],[8.63247,47.30823],[8.62651,47.31177],[8.62859,47.31386],[8.62532,47.31424],[8.61882,47.31237],[8.6188,47.30933],[8.60887,47.3105],[8.60519,47.30821],[8.59149,47.30703],[8.58781,47.30933],[8.58649,47.30708],[8.57666,47.31748],[8.57853,47.31993],[8.57157,47.33197],[8.58147,47.33365],[8.59198,47.32979],[8.59798,47.33182],[8.59976,47.33561],[8.60254,47.33502],[8.60291,47.33487]]]}},{"type":"Feature","properties":{"name":"Langnau am Albis","cantonId":"zurich","municipalityId":"langnau-am-albis-136"},"geometry":{"type":"Polygon","coordinates":[[[8.53066,47.30049],[8.54264,47.29307],[8.54526,47.2863],[8.54265,47.28262],[8.55108,47.27822],[8.54957,47.2736],[8.55224,47.27064],[8.54169,47.26535],[8.53912,47.26031],[8.53545,47.26097],[8.53188,47.26626],[8.51849,47.26644],[8.51557,47.27349],[8.51117,47.27012],[8.5039,47.27283],[8.50855,47.2745],[8.50984,47.27684],[8.50825,47.27789],[8.51102,47.27939],[8.51135,47.2829],[8.5068,47.28582],[8.51313,47.28627],[8.52371,47.29229],[8.52589,47.29819],[8.53043,47.30054],[8.53066,47.30049]]]}},{"type":"Feature","properties":{"name":"Laufen-Uhwiesen","cantonId":"zurich","municipalityId":"laufen-uhwiesen-34"},"geometry":{"type":"Polygon","coordinates":[[[8.62397,47.67634],[8.62638,47.675],[8.63703,47.67795],[8.63863,47.67604],[8.65308,47.67551],[8.66425,47.67882],[8.67678,47.67187],[8.67862,47.66575],[8.6565,47.66682],[8.65084,47.66273],[8.63379,47.65985],[8.62751,47.66185],[8.62242,47.67237],[8.61689,47.67059],[8.61177,47.67322],[8.60869,47.66735],[8.61454,47.66156],[8.61283,47.6608],[8.60809,47.66415],[8.60652,47.67022],[8.61365,47.67856],[8.62051,47.67521],[8.62397,47.67634]]]}},{"type":"Feature","properties":{"name":"Lindau","cantonId":"zurich","municipalityId":"lindau-176"},"geometry":{"type":"Polygon","coordinates":[[[8.67227,47.41549],[8.66965,47.41454],[8.66014,47.41864],[8.65842,47.42035],[8.66138,47.42298],[8.65565,47.42765],[8.65666,47.43319],[8.66019,47.43277],[8.65852,47.43566],[8.6618,47.43879],[8.66072,47.4417],[8.6634,47.44209],[8.66173,47.44515],[8.66384,47.44558],[8.66299,47.44783],[8.67308,47.44942],[8.67882,47.45316],[8.67544,47.45882],[8.67214,47.45965],[8.67488,47.46081],[8.6746,47.46269],[8.68523,47.46753],[8.70628,47.46686],[8.70709,47.46309],[8.70236,47.45853],[8.70781,47.45826],[8.70554,47.45142],[8.71094,47.44769],[8.71047,47.44364],[8.70525,47.44204],[8.70444,47.4393],[8.69089,47.44233],[8.68177,47.43711],[8.68243,47.43033],[8.68026,47.4299],[8.68221,47.424],[8.6777,47.41962],[8.67177,47.4201],[8.67389,47.41915],[8.67085,47.4168],[8.67227,47.41555],[8.67227,47.41549]]]}},{"type":"Feature","properties":{"name":"Lufingen","cantonId":"zurich","municipalityId":"lufingen-63"},"geometry":{"type":"Polygon","coordinates":[[[8.61064,47.48131],[8.6042,47.47629],[8.60633,47.471],[8.59739,47.46699],[8.59303,47.47347],[8.58839,47.47451],[8.57496,47.48406],[8.57207,47.48887],[8.57366,47.49166],[8.5808,47.49088],[8.58812,47.4967],[8.59296,47.49391],[8.60059,47.49424],[8.60808,47.48932],[8.60633,47.48767],[8.6116,47.48334],[8.61068,47.48137],[8.61064,47.48131]]]}},{"type":"Feature","properties":{"name":"Männedorf","cantonId":"zurich","municipalityId":"maennedorf-155"},"geometry":{"type":"Polygon","coordinates":[[[8.6783,47.258],[8.68439,47.261],[8.68791,47.26608],[8.69367,47.26799],[8.69815,47.27347],[8.70796,47.27055],[8.71358,47.2652],[8.71175,47.26225],[8.71449,47.25993],[8.71493,47.25481],[8.7074,47.24593],[8.67831,47.258],[8.6783,47.258]]]}},{"type":"Feature","properties":{"name":"Marthalen","cantonId":"zurich","municipalityId":"marthalen-35"},"geometry":{"type":"Polygon","coordinates":[[[8.59573,47.60561],[8.60339,47.611],[8.60639,47.60715],[8.60966,47.60772],[8.60716,47.60261],[8.62045,47.6054],[8.61758,47.60792],[8.62345,47.61324],[8.61827,47.61297],[8.6156,47.61635],[8.62963,47.6219],[8.62997,47.62479],[8.62025,47.62988],[8.6289,47.63556],[8.63613,47.63475],[8.64129,47.63837],[8.63696,47.64313],[8.64471,47.64056],[8.64568,47.64446],[8.64789,47.64202],[8.65323,47.6435],[8.6671,47.63249],[8.66236,47.63143],[8.66702,47.62933],[8.66722,47.61412],[8.66169,47.6103],[8.64239,47.60527],[8.63947,47.59945],[8.61975,47.59876],[8.60732,47.5959],[8.59873,47.59833],[8.59436,47.5947],[8.59294,47.5956],[8.59501,47.59757],[8.59537,47.60492],[8.59573,47.60561]]]}},{"type":"Feature","properties":{"name":"Maschwanden","cantonId":"zurich","municipalityId":"maschwanden-8"},"geometry":{"type":"Polygon","coordinates":[[[8.43521,47.24756],[8.43836,47.24228],[8.43764,47.23701],[8.44237,47.23481],[8.44056,47.23325],[8.44538,47.22947],[8.44665,47.22338],[8.44381,47.22264],[8.44113,47.22521],[8.4217,47.22332],[8.41819,47.22662],[8.4165,47.23697],[8.41421,47.23915],[8.4165,47.24109],[8.41428,47.24642],[8.43501,47.24737],[8.43521,47.24756]]]}},{"type":"Feature","properties":{"name":"Maur","cantonId":"zurich","municipalityId":"maur-195"},"geometry":{"type":"Polygon","coordinates":[[[8.65619,47.30829],[8.65445,47.31111],[8.65859,47.31407],[8.65512,47.32315],[8.6462,47.32985],[8.64434,47.33392],[8.64607,47.33643],[8.636,47.34081],[8.63498,47.34518],[8.62955,47.34498],[8.63071,47.34776],[8.62615,47.35002],[8.62545,47.35466],[8.62131,47.35752],[8.62292,47.36115],[8.62584,47.36006],[8.62715,47.36192],[8.63256,47.35707],[8.64313,47.35959],[8.64391,47.35764],[8.65026,47.35964],[8.6529,47.3573],[8.65702,47.35788],[8.6639,47.3538],[8.66825,47.34754],[8.67559,47.34563],[8.68556,47.33451],[8.69015,47.32259],[8.69726,47.32168],[8.69716,47.31872],[8.68984,47.31885],[8.68173,47.31354],[8.67799,47.31617],[8.67127,47.31425],[8.66828,47.31102],[8.65831,47.30933],[8.65619,47.30829]]]}},{"type":"Feature","properties":{"name":"Meilen","cantonId":"zurich","municipalityId":"meilen-156"},"geometry":{"type":"Polygon","coordinates":[[[8.66741,47.26122],[8.62931,47.271],[8.61524,47.27791],[8.61022,47.28294],[8.61443,47.28483],[8.62338,47.28236],[8.62645,47.28454],[8.64121,47.28633],[8.65024,47.29763],[8.65771,47.29803],[8.66054,47.30133],[8.66504,47.30028],[8.67324,47.29065],[8.68219,47.28785],[8.68358,47.28425],[8.67283,47.27511],[8.66767,47.26169],[8.66741,47.26122]]]}},{"type":"Feature","properties":{"name":"Mettmenstetten","cantonId":"zurich","municipalityId":"mettmenstetten-9"},"geometry":{"type":"Polygon","coordinates":[[[8.43521,47.24756],[8.43723,47.24928],[8.43209,47.2537],[8.43367,47.25737],[8.43224,47.25971],[8.43502,47.26268],[8.44173,47.26296],[8.44087,47.26565],[8.44624,47.26602],[8.44609,47.26338],[8.44823,47.26379],[8.44774,47.26781],[8.45381,47.26828],[8.46148,47.26379],[8.47167,47.2638],[8.47436,47.26052],[8.48392,47.25723],[8.48707,47.26069],[8.50068,47.26127],[8.5001,47.258],[8.49185,47.25305],[8.49183,47.25061],[8.48734,47.25098],[8.48467,47.2541],[8.47244,47.25261],[8.47795,47.24988],[8.47491,47.24836],[8.47844,47.24655],[8.47484,47.24531],[8.4853,47.23932],[8.48279,47.23559],[8.49142,47.22821],[8.4886,47.22335],[8.49023,47.22132],[8.48902,47.21876],[8.48553,47.21838],[8.48487,47.22115],[8.47238,47.22606],[8.46479,47.23497],[8.45857,47.23404],[8.45248,47.23958],[8.44848,47.23776],[8.44545,47.2426],[8.4426,47.24097],[8.44138,47.24432],[8.43792,47.24358],[8.4356,47.24728],[8.43521,47.24756]]]}},{"type":"Feature","properties":{"name":"Mönchaltorf","cantonId":"zurich","municipalityId":"moenchaltorf-196"},"geometry":{"type":"MultiPolygon","coordinates":[[[[8.69726,47.32168],[8.70015,47.32601],[8.71023,47.32015],[8.72055,47.32465],[8.72763,47.32424],[8.73475,47.32713],[8.74211,47.32063],[8.73993,47.31617],[8.73449,47.31475],[8.73702,47.31253],[8.72996,47.30884],[8.74088,47.30349],[8.73752,47.30126],[8.74051,47.29707],[8.73614,47.29442],[8.73557,47.29633],[8.72711,47.29559],[8.71562,47.30253],[8.70973,47.30153],[8.70598,47.30346],[8.70009,47.31066],[8.70615,47.31264],[8.70206,47.31487],[8.70598,47.31797],[8.69729,47.32148],[8.69726,47.32168]]],[[[8.75737,47.3275],[8.75266,47.33344],[8.75443,47.33621],[8.75753,47.33071],[8.76358,47.33049],[8.76369,47.32674],[8.75763,47.32726],[8.75737,47.3275]]]]}},{"type":"Feature","properties":{"name":"Neerach","cantonId":"zurich","municipalityId":"neerach-88"},"geometry":{"type":"Polygon","coordinates":[[[8.45434,47.51113],[8.46719,47.51936],[8.467,47.52133],[8.48861,47.52299],[8.49041,47.52795],[8.49376,47.52142],[8.49138,47.5186],[8.49332,47.51783],[8.48926,47.51458],[8.49063,47.51289],[8.48913,47.50964],[8.48124,47.50704],[8.48693,47.49784],[8.47771,47.49348],[8.46415,47.49471],[8.4629,47.49573],[8.46686,47.4972],[8.46489,47.505],[8.45969,47.50487],[8.45977,47.50905],[8.45423,47.50995],[8.45434,47.51113]]]}},{"type":"Feature","properties":{"name":"Neftenbach","cantonId":"zurich","municipalityId":"neftenbach-223"},"geometry":{"type":"Polygon","coordinates":[[[8.63502,47.52704],[8.63339,47.52844],[8.64211,47.53279],[8.64254,47.53667],[8.64867,47.5381],[8.65308,47.54214],[8.64611,47.54522],[8.64604,47.54708],[8.65039,47.54587],[8.64655,47.55452],[8.65063,47.55518],[8.64871,47.55831],[8.65589,47.5576],[8.66052,47.5622],[8.6672,47.56218],[8.67741,47.55813],[8.67682,47.5548],[8.68166,47.5497],[8.68396,47.5533],[8.68757,47.55243],[8.69176,47.54874],[8.69164,47.54187],[8.69572,47.54276],[8.69797,47.53717],[8.69785,47.53284],[8.68759,47.53152],[8.68703,47.52759],[8.68068,47.52334],[8.6771,47.51785],[8.66796,47.5159],[8.64061,47.52114],[8.63504,47.52692],[8.63502,47.52704]]]}},{"type":"Feature","properties":{"name":"Niederglatt","cantonId":"zurich","municipalityId":"niederglatt-89"},"geometry":{"type":"Polygon","coordinates":[[[8.47567,47.49119],[8.48174,47.49664],[8.49572,47.50159],[8.49569,47.50016],[8.50414,47.49975],[8.51072,47.50103],[8.51649,47.49479],[8.51928,47.49573],[8.52121,47.49344],[8.5118,47.49039],[8.50429,47.48361],[8.49816,47.48234],[8.49595,47.48826],[8.49133,47.48774],[8.48659,47.49264],[8.48096,47.48992],[8.48161,47.48782],[8.47617,47.49113],[8.47567,47.49119]]]}},{"type":"Feature","properties":{"name":"Niederhasli","cantonId":"zurich","municipalityId":"niederhasli-90"},"geometry":{"type":"Polygon","coordinates":[[[8.46373,47.45944],[8.46251,47.46775],[8.46655,47.46872],[8.46763,47.4738],[8.47135,47.47374],[8.46994,47.47769],[8.47526,47.48656],[8.47567,47.49119],[8.48161,47.48782],[8.48096,47.48992],[8.48659,47.49264],[8.49133,47.48774],[8.49595,47.48826],[8.49816,47.48234],[8.50069,47.48291],[8.49834,47.47865],[8.50556,47.47432],[8.50668,47.47266],[8.50426,47.47291],[8.50868,47.46664],[8.51182,47.4671],[8.51552,47.46432],[8.51877,47.46595],[8.51766,47.46859],[8.52273,47.47103],[8.52415,47.46406],[8.51574,47.46216],[8.51612,47.45897],[8.50999,47.45869],[8.51152,47.45288],[8.5031,47.44997],[8.50029,47.4456],[8.49458,47.44772],[8.49388,47.45417],[8.49035,47.45632],[8.48604,47.45361],[8.48143,47.46004],[8.47274,47.46139],[8.46421,47.45945],[8.46373,47.45944]]]}},{"type":"Feature","properties":{"name":"Niederweningen","cantonId":"zurich","municipalityId":"niederweningen-91"},"geometry":{"type":"Polygon","coordinates":[[[8.36123,47.5101],[8.36735,47.51219],[8.3738,47.51102],[8.3788,47.51367],[8.38163,47.52555],[8.38468,47.52844],[8.39207,47.52539],[8.38921,47.51154],[8.39177,47.50685],[8.38625,47.50707],[8.38809,47.50502],[8.38411,47.49915],[8.38063,47.499],[8.38342,47.49654],[8.37811,47.49335],[8.38108,47.4906],[8.37585,47.48713],[8.37824,47.48166],[8.36328,47.48086],[8.36266,47.49061],[8.35828,47.49748],[8.3631,47.50114],[8.35769,47.50253],[8.36092,47.50957],[8.36123,47.5101]]]}},{"type":"Feature","properties":{"name":"Nürensdorf","cantonId":"zurich","municipalityId":"nuerensdorf-64"},"geometry":{"type":"Polygon","coordinates":[[[8.62572,47.45822],[8.62854,47.45922],[8.62609,47.46178],[8.6285,47.46499],[8.624,47.47269],[8.62672,47.47679],[8.63488,47.47894],[8.63858,47.47615],[8.63964,47.4721],[8.64806,47.47042],[8.65179,47.47216],[8.6659,47.46205],[8.66905,47.46311],[8.67559,47.45861],[8.67882,47.45316],[8.67308,47.44942],[8.66299,47.44783],[8.66384,47.44558],[8.66173,47.44515],[8.6634,47.44209],[8.66072,47.4417],[8.6618,47.43879],[8.65794,47.43512],[8.64919,47.43808],[8.6397,47.4455],[8.6359,47.45081],[8.63728,47.45253],[8.63119,47.45287],[8.62584,47.45805],[8.62572,47.45822]]]}},{"type":"Feature","properties":{"name":"Oberembrach","cantonId":"zurich","municipalityId":"oberembrach-65"},"geometry":{"type":"Polygon","coordinates":[[[8.60155,47.49242],[8.6174,47.49892],[8.62863,47.4992],[8.6281,47.50352],[8.63076,47.50247],[8.63051,47.50594],[8.63394,47.50857],[8.6372,47.50761],[8.63652,47.50217],[8.6383,47.50095],[8.64791,47.49939],[8.65305,47.5009],[8.65833,47.49744],[8.66107,47.49109],[8.65148,47.48474],[8.6552,47.48168],[8.65254,47.48038],[8.65509,47.47321],[8.64806,47.47042],[8.63964,47.4721],[8.63858,47.47615],[8.63488,47.47894],[8.61712,47.47256],[8.61712,47.47877],[8.61075,47.47986],[8.6116,47.48334],[8.60633,47.48767],[8.60808,47.48932],[8.6016,47.49236],[8.60155,47.49242]]]}},{"type":"Feature","properties":{"name":"Oberengstringen","cantonId":"zurich","municipalityId":"oberengstringen-245"},"geometry":{"type":"Polygon","coordinates":[[[8.46771,47.403],[8.45687,47.40543],[8.45169,47.40881],[8.45546,47.40899],[8.45752,47.41505],[8.46013,47.41447],[8.46246,47.41884],[8.47015,47.41829],[8.47488,47.42115],[8.47721,47.41974],[8.46964,47.41752],[8.46802,47.41334],[8.47269,47.41058],[8.47726,47.41194],[8.47544,47.4097],[8.4773,47.40914],[8.47816,47.40387],[8.46799,47.40297],[8.46771,47.403]]]}},{"type":"Feature","properties":{"name":"Oberglatt","cantonId":"zurich","municipalityId":"oberglatt-92"},"geometry":{"type":"Polygon","coordinates":[[[8.53959,47.48762],[8.54278,47.47877],[8.54631,47.47692],[8.54314,47.47493],[8.55122,47.46901],[8.54008,47.46587],[8.53797,47.46889],[8.53616,47.46832],[8.53369,47.46263],[8.5318,47.46511],[8.52415,47.46406],[8.52273,47.47103],[8.51761,47.46854],[8.51877,47.46595],[8.51403,47.46399],[8.51182,47.4671],[8.50741,47.46805],[8.50425,47.47295],[8.50666,47.47276],[8.5024,47.47742],[8.49834,47.47865],[8.5049,47.486],[8.50769,47.48534],[8.5118,47.49039],[8.52119,47.49341],[8.51922,47.49572],[8.52304,47.49761],[8.52869,47.49584],[8.52794,47.49123],[8.53148,47.4889],[8.53948,47.4876],[8.53959,47.48762]]]}},{"type":"Feature","properties":{"name":"Oberrieden","cantonId":"zurich","municipalityId":"oberrieden-137"},"geometry":{"type":"Polygon","coordinates":[[[8.58704,47.27037],[8.5768,47.2663],[8.57489,47.26319],[8.56485,47.26703],[8.55922,47.26671],[8.55407,47.27328],[8.56525,47.2766],[8.56729,47.27921],[8.57339,47.27906],[8.57452,47.28161],[8.57974,47.28235],[8.58669,47.27062],[8.58704,47.27037]]]}},{"type":"Feature","properties":{"name":"Oberweningen","cantonId":"zurich","municipalityId":"oberweningen-93"},"geometry":{"type":"Polygon","coordinates":[[[8.40257,47.53324],[8.4009,47.5293],[8.40659,47.52734],[8.40901,47.5286],[8.41874,47.5231],[8.41559,47.52407],[8.41486,47.5218],[8.408,47.52374],[8.41422,47.51508],[8.41225,47.50814],[8.4082,47.50845],[8.40861,47.50652],[8.41351,47.50551],[8.40943,47.49705],[8.41402,47.49624],[8.41098,47.49251],[8.41367,47.49196],[8.41292,47.48772],[8.41067,47.48751],[8.41358,47.4858],[8.4109,47.48227],[8.40605,47.4822],[8.40285,47.48618],[8.39894,47.48569],[8.40205,47.49194],[8.40001,47.49646],[8.40402,47.49835],[8.39982,47.50125],[8.4013,47.5054],[8.39881,47.50603],[8.40217,47.51138],[8.39779,47.52403],[8.39333,47.52572],[8.39573,47.52832],[8.39509,47.53176],[8.40248,47.53324],[8.40257,47.53324]]]}},{"type":"Feature","properties":{"name":"Obfelden","cantonId":"zurich","municipalityId":"obfelden-10"},"geometry":{"type":"Polygon","coordinates":[[[8.41008,47.24837],[8.40289,47.25461],[8.4045,47.26028],[8.40062,47.26471],[8.40144,47.26816],[8.41606,47.27102],[8.42188,47.27575],[8.42738,47.27293],[8.42855,47.27603],[8.42634,47.27953],[8.43579,47.27998],[8.43863,47.27697],[8.43601,47.27466],[8.44447,47.26622],[8.44087,47.26565],[8.44173,47.26296],[8.43502,47.26268],[8.43224,47.25971],[8.43367,47.25737],[8.43209,47.2537],[8.43723,47.24928],[8.42876,47.24614],[8.41649,47.24715],[8.41401,47.24367],[8.41051,47.24824],[8.41008,47.24837]]]}},{"type":"Feature","properties":{"name":"Oetwil am See","cantonId":"zurich","municipalityId":"oetwil-am-see-157"},"geometry":{"type":"Polygon","coordinates":[[[8.72987,47.26147],[8.71673,47.26338],[8.70796,47.27055],[8.70412,47.27247],[8.70059,47.2715],[8.69482,47.27505],[8.70202,47.27812],[8.70724,47.27604],[8.71305,47.28378],[8.71708,47.28349],[8.7234,47.28789],[8.73843,47.28421],[8.73643,47.28162],[8.73206,47.28132],[8.74203,47.27546],[8.73976,47.27248],[8.74665,47.26782],[8.73028,47.26163],[8.72987,47.26147]]]}},{"type":"Feature","properties":{"name":"Oetwil an der Limmat","cantonId":"zurich","municipalityId":"oetwil-an-der-limmat-246"},"geometry":{"type":"Polygon","coordinates":[[[8.41598,47.43457],[8.41876,47.4325],[8.41665,47.42965],[8.40922,47.42978],[8.40801,47.42696],[8.40427,47.42783],[8.40372,47.42147],[8.3894,47.42777],[8.37673,47.42959],[8.37467,47.43225],[8.38287,47.43291],[8.38649,47.43555],[8.39883,47.43487],[8.40105,47.43736],[8.41587,47.43456],[8.41598,47.43457]]]}},{"type":"Feature","properties":{"name":"Opfikon","cantonId":"zurich","municipalityId":"opfikon-66"},"geometry":{"type":"Polygon","coordinates":[[[8.59279,47.43581],[8.59117,47.43001],[8.59391,47.42916],[8.58714,47.42618],[8.58871,47.4241],[8.57443,47.42319],[8.57285,47.41927],[8.56325,47.41565],[8.5542,47.4208],[8.55784,47.42554],[8.55512,47.4315],[8.559,47.43467],[8.55428,47.44025],[8.55714,47.44201],[8.56033,47.43928],[8.56967,47.44155],[8.5698,47.43931],[8.57364,47.44069],[8.58737,47.43889],[8.59275,47.4359],[8.59279,47.43581]]]}},{"type":"Feature","properties":{"name":"Ossingen","cantonId":"zurich","municipalityId":"ossingen-37"},"geometry":{"type":"Polygon","coordinates":[[[8.74823,47.59231],[8.73943,47.5879],[8.7345,47.59091],[8.73217,47.59669],[8.71825,47.59455],[8.71792,47.59663],[8.72501,47.5996],[8.71888,47.60501],[8.71397,47.60062],[8.70117,47.59565],[8.69767,47.59733],[8.7024,47.6019],[8.6985,47.6024],[8.69825,47.60413],[8.70435,47.6094],[8.70361,47.61172],[8.69689,47.61453],[8.69306,47.61309],[8.68884,47.61586],[8.69075,47.62286],[8.68659,47.62334],[8.68691,47.62594],[8.69443,47.62817],[8.70322,47.62489],[8.70326,47.62775],[8.7007,47.62808],[8.70058,47.63322],[8.70419,47.63456],[8.71266,47.63467],[8.71119,47.62977],[8.71804,47.62864],[8.71733,47.6257],[8.72384,47.62193],[8.7298,47.62176],[8.73848,47.62641],[8.74182,47.62561],[8.74236,47.62815],[8.75194,47.62819],[8.75475,47.62366],[8.74643,47.62191],[8.74582,47.61295],[8.74018,47.6119],[8.7394,47.60809],[8.74879,47.60004],[8.74568,47.59654],[8.7473,47.59512],[8.74823,47.59231]]]}},{"type":"Feature","properties":{"name":"Otelfingen","cantonId":"zurich","municipalityId":"otelfingen-94"},"geometry":{"type":"Polygon","coordinates":[[[8.38691,47.4496],[8.38291,47.45624],[8.3802,47.45614],[8.37889,47.45927],[8.37284,47.45918],[8.36945,47.46533],[8.36569,47.46621],[8.3678,47.47036],[8.37533,47.47114],[8.37327,47.48147],[8.39335,47.48182],[8.39155,47.47908],[8.39571,47.47833],[8.39538,47.47685],[8.39121,47.47476],[8.38936,47.47084],[8.39379,47.47033],[8.39662,47.46652],[8.40209,47.46647],[8.40084,47.46409],[8.41138,47.4629],[8.41887,47.45739],[8.41263,47.457],[8.41605,47.45655],[8.41406,47.45423],[8.41942,47.45216],[8.41703,47.45071],[8.40176,47.45234],[8.38982,47.45079],[8.38691,47.4496]]]}},{"type":"Feature","properties":{"name":"Ottenbach","cantonId":"zurich","municipalityId":"ottenbach-11"},"geometry":{"type":"Polygon","coordinates":[[[8.41466,47.2936],[8.41653,47.29166],[8.41957,47.29288],[8.41944,47.2901],[8.42843,47.27643],[8.42777,47.27309],[8.42188,47.27575],[8.41606,47.27102],[8.40144,47.26816],[8.402,47.27271],[8.39501,47.27809],[8.38865,47.29003],[8.39271,47.29092],[8.39723,47.2879],[8.40359,47.29176],[8.41443,47.29349],[8.41466,47.2936]]]}},{"type":"Feature","properties":{"name":"Pfäffikon","cantonId":"zurich","municipalityId":"pfaeffikon-177"},"geometry":{"type":"Polygon","coordinates":[[[8.829,47.33954],[8.81765,47.33735],[8.80515,47.34009],[8.8025,47.33869],[8.79612,47.34225],[8.79322,47.34048],[8.77101,47.35399],[8.75705,47.34951],[8.75216,47.35587],[8.75437,47.35684],[8.75146,47.35952],[8.75186,47.36217],[8.75834,47.36427],[8.75735,47.36865],[8.76069,47.3709],[8.75864,47.3725],[8.76727,47.3736],[8.76721,47.3795],[8.77087,47.37915],[8.7731,47.38289],[8.78511,47.38044],[8.78711,47.38301],[8.79295,47.38307],[8.80134,47.38812],[8.80401,47.38613],[8.81032,47.38707],[8.81245,47.38453],[8.81614,47.38988],[8.81373,47.39386],[8.81714,47.40033],[8.82176,47.39817],[8.82468,47.40069],[8.82846,47.39974],[8.82878,47.40219],[8.8334,47.40127],[8.83516,47.39663],[8.84067,47.39687],[8.83884,47.39449],[8.8414,47.39244],[8.84164,47.38854],[8.82711,47.38801],[8.82138,47.38451],[8.82032,47.38607],[8.81559,47.38422],[8.80823,47.38003],[8.8081,47.37566],[8.80322,47.37538],[8.80241,47.37167],[8.81086,47.3637],[8.80789,47.35779],[8.81269,47.35469],[8.81364,47.34632],[8.82249,47.34463],[8.82884,47.33971],[8.829,47.33954]]]}},{"type":"Feature","properties":{"name":"Pfungen","cantonId":"zurich","municipalityId":"pfungen-224"},"geometry":{"type":"Polygon","coordinates":[[[8.63051,47.50594],[8.62695,47.50799],[8.62752,47.51061],[8.61949,47.51404],[8.62482,47.51796],[8.61766,47.52122],[8.63688,47.5198],[8.64196,47.52185],[8.66114,47.51624],[8.65893,47.51532],[8.65661,47.50858],[8.6596,47.50543],[8.65821,47.50381],[8.65996,47.49862],[8.65576,47.49766],[8.6558,47.4998],[8.65305,47.5009],[8.64791,47.49939],[8.6383,47.50095],[8.63652,47.50217],[8.63755,47.50698],[8.6354,47.50851],[8.63059,47.50594],[8.63051,47.50594]]]}},{"type":"Feature","properties":{"name":"Rafz","cantonId":"zurich","municipalityId":"rafz-67"},"geometry":{"type":"Polygon","coordinates":[[[8.56308,47.59945],[8.55629,47.59764],[8.55549,47.59396],[8.55045,47.59226],[8.54425,47.59302],[8.52929,47.60254],[8.5217,47.61418],[8.5214,47.61975],[8.5241,47.62447],[8.5158,47.63255],[8.52077,47.63432],[8.52564,47.63171],[8.53895,47.63096],[8.5387,47.62629],[8.5579,47.62445],[8.56293,47.6167],[8.56934,47.6172],[8.57123,47.61248],[8.57452,47.61197],[8.56639,47.60986],[8.56602,47.60519],[8.56165,47.6013],[8.5627,47.59982],[8.56308,47.59945]]]}},{"type":"Feature","properties":{"name":"Regensberg","cantonId":"zurich","municipalityId":"regensberg-95"},"geometry":{"type":"Polygon","coordinates":[[[8.42668,47.46881],[8.41573,47.47197],[8.41858,47.47503],[8.41557,47.48098],[8.40428,47.48201],[8.43535,47.48306],[8.44577,47.48544],[8.44564,47.48003],[8.44119,47.4801],[8.44209,47.47779],[8.43878,47.47413],[8.43759,47.47765],[8.4338,47.47662],[8.42666,47.46913],[8.42668,47.46881]]]}},{"type":"Feature","properties":{"name":"Regensdorf","cantonId":"zurich","municipalityId":"regensdorf-96"},"geometry":{"type":"Polygon","coordinates":[[[8.46373,47.45944],[8.47485,47.46131],[8.48154,47.45999],[8.48604,47.45361],[8.49035,47.45632],[8.49388,47.45417],[8.49458,47.44772],[8.49978,47.44665],[8.50222,47.44207],[8.50193,47.43463],[8.48446,47.42979],[8.48526,47.42726],[8.49041,47.42556],[8.49014,47.4223],[8.48172,47.423],[8.48132,47.42134],[8.47784,47.42211],[8.46937,47.41818],[8.45352,47.42053],[8.45007,47.42637],[8.44448,47.42827],[8.45162,47.43725],[8.44841,47.43803],[8.44601,47.44262],[8.44205,47.44316],[8.44078,47.44807],[8.44448,47.44771],[8.444,47.45109],[8.44923,47.45231],[8.44874,47.45393],[8.45585,47.45332],[8.45612,47.4567],[8.46369,47.45939],[8.46373,47.45944]]]}},{"type":"Feature","properties":{"name":"Rheinau","cantonId":"zurich","municipalityId":"rheinau-38"},"geometry":{"type":"Polygon","coordinates":[[[8.62827,47.64834],[8.63629,47.6467],[8.64129,47.63837],[8.63567,47.63453],[8.6289,47.63556],[8.62025,47.62988],[8.62997,47.62479],[8.62963,47.6219],[8.6156,47.61635],[8.61827,47.61297],[8.62345,47.61324],[8.61758,47.60792],[8.62045,47.6054],[8.61486,47.60281],[8.60706,47.6027],[8.60966,47.60772],[8.60639,47.60715],[8.60339,47.611],[8.60516,47.61601],[8.59842,47.62616],[8.59533,47.64167],[8.60199,47.64626],[8.6062,47.65244],[8.61188,47.65041],[8.61416,47.64538],[8.61167,47.6422],[8.60362,47.64084],[8.60619,47.6372],[8.62109,47.63944],[8.62816,47.64821],[8.62827,47.64834]]]}},{"type":"Feature","properties":{"name":"Richterswil","cantonId":"zurich","municipalityId":"richterswil-138"},"geometry":{"type":"MultiPolygon","coordinates":[[[[8.71311,47.20304],[8.7101,47.20042],[8.70405,47.2023],[8.70234,47.19796],[8.69419,47.19636],[8.68016,47.18235],[8.67745,47.18494],[8.66877,47.18335],[8.6618,47.18747],[8.66498,47.19392],[8.66833,47.19528],[8.66878,47.19947],[8.6842,47.20944],[8.68281,47.21412],[8.69063,47.22012],[8.69876,47.21765],[8.70335,47.21245],[8.70666,47.21209],[8.70569,47.21011],[8.71332,47.20313],[8.71311,47.20304]]],[[[8.71702,47.20354],[8.71699,47.20355],[8.717,47.20358],[8.71696,47.20359],[8.71694,47.2036],[8.71693,47.2036],[8.7169,47.20363],[8.71692,47.20365],[8.71687,47.20368],[8.71678,47.20374],[8.71673,47.20379],[8.71672,47.2038],[8.71676,47.20382],[8.71678,47.20382],[8.7168,47.20383],[8.71687,47.20382],[8.71685,47.20383],[8.71685,47.20384],[8.71686,47.20385],[8.71686,47.20385],[8.71688,47.20385],[8.71692,47.20391],[8.7169,47.20392],[8.7169,47.20392],[8.71691,47.20394],[8.71692,47.20394],[8.71694,47.20394],[8.71696,47.20395],[8.71699,47.20397],[8.71701,47.20397],[8.71704,47.20397],[8.71709,47.20397],[8.71712,47.20399],[8.71718,47.20401],[8.71722,47.20405],[8.71724,47.20407],[8.71728,47.20408],[8.71731,47.20408],[8.71732,47.20407],[8.71731,47.20405],[8.7173,47.20404],[8.71729,47.204],[8.71726,47.20397],[8.71717,47.20389],[8.71715,47.20387],[8.71715,47.20383],[8.71713,47.20375],[8.71714,47.2037],[8.71711,47.20362],[8.71711,47.20358],[8.7171,47.20357],[8.71708,47.20356],[8.71702,47.20354]]]]}},{"type":"Feature","properties":{"name":"Rickenbach (ZH)","cantonId":"zurich","municipalityId":"rickenbach-zh-225"},"geometry":{"type":"Polygon","coordinates":[[[8.80172,47.56407],[8.8135,47.55214],[8.80526,47.5456],[8.80854,47.54321],[8.80048,47.54289],[8.79266,47.53579],[8.78411,47.53425],[8.78435,47.53657],[8.77944,47.53599],[8.77584,47.54414],[8.78404,47.54409],[8.78369,47.55082],[8.77967,47.55078],[8.78557,47.55228],[8.78168,47.56027],[8.77864,47.56025],[8.77783,47.5628],[8.78216,47.56419],[8.78279,47.56638],[8.78807,47.56694],[8.80168,47.5641],[8.80172,47.56407]]]}},{"type":"Feature","properties":{"name":"Rifferswil","cantonId":"zurich","municipalityId":"rifferswil-12"},"geometry":{"type":"Polygon","coordinates":[[[8.48388,47.23761],[8.4853,47.23932],[8.47484,47.24531],[8.47844,47.24655],[8.47491,47.24836],[8.47795,47.24988],[8.4729,47.25289],[8.48467,47.2541],[8.48734,47.25098],[8.49183,47.25061],[8.49185,47.25305],[8.5001,47.258],[8.50109,47.26161],[8.51673,47.25116],[8.51384,47.25015],[8.5144,47.23763],[8.52349,47.23659],[8.51157,47.23377],[8.51294,47.22917],[8.50314,47.23183],[8.49843,47.23599],[8.48409,47.23738],[8.48388,47.23761]]]}},{"type":"Feature","properties":{"name":"Rorbas","cantonId":"zurich","municipalityId":"rorbas-68"},"geometry":{"type":"Polygon","coordinates":[[[8.58675,47.52827],[8.58602,47.52541],[8.5822,47.52578],[8.58146,47.52005],[8.57764,47.51854],[8.57013,47.52261],[8.56524,47.52201],[8.56147,47.52474],[8.56294,47.53128],[8.55616,47.53901],[8.55157,47.54085],[8.55087,47.5504],[8.56231,47.54779],[8.56389,47.54355],[8.57108,47.54488],[8.57312,47.54096],[8.58151,47.53481],[8.58033,47.53013],[8.58651,47.52818],[8.58675,47.52827]]]}},{"type":"Feature","properties":{"name":"Rümlang","cantonId":"zurich","municipalityId":"ruemlang-97"},"geometry":{"type":"Polygon","coordinates":[[[8.55536,47.43066],[8.5255,47.43316],[8.52464,47.43126],[8.51273,47.43085],[8.50193,47.43463],[8.50293,47.43949],[8.50029,47.4456],[8.5031,47.44997],[8.51152,47.45288],[8.50999,47.45869],[8.51612,47.45897],[8.51574,47.46216],[8.52574,47.4644],[8.5318,47.46511],[8.53369,47.46263],[8.53462,47.46663],[8.53797,47.46889],[8.54008,47.46587],[8.55122,47.46901],[8.55434,47.46672],[8.5452,47.45501],[8.5487,47.45335],[8.54594,47.44753],[8.559,47.43467],[8.55527,47.43097],[8.55536,47.43066]]]}},{"type":"Feature","properties":{"name":"Rüschlikon","cantonId":"zurich","municipalityId":"rueschlikon-139"},"geometry":{"type":"Polygon","coordinates":[[[8.53066,47.30049],[8.54066,47.30725],[8.54042,47.31006],[8.55625,47.31577],[8.56146,47.30228],[8.55149,47.30007],[8.54847,47.29596],[8.54231,47.29343],[8.53084,47.30043],[8.53066,47.30049]]]}},{"type":"Feature","properties":{"name":"Rüti (ZH)","cantonId":"zurich","municipalityId":"rueti-zh-118"},"geometry":{"type":"Polygon","coordinates":[[[8.89084,47.27045],[8.89828,47.27237],[8.89996,47.26933],[8.90478,47.27026],[8.90527,47.26483],[8.89764,47.26345],[8.89896,47.26167],[8.88989,47.25903],[8.89175,47.25667],[8.88525,47.25281],[8.8735,47.25199],[8.87377,47.24766],[8.86976,47.24504],[8.85524,47.24438],[8.85172,47.25112],[8.84475,47.24863],[8.84473,47.24697],[8.83783,47.24699],[8.829,47.24989],[8.82723,47.25257],[8.83222,47.26198],[8.8517,47.2604],[8.85215,47.26267],[8.8554,47.26333],[8.85499,47.26637],[8.86173,47.26656],[8.86786,47.26966],[8.89007,47.27061],[8.89084,47.27045]]]}},{"type":"Feature","properties":{"name":"Russikon","cantonId":"zurich","municipalityId":"russikon-178"},"geometry":{"type":"Polygon","coordinates":[[[8.7522,47.40489],[8.75246,47.41203],[8.75775,47.41249],[8.75817,47.41534],[8.76277,47.41603],[8.7608,47.41301],[8.76269,47.41126],[8.76534,47.41253],[8.77454,47.41044],[8.78041,47.41248],[8.78282,47.41685],[8.78882,47.42046],[8.80461,47.42466],[8.80637,47.41125],[8.81267,47.40649],[8.81734,47.4058],[8.81373,47.39386],[8.81614,47.38988],[8.81245,47.38453],[8.81032,47.38707],[8.80401,47.38613],[8.80134,47.38812],[8.79295,47.38307],[8.78102,47.38084],[8.76708,47.38751],[8.76406,47.3942],[8.76616,47.39506],[8.76311,47.39645],[8.7614,47.40179],[8.75221,47.40488],[8.7522,47.40489]]]}},{"type":"Feature","properties":{"name":"Schlatt (ZH)","cantonId":"zurich","municipalityId":"schlatt-zh-226"},"geometry":{"type":"Polygon","coordinates":[[[8.81888,47.48871],[8.82956,47.48094],[8.83246,47.4819],[8.84113,47.47793],[8.8426,47.47651],[8.84018,47.47539],[8.84264,47.4742],[8.84402,47.46903],[8.84756,47.47056],[8.85561,47.46761],[8.85822,47.46298],[8.85698,47.46186],[8.86137,47.4609],[8.86122,47.45908],[8.85719,47.45857],[8.85319,47.45388],[8.8437,47.45874],[8.83695,47.45877],[8.83485,47.46134],[8.8291,47.46011],[8.82037,47.46382],[8.79738,47.4655],[8.79852,47.46699],[8.79536,47.46797],[8.79671,47.47178],[8.80946,47.47576],[8.80762,47.48075],[8.80462,47.48205],[8.80921,47.48314],[8.80746,47.48503],[8.81867,47.48855],[8.81888,47.48871]]]}},{"type":"Feature","properties":{"name":"Schleinikon","cantonId":"zurich","municipalityId":"schleinikon-98"},"geometry":{"type":"Polygon","coordinates":[[[8.39335,47.48182],[8.37824,47.48166],[8.37585,47.48713],[8.38108,47.4906],[8.37836,47.49464],[8.38342,47.49654],[8.38063,47.499],[8.38411,47.49915],[8.38809,47.50502],[8.38625,47.50707],[8.39177,47.50685],[8.38967,47.50787],[8.38923,47.51179],[8.39193,47.51921],[8.39122,47.52351],[8.39333,47.52572],[8.39779,47.52403],[8.40217,47.51138],[8.39881,47.50603],[8.4013,47.5054],[8.39982,47.50125],[8.40402,47.49835],[8.40001,47.49646],[8.40205,47.49194],[8.39894,47.48569],[8.40285,47.48618],[8.40605,47.4822],[8.3939,47.48189],[8.39335,47.48182]]]}},{"type":"Feature","properties":{"name":"Schlieren","cantonId":"zurich","municipalityId":"schlieren-247"},"geometry":{"type":"Polygon","coordinates":[[[8.42628,47.39612],[8.43238,47.39829],[8.43138,47.40045],[8.44321,47.40875],[8.45154,47.40888],[8.45687,47.40543],[8.46771,47.403],[8.46616,47.40006],[8.46807,47.39957],[8.46517,47.39829],[8.4735,47.39599],[8.47193,47.39388],[8.4649,47.39508],[8.46728,47.39065],[8.46519,47.39132],[8.46105,47.38803],[8.4567,47.38094],[8.44802,47.38025],[8.43571,47.38738],[8.43303,47.39147],[8.42706,47.39185],[8.42627,47.39598],[8.42628,47.39612]]]}},{"type":"Feature","properties":{"name":"Schöfflisdorf","cantonId":"zurich","municipalityId":"schoefflisdorf-99"},"geometry":{"type":"Polygon","coordinates":[[[8.41358,47.4858],[8.41067,47.48751],[8.41292,47.48772],[8.41367,47.49196],[8.41098,47.49251],[8.41402,47.49624],[8.40943,47.49705],[8.41351,47.50551],[8.40861,47.50652],[8.4082,47.50845],[8.41225,47.50814],[8.41422,47.51508],[8.408,47.52374],[8.41486,47.5218],[8.41559,47.52407],[8.42285,47.51835],[8.42062,47.51081],[8.42847,47.50759],[8.4309,47.50257],[8.42872,47.50224],[8.42974,47.49987],[8.43328,47.49999],[8.42774,47.49358],[8.42586,47.49407],[8.42409,47.48974],[8.41373,47.48578],[8.41358,47.4858]]]}},{"type":"Feature","properties":{"name":"Schwerzenbach","cantonId":"zurich","municipalityId":"schwerzenbach-197"},"geometry":{"type":"Polygon","coordinates":[[[8.64235,47.38128],[8.64812,47.3868],[8.64604,47.38824],[8.65115,47.39333],[8.65515,47.39101],[8.66006,47.39202],[8.65956,47.38563],[8.66812,47.37939],[8.66571,47.3776],[8.67011,47.37624],[8.66807,47.37292],[8.65572,47.37275],[8.64255,47.38123],[8.64235,47.38128]]]}},{"type":"Feature","properties":{"name":"Seegräben","cantonId":"zurich","municipalityId":"seegraeben-119"},"geometry":{"type":"Polygon","coordinates":[[[8.75697,47.34962],[8.77101,47.35399],[8.77927,47.34886],[8.77832,47.34059],[8.7817,47.33478],[8.77296,47.33149],[8.77114,47.33373],[8.76644,47.33389],[8.76508,47.33114],[8.75877,47.33013],[8.75511,47.3341],[8.76043,47.3412],[8.75333,47.34752],[8.75666,47.34972],[8.75697,47.34962]]]}},{"type":"Feature","properties":{"name":"Seuzach","cantonId":"zurich","municipalityId":"seuzach-227"},"geometry":{"type":"Polygon","coordinates":[[[8.70071,47.53309],[8.70254,47.5333],[8.70279,47.53748],[8.71827,47.54063],[8.72756,47.54502],[8.7272,47.54779],[8.73535,47.54729],[8.73963,47.54425],[8.75119,47.54885],[8.75473,47.54818],[8.75136,47.54289],[8.75184,47.53936],[8.74946,47.53892],[8.75069,47.53789],[8.74641,47.53636],[8.74437,47.53188],[8.73678,47.52969],[8.73702,47.52248],[8.73087,47.52046],[8.71072,47.5243],[8.70099,47.52174],[8.69835,47.52539],[8.70102,47.52605],[8.70082,47.53304],[8.70071,47.53309]]]}},{"type":"Feature","properties":{"name":"Stadel","cantonId":"zurich","municipalityId":"stadel-100"},"geometry":{"type":"Polygon","coordinates":[[[8.50021,47.54289],[8.49517,47.54085],[8.49716,47.53544],[8.49074,47.53073],[8.48861,47.52299],[8.467,47.52133],[8.46719,47.51936],[8.4615,47.51511],[8.45876,47.51811],[8.45293,47.51955],[8.45211,47.52554],[8.443,47.53362],[8.44544,47.53493],[8.43999,47.53643],[8.44179,47.53913],[8.4461,47.53867],[8.44548,47.54124],[8.45001,47.54344],[8.44701,47.54472],[8.45049,47.54461],[8.45252,47.54882],[8.45562,47.54906],[8.45675,47.55651],[8.45451,47.55743],[8.45597,47.5582],[8.46041,47.55577],[8.47122,47.55991],[8.47269,47.55635],[8.49045,47.55088],[8.49921,47.54441],[8.50021,47.54289]]]}},{"type":"Feature","properties":{"name":"Stäfa","cantonId":"zurich","municipalityId":"staefa-158"},"geometry":{"type":"Polygon","coordinates":[[[8.72987,47.26147],[8.7326,47.26101],[8.7317,47.25885],[8.74493,47.25521],[8.74408,47.25137],[8.75171,47.2472],[8.75126,47.24508],[8.7551,47.24588],[8.75773,47.24197],[8.76567,47.24075],[8.76473,47.23894],[8.76765,47.23524],[8.77452,47.23444],[8.73521,47.23345],[8.71253,47.24114],[8.70714,47.24577],[8.71493,47.25481],[8.71449,47.25993],[8.71175,47.26225],[8.71367,47.26518],[8.72981,47.26145],[8.72987,47.26147]]]}},{"type":"Feature","properties":{"name":"Stallikon","cantonId":"zurich","municipalityId":"stallikon-13"},"geometry":{"type":"Polygon","coordinates":[[[8.50318,47.32022],[8.50616,47.3122],[8.51011,47.30866],[8.50711,47.30535],[8.50896,47.30241],[8.50666,47.29937],[8.50988,47.29401],[8.50829,47.29409],[8.50935,47.28722],[8.50328,47.2856],[8.49307,47.29245],[8.48544,47.29303],[8.48397,47.28913],[8.47722,47.28905],[8.47712,47.2938],[8.48384,47.29814],[8.48033,47.30131],[8.48215,47.30982],[8.49194,47.31227],[8.48623,47.31348],[8.48307,47.31694],[8.48606,47.322],[8.48343,47.32523],[8.486,47.32991],[8.48303,47.33026],[8.48183,47.33588],[8.48329,47.33686],[8.47058,47.34666],[8.46898,47.35028],[8.47985,47.35472],[8.49637,47.34648],[8.49818,47.34453],[8.49707,47.3424],[8.50197,47.3368],[8.50061,47.32278],[8.50313,47.32032],[8.50318,47.32022]]]}},{"type":"Feature","properties":{"name":"Stammheim","cantonId":"zurich","municipalityId":"stammheim-292"},"geometry":{"type":"Polygon","coordinates":[[[8.80315,47.66527],[8.80526,47.66472],[8.80342,47.66064],[8.80494,47.6604],[8.80487,47.65223],[8.82457,47.64782],[8.8278,47.64078],[8.82024,47.6293],[8.81315,47.62744],[8.81171,47.62265],[8.8143,47.62108],[8.81156,47.61897],[8.81401,47.61721],[8.80471,47.61332],[8.80269,47.60111],[8.78879,47.60344],[8.78981,47.60941],[8.77454,47.61486],[8.76125,47.61823],[8.75516,47.61707],[8.74956,47.6213],[8.75475,47.62366],[8.75279,47.62744],[8.74458,47.62758],[8.74752,47.63255],[8.74445,47.63476],[8.74819,47.64079],[8.75785,47.64317],[8.76485,47.64882],[8.77619,47.64884],[8.78228,47.65236],[8.78602,47.6552],[8.78854,47.66536],[8.80263,47.66529],[8.80315,47.66527]]]}},{"type":"Feature","properties":{"name":"Steinmaur","cantonId":"zurich","municipalityId":"steinmaur-101"},"geometry":{"type":"Polygon","coordinates":[[[8.45434,47.51113],[8.45402,47.50914],[8.45977,47.50905],[8.45969,47.50487],[8.46489,47.505],[8.46686,47.4972],[8.4629,47.49573],[8.4776,47.49345],[8.47541,47.48935],[8.45611,47.48891],[8.44692,47.4842],[8.41082,47.48217],[8.41358,47.4858],[8.42409,47.48974],[8.42586,47.49407],[8.42774,47.49358],[8.43323,47.49948],[8.42974,47.49987],[8.42872,47.50224],[8.4309,47.50257],[8.42847,47.50759],[8.4206,47.51084],[8.42285,47.51835],[8.42966,47.51199],[8.43743,47.51388],[8.44031,47.51242],[8.44124,47.51511],[8.44665,47.51519],[8.44875,47.5118],[8.45443,47.51199],[8.45434,47.51113]]]}},{"type":"Feature","properties":{"name":"Thalheim an der Thur","cantonId":"zurich","municipalityId":"thalheim-an-der-thur-39"},"geometry":{"type":"Polygon","coordinates":[[[8.72625,47.59613],[8.73289,47.59634],[8.7345,47.59091],[8.73943,47.5879],[8.7475,47.59218],[8.76196,47.59286],[8.76507,47.58009],[8.76274,47.57516],[8.76561,47.57445],[8.76539,47.57081],[8.7688,47.56795],[8.76202,47.56737],[8.75742,47.57084],[8.75258,47.57108],[8.75004,47.5747],[8.74783,47.57232],[8.74555,47.57416],[8.74228,47.57315],[8.74209,47.57065],[8.73473,47.57522],[8.71779,47.58749],[8.72272,47.58938],[8.72316,47.59185],[8.72558,47.59126],[8.72629,47.59575],[8.72625,47.59613]]]}},{"type":"Feature","properties":{"name":"Thalwil","cantonId":"zurich","municipalityId":"thalwil-141"},"geometry":{"type":"Polygon","coordinates":[[[8.57974,47.28235],[8.57452,47.28161],[8.57339,47.27906],[8.56729,47.27921],[8.56525,47.2766],[8.55433,47.27273],[8.54981,47.27314],[8.55108,47.27822],[8.54265,47.28262],[8.54526,47.2863],[8.54231,47.29343],[8.55283,47.30052],[8.56211,47.30199],[8.57973,47.28236],[8.57974,47.28235]]]}},{"type":"Feature","properties":{"name":"Trüllikon","cantonId":"zurich","municipalityId":"truellikon-40"},"geometry":{"type":"Polygon","coordinates":[[[8.6885,47.62699],[8.68162,47.6299],[8.66816,47.62902],[8.66364,47.63073],[8.6671,47.63249],[8.65671,47.6403],[8.6601,47.64449],[8.6616,47.6423],[8.66482,47.64355],[8.66279,47.6458],[8.66856,47.64807],[8.66658,47.65088],[8.67077,47.65145],[8.67189,47.65412],[8.66831,47.65615],[8.67141,47.66472],[8.67024,47.66659],[8.67747,47.66584],[8.67983,47.6588],[8.68462,47.6534],[8.68671,47.65359],[8.68807,47.64998],[8.70036,47.64703],[8.70866,47.64191],[8.71419,47.64438],[8.71867,47.63896],[8.71579,47.63883],[8.71825,47.63592],[8.71499,47.63612],[8.71545,47.63369],[8.70058,47.63322],[8.7007,47.62808],[8.70326,47.62775],[8.70322,47.62489],[8.69534,47.62808],[8.68865,47.62701],[8.6885,47.62699]]]}},{"type":"Feature","properties":{"name":"Truttikon","cantonId":"zurich","municipalityId":"truttikon-41"},"geometry":{"type":"Polygon","coordinates":[[[8.73174,47.64197],[8.74352,47.64301],[8.74337,47.63977],[8.74752,47.63737],[8.74445,47.63476],[8.74752,47.63255],[8.74182,47.62561],[8.73848,47.62641],[8.7298,47.62176],[8.72384,47.62193],[8.71733,47.6257],[8.71804,47.62864],[8.71119,47.62977],[8.71259,47.63412],[8.71825,47.63592],[8.71579,47.63883],[8.71867,47.63896],[8.71723,47.64181],[8.73114,47.64211],[8.73174,47.64197]]]}},{"type":"Feature","properties":{"name":"Turbenthal","cantonId":"zurich","municipalityId":"turbenthal-228"},"geometry":{"type":"Polygon","coordinates":[[[8.91309,47.42818],[8.91474,47.42701],[8.91116,47.42357],[8.91395,47.41837],[8.9127,47.41284],[8.90233,47.40158],[8.88952,47.40426],[8.88351,47.41104],[8.87808,47.40897],[8.86115,47.4087],[8.85233,47.41381],[8.85624,47.41448],[8.85475,47.41661],[8.86466,47.41614],[8.86991,47.41846],[8.8673,47.41976],[8.86845,47.42185],[8.852,47.42166],[8.85348,47.4261],[8.84819,47.42837],[8.84547,47.42564],[8.84226,47.43071],[8.84378,47.436],[8.84201,47.43976],[8.83041,47.44055],[8.8337,47.44625],[8.84117,47.44897],[8.84589,47.45576],[8.85372,47.45384],[8.85716,47.45855],[8.86122,47.45908],[8.8579,47.45505],[8.85983,47.45021],[8.87743,47.45401],[8.88167,47.4463],[8.88433,47.4511],[8.8829,47.45638],[8.893,47.45978],[8.8903,47.46281],[8.89396,47.4637],[8.90028,47.45431],[8.90882,47.44834],[8.90266,47.44424],[8.90683,47.43879],[8.92165,47.43488],[8.93273,47.43554],[8.93004,47.43159],[8.91701,47.43317],[8.91362,47.43153],[8.91095,47.43372],[8.90768,47.43029],[8.91306,47.42819],[8.91309,47.42818]]]}},{"type":"Feature","properties":{"name":"Uetikon am See","cantonId":"zurich","municipalityId":"uetikon-am-see-159"},"geometry":{"type":"Polygon","coordinates":[[[8.66741,47.26122],[8.67283,47.27511],[8.68362,47.28426],[8.69543,47.27517],[8.69693,47.27288],[8.69444,47.26882],[8.67816,47.25795],[8.66868,47.26083],[8.66741,47.26122]]]}},{"type":"Feature","properties":{"name":"Uitikon","cantonId":"zurich","municipalityId":"uitikon-248"},"geometry":{"type":"Polygon","coordinates":[[[8.48699,47.35268],[8.46737,47.35444],[8.46187,47.36242],[8.45564,47.36009],[8.45708,47.36086],[8.45388,47.36089],[8.45394,47.36384],[8.44212,47.36724],[8.43692,47.36653],[8.43542,47.36928],[8.43686,47.37268],[8.4444,47.3744],[8.44339,47.37598],[8.44802,47.38025],[8.47024,47.37395],[8.46428,47.36727],[8.47055,47.36166],[8.48206,47.35954],[8.48729,47.35311],[8.48699,47.35268]]]}},{"type":"Feature","properties":{"name":"Unterengstringen","cantonId":"zurich","municipalityId":"unterengstringen-249"},"geometry":{"type":"Polygon","coordinates":[[[8.40918,47.40701],[8.41344,47.40584],[8.41766,47.40818],[8.42417,47.40515],[8.42801,47.4101],[8.44132,47.41496],[8.44438,47.41426],[8.45129,47.42128],[8.46246,47.41884],[8.46013,47.41447],[8.45752,47.41505],[8.45547,47.409],[8.44321,47.40875],[8.43387,47.40223],[8.4154,47.40035],[8.40868,47.40197],[8.40796,47.40567],[8.40918,47.40701]],[[8.43823,47.40756],[8.43852,47.40762],[8.43881,47.40772],[8.43894,47.40776],[8.4391,47.4078],[8.43924,47.40782],[8.43931,47.40784],[8.43938,47.40786],[8.43944,47.4079],[8.43948,47.40793],[8.43958,47.4081],[8.43964,47.40817],[8.43968,47.40824],[8.43972,47.40828],[8.43975,47.40831],[8.43981,47.40834],[8.43989,47.40837],[8.44014,47.40845],[8.44027,47.40849],[8.44037,47.40852],[8.44014,47.40887],[8.43985,47.40902],[8.4391,47.40881],[8.43884,47.40861],[8.43836,47.4083],[8.43797,47.40807],[8.43792,47.40795],[8.4379,47.40786],[8.43798,47.40763],[8.43794,47.40762],[8.438,47.40751],[8.43823,47.40756]]]}},{"type":"Feature","properties":{"name":"Urdorf","cantonId":"zurich","municipalityId":"urdorf-250"},"geometry":{"type":"Polygon","coordinates":[[[8.42628,47.39612],[8.42706,47.39185],[8.43303,47.39147],[8.43571,47.38738],[8.44802,47.38025],[8.44339,47.37598],[8.4444,47.3744],[8.43686,47.37268],[8.43735,47.37046],[8.43317,47.36798],[8.4117,47.36543],[8.4082,47.36665],[8.40704,47.37023],[8.40037,47.37051],[8.3996,47.37478],[8.40028,47.37658],[8.40726,47.37679],[8.40772,47.38561],[8.40987,47.38748],[8.40799,47.3897],[8.41047,47.39288],[8.40732,47.39521],[8.41559,47.39399],[8.4259,47.39611],[8.42628,47.39612]]]}},{"type":"Feature","properties":{"name":"Uster","cantonId":"zurich","municipalityId":"uster-198"},"geometry":{"type":"Polygon","coordinates":[[[8.75737,47.3275],[8.74108,47.32149],[8.73475,47.32713],[8.72763,47.32424],[8.72055,47.32465],[8.71023,47.32015],[8.70015,47.32601],[8.70577,47.32666],[8.70751,47.33281],[8.69128,47.34094],[8.68891,47.35299],[8.69601,47.35679],[8.69023,47.36196],[8.69235,47.36509],[8.68188,47.36809],[8.6838,47.3707],[8.67751,47.37436],[8.68881,47.38188],[8.70256,47.38387],[8.718,47.37594],[8.73104,47.38268],[8.74177,47.37728],[8.74337,47.37151],[8.7508,47.36998],[8.75541,47.36401],[8.75186,47.36217],[8.75146,47.35952],[8.75697,47.34962],[8.7547,47.34991],[8.75364,47.34556],[8.76043,47.3412],[8.75774,47.33977],[8.75664,47.3356],[8.7526,47.33454],[8.75723,47.32769],[8.75737,47.3275]]]}},{"type":"Feature","properties":{"name":"Volken","cantonId":"zurich","municipalityId":"volken-43"},"geometry":{"type":"Polygon","coordinates":[[[8.61726,47.56672],[8.61296,47.5681],[8.61531,47.56883],[8.61582,47.57247],[8.61994,47.57204],[8.61955,47.57845],[8.62301,47.58022],[8.62296,47.58258],[8.62812,47.58441],[8.62839,47.58665],[8.64918,47.58626],[8.64995,47.58403],[8.64346,47.5833],[8.64405,47.58064],[8.6382,47.58008],[8.63648,47.57174],[8.63437,47.57144],[8.63615,47.56902],[8.63391,47.56876],[8.63584,47.56773],[8.63114,47.56689],[8.63112,47.56521],[8.61732,47.5667],[8.61726,47.56672]]]}},{"type":"Feature","properties":{"name":"Volketswil","cantonId":"zurich","municipalityId":"volketswil-199"},"geometry":{"type":"Polygon","coordinates":[[[8.65115,47.39333],[8.65418,47.39781],[8.66283,47.40135],[8.66451,47.4026],[8.66321,47.40375],[8.66709,47.40394],[8.66617,47.40545],[8.67095,47.40827],[8.66974,47.41453],[8.67289,47.41551],[8.67625,47.41065],[8.68306,47.41237],[8.68851,47.40689],[8.69176,47.40759],[8.69881,47.40185],[8.70038,47.40294],[8.71101,47.39773],[8.71221,47.39411],[8.71649,47.39406],[8.71606,47.3974],[8.7306,47.3943],[8.73337,47.39233],[8.72873,47.39113],[8.7312,47.38721],[8.72461,47.38758],[8.72911,47.38423],[8.72406,47.37798],[8.718,47.37594],[8.70147,47.38382],[8.68881,47.38188],[8.67751,47.37436],[8.66306,47.38195],[8.66349,47.38382],[8.65949,47.38578],[8.66006,47.39202],[8.65515,47.39101],[8.6513,47.39325],[8.65115,47.39333]]]}},{"type":"Feature","properties":{"name":"Wädenswil","cantonId":"zurich","municipalityId":"waedenswil-293"},"geometry":{"type":"Polygon","coordinates":[[[8.69063,47.22012],[8.68281,47.21412],[8.6842,47.20944],[8.66878,47.19947],[8.66833,47.19528],[8.66498,47.19392],[8.6618,47.18747],[8.66877,47.18335],[8.68111,47.18372],[8.68241,47.17432],[8.69136,47.16902],[8.69221,47.1634],[8.67499,47.15944],[8.66578,47.15966],[8.66124,47.16095],[8.66074,47.17031],[8.64168,47.16893],[8.639,47.17157],[8.62485,47.17269],[8.62401,47.1747],[8.62815,47.17944],[8.62064,47.18774],[8.62088,47.19037],[8.6174,47.19229],[8.61819,47.19452],[8.61517,47.19934],[8.62083,47.20383],[8.62021,47.20617],[8.62694,47.20716],[8.62628,47.21001],[8.62902,47.21152],[8.61702,47.22284],[8.62387,47.229],[8.62394,47.23596],[8.6295,47.23791],[8.63321,47.24215],[8.62774,47.25163],[8.63519,47.24945],[8.64274,47.25195],[8.65149,47.24928],[8.66194,47.23724],[8.6893,47.22072],[8.69063,47.22012]]]}},{"type":"Feature","properties":{"name":"Wald (ZH)","cantonId":"zurich","municipalityId":"wald-zh-120"},"geometry":{"type":"Polygon","coordinates":[[[8.89084,47.27045],[8.89186,47.28721],[8.88608,47.29667],[8.89231,47.30346],[8.89323,47.30815],[8.90657,47.30775],[8.91472,47.31212],[8.91936,47.31073],[8.92292,47.3135],[8.92272,47.31145],[8.9263,47.31143],[8.92814,47.31434],[8.93201,47.3149],[8.93476,47.31271],[8.93702,47.31449],[8.94123,47.31239],[8.96349,47.31229],[8.97496,47.30702],[8.95697,47.30448],[8.94891,47.29217],[8.93372,47.28831],[8.94058,47.28436],[8.94144,47.27987],[8.94563,47.28204],[8.94883,47.28094],[8.94715,47.27494],[8.94091,47.27166],[8.94446,47.2695],[8.9403,47.26735],[8.93586,47.26035],[8.90919,47.25447],[8.9083,47.25674],[8.88525,47.25281],[8.89175,47.25667],[8.88989,47.25903],[8.90555,47.2653],[8.90478,47.27026],[8.89996,47.26933],[8.89828,47.27237],[8.89121,47.27036],[8.89084,47.27045]]]}},{"type":"Feature","properties":{"name":"Wallisellen","cantonId":"zurich","municipalityId":"wallisellen-69"},"geometry":{"type":"Polygon","coordinates":[[[8.59279,47.43581],[8.60154,47.43499],[8.60121,47.43064],[8.60574,47.42651],[8.60304,47.42406],[8.60901,47.41774],[8.61131,47.41847],[8.6189,47.40732],[8.60781,47.40673],[8.60633,47.40386],[8.60225,47.40366],[8.57275,47.41164],[8.57391,47.42291],[8.58871,47.4241],[8.58714,47.42618],[8.59391,47.42916],[8.59117,47.43001],[8.59284,47.43572],[8.59279,47.43581]]]}},{"type":"Feature","properties":{"name":"Wangen-Brüttisellen","cantonId":"zurich","municipalityId":"wangen-bruettisellen-200"},"geometry":{"type":"Polygon","coordinates":[[[8.62903,47.40859],[8.62206,47.42407],[8.62462,47.4287],[8.63006,47.43071],[8.63233,47.43077],[8.63305,47.42708],[8.64264,47.42597],[8.66869,47.41609],[8.67094,47.40825],[8.65288,47.39555],[8.65167,47.39793],[8.64608,47.39746],[8.63424,47.40722],[8.6293,47.40872],[8.62903,47.40859]]]}},{"type":"Feature","properties":{"name":"Wasterkingen","cantonId":"zurich","municipalityId":"wasterkingen-70"},"geometry":{"type":"Polygon","coordinates":[[[8.47783,47.61066],[8.48487,47.60482],[8.47929,47.59836],[8.48154,47.59269],[8.48728,47.58742],[8.46821,47.58391],[8.46482,47.58801],[8.46054,47.58838],[8.46124,47.59267],[8.45704,47.59738],[8.45669,47.60232],[8.46645,47.60295],[8.47139,47.60659],[8.47032,47.60855],[8.47504,47.60772],[8.47711,47.60995],[8.47783,47.61066]]]}},{"type":"Feature","properties":{"name":"Weiach","cantonId":"zurich","municipalityId":"weiach-102"},"geometry":{"type":"Polygon","coordinates":[[[8.41741,47.54589],[8.41445,47.55389],[8.41769,47.55845],[8.41875,47.56516],[8.42568,47.56786],[8.43419,47.56668],[8.45601,47.5724],[8.46418,47.5722],[8.4688,47.56507],[8.45451,47.55743],[8.45675,47.55651],[8.45562,47.54906],[8.45252,47.54882],[8.45049,47.54461],[8.44701,47.54472],[8.45001,47.54344],[8.44548,47.54124],[8.4461,47.53867],[8.43474,47.53713],[8.42202,47.54618],[8.41757,47.54567],[8.41741,47.54589]]]}},{"type":"Feature","properties":{"name":"Weiningen (ZH)","cantonId":"zurich","municipalityId":"weiningen-zh-251"},"geometry":{"type":"Polygon","coordinates":[[[8.40979,47.41055],[8.41703,47.41069],[8.41357,47.41564],[8.41918,47.41815],[8.423,47.42393],[8.41621,47.42563],[8.4181,47.4342],[8.44308,47.42885],[8.45281,47.42352],[8.453,47.42121],[8.44912,47.42043],[8.44438,47.41426],[8.44132,47.41496],[8.42801,47.4101],[8.42417,47.40515],[8.41766,47.40818],[8.41344,47.40584],[8.40972,47.4068],[8.40984,47.41044],[8.40979,47.41055]]]}},{"type":"Feature","properties":{"name":"Weisslingen","cantonId":"zurich","municipalityId":"weisslingen-180"},"geometry":{"type":"Polygon","coordinates":[[[8.77332,47.45534],[8.79021,47.45076],[8.78439,47.4407],[8.79336,47.44021],[8.79613,47.43467],[8.7977,47.43538],[8.80545,47.42812],[8.8011,47.42272],[8.78882,47.42046],[8.78282,47.41685],[8.78041,47.41248],[8.77454,47.41044],[8.76534,47.41253],[8.76266,47.41127],[8.7608,47.41301],[8.76272,47.41604],[8.75817,47.41534],[8.75767,47.41245],[8.75388,47.41254],[8.75454,47.41471],[8.75098,47.41546],[8.75267,47.4175],[8.74741,47.42205],[8.74834,47.42497],[8.74582,47.42697],[8.7502,47.43393],[8.74665,47.43912],[8.75169,47.44158],[8.74949,47.44227],[8.76578,47.44247],[8.77315,47.44665],[8.77326,47.45484],[8.77332,47.45534]]]}},{"type":"Feature","properties":{"name":"Wettswil am Albis","cantonId":"zurich","municipalityId":"wettswil-am-albis-14"},"geometry":{"type":"Polygon","coordinates":[[[8.48377,47.32378],[8.47792,47.32464],[8.47718,47.32747],[8.46555,47.32796],[8.46561,47.33241],[8.4601,47.33028],[8.45524,47.33482],[8.46163,47.33496],[8.45934,47.34228],[8.45522,47.34474],[8.45792,47.34998],[8.46789,47.3489],[8.48329,47.33686],[8.48183,47.33588],[8.48303,47.33026],[8.486,47.32991],[8.48358,47.32794],[8.48376,47.32382],[8.48377,47.32378]]]}},{"type":"Feature","properties":{"name":"Wetzikon (ZH)","cantonId":"zurich","municipalityId":"wetzikon-zh-121"},"geometry":{"type":"Polygon","coordinates":[[[8.829,47.33954],[8.82851,47.33658],[8.83308,47.33248],[8.84151,47.33187],[8.84404,47.32667],[8.84135,47.32551],[8.84159,47.31986],[8.84435,47.31948],[8.84085,47.31899],[8.84224,47.31717],[8.83947,47.31501],[8.84068,47.31362],[8.83562,47.31017],[8.82935,47.30985],[8.81808,47.31791],[8.81276,47.31286],[8.8107,47.3141],[8.80378,47.30846],[8.81386,47.30082],[8.80939,47.2962],[8.80586,47.29971],[8.7963,47.30054],[8.79275,47.30578],[8.79433,47.3076],[8.78663,47.31134],[8.78733,47.31372],[8.78496,47.31577],[8.77912,47.3179],[8.77613,47.31644],[8.77159,47.32237],[8.76469,47.32575],[8.76358,47.33049],[8.76644,47.33389],[8.77114,47.33373],[8.77296,47.33149],[8.7817,47.33478],[8.77832,47.34059],[8.77927,47.34886],[8.79322,47.34048],[8.79612,47.34225],[8.8025,47.33869],[8.80515,47.34009],[8.81765,47.33735],[8.82881,47.33948],[8.829,47.33954]]]}},{"type":"Feature","properties":{"name":"Wiesendangen","cantonId":"zurich","municipalityId":"wiesendangen-298"},"geometry":{"type":"Polygon","coordinates":[[[8.79692,47.513],[8.78694,47.51162],[8.78277,47.51557],[8.77474,47.51495],[8.7743,47.5188],[8.77138,47.51741],[8.76714,47.52086],[8.768,47.52557],[8.77069,47.52938],[8.77291,47.52847],[8.79266,47.53579],[8.80048,47.54289],[8.80852,47.54319],[8.80563,47.54616],[8.81595,47.55351],[8.82992,47.55308],[8.83442,47.54291],[8.83995,47.53933],[8.84084,47.53267],[8.87403,47.52937],[8.86809,47.52396],[8.86329,47.52704],[8.84806,47.5253],[8.84871,47.52069],[8.84687,47.51915],[8.85348,47.51595],[8.85101,47.51216],[8.84499,47.5101],[8.84051,47.51313],[8.82669,47.51153],[8.827,47.5164],[8.82981,47.51737],[8.82465,47.51919],[8.81304,47.51377],[8.79697,47.51301],[8.79692,47.513]]]}},{"type":"Feature","properties":{"name":"Wil (ZH)","cantonId":"zurich","municipalityId":"wil-zh-71"},"geometry":{"type":"Polygon","coordinates":[[[8.51515,47.59341],[8.51138,47.59673],[8.49867,47.59818],[8.49483,47.60547],[8.48735,47.6037],[8.47783,47.61066],[8.47921,47.61521],[8.49333,47.61444],[8.50835,47.61752],[8.50744,47.62382],[8.51514,47.62338],[8.51285,47.62559],[8.51536,47.62712],[8.51654,47.63205],[8.5241,47.62447],[8.5214,47.61975],[8.5217,47.61418],[8.52792,47.6043],[8.54425,47.59302],[8.53512,47.5875],[8.52625,47.59369],[8.51557,47.59346],[8.51515,47.59341]]]}},{"type":"Feature","properties":{"name":"Wila","cantonId":"zurich","municipalityId":"wila-181"},"geometry":{"type":"Polygon","coordinates":[[[8.85285,47.39843],[8.85584,47.40268],[8.85471,47.40673],[8.85019,47.40428],[8.84942,47.4088],[8.8354,47.40983],[8.8345,47.41311],[8.83127,47.41275],[8.82907,47.4154],[8.83559,47.41955],[8.83035,47.42178],[8.83658,47.42631],[8.83412,47.42725],[8.83466,47.4293],[8.84191,47.43225],[8.84547,47.42564],[8.84819,47.42837],[8.85348,47.4261],[8.85211,47.42161],[8.86784,47.42209],[8.8673,47.41976],[8.87066,47.41954],[8.86466,47.41614],[8.85475,47.41661],[8.85624,47.41448],[8.85233,47.41381],[8.86031,47.40901],[8.87808,47.40897],[8.88351,47.41104],[8.88952,47.40426],[8.89649,47.40157],[8.90615,47.40136],[8.89877,47.39821],[8.89509,47.40172],[8.88928,47.39915],[8.88839,47.40141],[8.88438,47.39253],[8.87303,47.39347],[8.86445,47.39103],[8.86325,47.39292],[8.85796,47.39219],[8.85297,47.39842],[8.85285,47.39843]]]}},{"type":"Feature","properties":{"name":"Wildberg","cantonId":"zurich","municipalityId":"wildberg-182"},"geometry":{"type":"Polygon","coordinates":[[[8.84117,47.39591],[8.83508,47.39667],[8.8334,47.40127],[8.82878,47.40219],[8.82842,47.39972],[8.82483,47.40072],[8.82051,47.39847],[8.81576,47.40089],[8.81734,47.4058],[8.81267,47.40649],[8.80637,47.41125],[8.80692,47.41544],[8.80406,47.41854],[8.80544,47.42818],[8.80296,47.42991],[8.80607,47.43289],[8.80348,47.43603],[8.80793,47.43499],[8.81157,47.43848],[8.81568,47.43472],[8.82318,47.43463],[8.82366,47.43234],[8.83047,47.43593],[8.82801,47.43788],[8.83085,47.44019],[8.84241,47.43935],[8.84378,47.43577],[8.84232,47.43219],[8.83466,47.4293],[8.83412,47.42725],[8.83658,47.42631],[8.83037,47.4221],[8.83559,47.41955],[8.82909,47.41534],[8.83127,47.41275],[8.8345,47.41311],[8.8354,47.40983],[8.84942,47.4088],[8.85019,47.40428],[8.85471,47.40673],[8.85584,47.40268],[8.85314,47.39624],[8.84191,47.39609],[8.84117,47.39591]]]}},{"type":"Feature","properties":{"name":"Winkel","cantonId":"zurich","municipalityId":"winkel-72"},"geometry":{"type":"Polygon","coordinates":[[[8.53959,47.48762],[8.53669,47.49405],[8.53825,47.49541],[8.53994,47.49428],[8.54683,47.49844],[8.54982,47.49708],[8.5626,47.49966],[8.56351,47.50245],[8.567,47.50314],[8.56185,47.50885],[8.56776,47.50843],[8.56647,47.51114],[8.56849,47.51159],[8.57103,47.50902],[8.57248,47.50643],[8.56995,47.50348],[8.57154,47.50117],[8.56776,47.49819],[8.57265,47.49558],[8.57207,47.48887],[8.58009,47.48068],[8.57568,47.4787],[8.57522,47.47425],[8.56694,47.47252],[8.55866,47.475],[8.56331,47.4691],[8.55679,47.46493],[8.54314,47.47493],[8.54631,47.47692],[8.54278,47.47877],[8.54138,47.48538],[8.53959,47.48762]]]}},{"type":"Feature","properties":{"name":"Winterthur","cantonId":"zurich","municipalityId":"winterthur-230"},"geometry":{"type":"Polygon","coordinates":[[[8.77584,47.54414],[8.77944,47.53599],[8.78435,47.53657],[8.78306,47.53602],[8.78545,47.53423],[8.77291,47.52847],[8.77069,47.52938],[8.76714,47.52086],[8.77138,47.51741],[8.7743,47.5188],[8.77474,47.51495],[8.78277,47.51557],[8.78676,47.51165],[8.79692,47.513],[8.79946,47.51072],[8.78063,47.50485],[8.77889,47.50247],[8.78366,47.49949],[8.78098,47.49827],[8.79099,47.49506],[8.7922,47.49222],[8.80579,47.49218],[8.80994,47.48796],[8.80717,47.48612],[8.80921,47.48314],[8.80462,47.48205],[8.80762,47.48075],[8.80946,47.47576],[8.80065,47.47438],[8.79177,47.46563],[8.7719,47.45909],[8.75833,47.46227],[8.7581,47.46587],[8.75361,47.46875],[8.74858,47.4615],[8.73569,47.46345],[8.73266,47.45801],[8.72967,47.45877],[8.72901,47.46163],[8.7179,47.46118],[8.71884,47.45649],[8.71464,47.45305],[8.71551,47.45036],[8.71062,47.45185],[8.70962,47.44983],[8.70554,47.45142],[8.70781,47.45826],[8.70236,47.45853],[8.70709,47.46309],[8.70628,47.46686],[8.69412,47.46649],[8.69303,47.46767],[8.70009,47.47002],[8.68369,47.48278],[8.68159,47.48682],[8.67452,47.48217],[8.66826,47.48306],[8.66554,47.4881],[8.66054,47.49015],[8.66108,47.49273],[8.65802,47.49537],[8.65996,47.49862],[8.65821,47.50381],[8.6596,47.50543],[8.65661,47.50858],[8.65893,47.51532],[8.6771,47.51785],[8.68068,47.52334],[8.68703,47.52759],[8.68759,47.53152],[8.70101,47.53294],[8.70102,47.52605],[8.69835,47.52539],[8.70099,47.52174],[8.71072,47.5243],[8.73076,47.52043],[8.73702,47.52248],[8.73678,47.52969],[8.74437,47.53188],[8.74641,47.53636],[8.75069,47.53789],[8.74946,47.53892],[8.75191,47.53949],[8.75334,47.54737],[8.76502,47.54554],[8.76826,47.547],[8.77498,47.54374],[8.77584,47.54414]]]}},{"type":"Feature","properties":{"name":"Zell (ZH)","cantonId":"zurich","municipalityId":"zell-zh-231"},"geometry":{"type":"Polygon","coordinates":[[[8.77332,47.45534],[8.76165,47.46134],[8.7719,47.45909],[8.79536,47.46797],[8.79852,47.46699],[8.79834,47.465],[8.82037,47.46382],[8.82572,47.46081],[8.83485,47.46134],[8.83695,47.45877],[8.84454,47.45838],[8.84765,47.45619],[8.84182,47.45183],[8.84117,47.44897],[8.83608,47.4481],[8.83007,47.44253],[8.83085,47.44019],[8.82801,47.43788],[8.83047,47.43593],[8.82366,47.43234],[8.82318,47.43463],[8.81568,47.43472],[8.81219,47.43863],[8.80793,47.43499],[8.80348,47.43603],[8.80607,47.43289],[8.80394,47.43051],[8.79613,47.43467],[8.79336,47.44021],[8.78439,47.4407],[8.79021,47.45076],[8.77495,47.45461],[8.77332,47.45534]]]}},{"type":"Feature","properties":{"name":"Zollikon","cantonId":"zurich","municipalityId":"zollikon-161"},"geometry":{"type":"Polygon","coordinates":[[[8.56426,47.34603],[8.57852,47.34873],[8.58631,47.35288],[8.60181,47.3507],[8.60529,47.35362],[8.62565,47.35344],[8.62699,47.35157],[8.62396,47.34321],[8.62072,47.3412],[8.61367,47.34217],[8.60687,47.3364],[8.59976,47.33561],[8.59798,47.33182],[8.59198,47.32979],[8.58147,47.33365],[8.57156,47.33205],[8.56429,47.346],[8.56426,47.34603]]]}},{"type":"Feature","properties":{"name":"Zürich","cantonId":"zurich","municipalityId":"zuerich-261"},"geometry":{"type":"Polygon","coordinates":[[[8.56426,47.34603],[8.5297,47.32686],[8.52427,47.32608],[8.52373,47.32416],[8.50153,47.32129],[8.502,47.33666],[8.49703,47.34247],[8.49774,47.34521],[8.48693,47.35203],[8.48206,47.35954],[8.47055,47.36166],[8.46428,47.36727],[8.47024,47.37395],[8.44802,47.38025],[8.45843,47.3823],[8.46105,47.38803],[8.46519,47.39132],[8.46728,47.39065],[8.4649,47.39508],[8.47302,47.39506],[8.46517,47.39829],[8.46807,47.39957],[8.46616,47.40006],[8.46771,47.403],[8.47816,47.40387],[8.4773,47.40914],[8.47544,47.4097],[8.47726,47.41194],[8.47269,47.41058],[8.46877,47.41225],[8.46914,47.41693],[8.47721,47.41974],[8.47784,47.42211],[8.4902,47.42233],[8.49041,47.42556],[8.48483,47.42784],[8.4858,47.43103],[8.50208,47.43467],[8.51273,47.43085],[8.52464,47.43126],[8.5255,47.43316],[8.55536,47.43066],[8.55784,47.42554],[8.5542,47.4208],[8.56325,47.41565],[8.57369,47.42003],[8.57301,47.41144],[8.59729,47.40631],[8.59379,47.40222],[8.59623,47.40154],[8.59481,47.39918],[8.59726,47.3985],[8.59638,47.39663],[8.58829,47.3958],[8.58996,47.39477],[8.58443,47.39195],[8.58317,47.3883],[8.58697,47.39017],[8.58699,47.38793],[8.59309,47.38565],[8.58957,47.38373],[8.60605,47.36872],[8.61201,47.36684],[8.61666,47.36828],[8.61472,47.36151],[8.62258,47.35983],[8.62134,47.35745],[8.62545,47.35466],[8.60507,47.35359],[8.60263,47.35072],[8.58631,47.35288],[8.57852,47.34873],[8.5651,47.34644],[8.56426,47.34603]]]}},{"type":"Feature","properties":{"name":"Zumikon","cantonId":"zurich","municipalityId":"zumikon-160"},"geometry":{"type":"Polygon","coordinates":[[[8.60291,47.33487],[8.61367,47.34217],[8.62072,47.3412],[8.62396,47.34321],[8.62615,47.35002],[8.63071,47.34776],[8.62955,47.34498],[8.63498,47.34518],[8.636,47.34081],[8.64607,47.33643],[8.64434,47.33392],[8.64623,47.32991],[8.64326,47.32606],[8.63459,47.32744],[8.63275,47.3226],[8.6293,47.32173],[8.6108,47.32652],[8.61182,47.32939],[8.60811,47.32832],[8.60671,47.32941],[8.6099,47.33095],[8.60288,47.33476],[8.60291,47.33487]]]}}]}
