{"type":"FeatureCollection","features":[{"type":"Feature","properties":{"name":"Aargau","cantonId":"aargau"},"geometry":{"type":"MultiPolygon","coordinates":[[[[8.41008,47.24837],[8.41077,47.24537],[8.40584,47.23671],[8.39752,47.23093],[8.39485,47.22573],[8.39683,47.21916],[8.40083,47.21509],[8.4005,47.20832],[8.4053,47.19572],[8.40034,47.18587],[8.40214,47.1773],[8.4112,47.17416],[8.41532,47.16412],[8.41517,47.15857],[8.41196,47.1536],[8.41455,47.14391],[8.41145,47.13994],[8.4053,47.13747],[8.37609,47.13925],[8.37483,47.14304],[8.36218,47.14609],[8.35837,47.15661],[8.34762,47.16454],[8.34912,47.166],[8.34646,47.16997],[8.34095,47.17376],[8.33799,47.18403],[8.33969,47.18613],[8.33028,47.19768],[8.3288,47.20788],[8.32521,47.21471],[8.31946,47.21561],[8.32093,47.22113],[8.317,47.22497],[8.31484,47.23973],[8.31173,47.24545],[8.30486,47.25239],[8.30115,47.25226],[8.29603,47.25941],[8.29445,47.26557],[8.30027,47.27148],[8.27865,47.28212],[8.27322,47.28064],[8.27069,47.28347],[8.26174,47.28254],[8.25872,47.28719],[8.25073,47.28608],[8.24867,47.2812],[8.24224,47.27872],[8.24239,47.27231],[8.22859,47.27341],[8.21975,47.25216],[8.20774,47.24733],[8.20449,47.24263],[8.20578,47.23826],[8.20276,47.23001],[8.20506,47.22598],[8.19403,47.2263],[8.18472,47.22237],[8.176,47.2219],[8.17279,47.22504],[8.17412,47.22749],[8.16558,47.22844],[8.15971,47.23313],[8.16188,47.23615],[8.15594,47.23781],[8.15595,47.23942],[8.16979,47.24195],[8.17112,47.24017],[8.1761,47.24053],[8.18076,47.24739],[8.17491,47.25353],[8.16027,47.24883],[8.13559,47.24694],[8.12442,47.24137],[8.11959,47.24385],[8.1091,47.24454],[8.10594,47.2521],[8.09879,47.26019],[8.08829,47.26288],[8.07838,47.26004],[8.07267,47.25505],[8.05658,47.25544],[8.06299,47.24667],[8.03011,47.24222],[8.02917,47.24056],[8.0158,47.24413],[8.01682,47.25932],[8.00523,47.2693],[8.0048,47.27437],[7.99531,47.28155],[7.9869,47.27602],[7.97346,47.27448],[7.95603,47.27686],[7.95065,47.27478],[7.94917,47.27254],[7.95166,47.26569],[7.96189,47.25406],[7.93349,47.23589],[7.92118,47.23791],[7.90998,47.24394],[7.86741,47.23729],[7.85322,47.23242],[7.83847,47.2349],[7.82831,47.24293],[7.82575,47.24871],[7.82808,47.25026],[7.82601,47.25178],[7.82974,47.25535],[7.83039,47.25927],[7.82512,47.26557],[7.83319,47.26787],[7.84182,47.27447],[7.86109,47.30611],[7.87366,47.31173],[7.88926,47.31162],[7.89811,47.31982],[7.89686,47.32766],[7.90791,47.33948],[7.90782,47.34172],[7.91922,47.33395],[7.94784,47.33251],[7.94798,47.31714],[7.97652,47.32344],[7.97783,47.32598],[7.98742,47.32866],[7.99096,47.33281],[8.0052,47.33675],[8.00737,47.3393],[8.00385,47.34531],[8.01183,47.34981],[8.01283,47.35433],[8.01049,47.35695],[8.0268,47.36877],[8.03138,47.38368],[8.02657,47.39562],[8.02034,47.3958],[8.01998,47.39399],[8.01002,47.39542],[8.01048,47.40042],[8.00728,47.40658],[7.99148,47.4112],[7.98949,47.41415],[7.98191,47.41361],[7.97423,47.41946],[7.96321,47.42235],[7.98272,47.42833],[7.98548,47.42276],[7.9865,47.43316],[7.98101,47.44848],[7.97489,47.452],[7.97662,47.4542],[7.9743,47.45955],[7.9683,47.46281],[7.95937,47.45479],[7.95617,47.45573],[7.95755,47.45889],[7.94887,47.46378],[7.94004,47.46202],[7.94703,47.48489],[7.9333,47.48141],[7.90484,47.48491],[7.90478,47.49218],[7.89959,47.49617],[7.89833,47.50121],[7.89447,47.50252],[7.89401,47.50606],[7.88409,47.50849],[7.87804,47.51388],[7.87569,47.51319],[7.87667,47.52269],[7.86397,47.51931],[7.86259,47.52692],[7.85733,47.53321],[7.85235,47.53524],[7.84654,47.53266],[7.83322,47.53383],[7.83531,47.53176],[7.83324,47.53032],[7.83199,47.51474],[7.81473,47.5048],[7.80743,47.49714],[7.79942,47.49748],[7.79818,47.4994],[7.7968,47.49733],[7.79891,47.49565],[7.79445,47.49626],[7.78664,47.49312],[7.79282,47.50069],[7.79235,47.50371],[7.78951,47.50507],[7.78775,47.51342],[7.78987,47.51903],[7.76227,47.52537],[7.74904,47.52499],[7.73799,47.52733],[7.73324,47.53276],[7.72718,47.53293],[7.72364,47.53676],[7.71597,47.53582],[7.71354,47.53964],[7.75248,47.54486],[7.75874,47.54856],[7.7957,47.55738],[7.80139,47.56367],[7.81148,47.56919],[7.81822,47.58623],[7.8231,47.58799],[7.83221,47.5868],[7.84263,47.58214],[7.86775,47.5887],[7.89208,47.58743],[7.9031,47.58081],[7.91063,47.57138],[7.91145,47.5666],[7.90724,47.55986],[7.91197,47.55078],[7.91856,47.54736],[7.93254,47.54692],[7.94414,47.54388],[7.94933,47.54622],[7.95265,47.55473],[7.95989,47.55813],[7.97658,47.55528],[8.00072,47.55632],[8.02099,47.55035],[8.04168,47.55397],[8.05939,47.56354],[8.06699,47.56445],[8.08134,47.55805],[8.08931,47.55771],[8.09969,47.56305],[8.10315,47.57631],[8.10981,47.58255],[8.13589,47.58372],[8.13805,47.5855],[8.13821,47.59011],[8.14914,47.59583],[8.16494,47.59418],[8.17519,47.60195],[8.1854,47.60554],[8.19695,47.61841],[8.20632,47.62108],[8.21987,47.61747],[8.2265,47.60504],[8.23792,47.61269],[8.25729,47.61529],[8.26047,47.61475],[8.2649,47.6093],[8.27967,47.6117],[8.29246,47.60888],[8.29774,47.60518],[8.29533,47.59456],[8.29776,47.58923],[8.31086,47.58335],[8.32189,47.57405],[8.3292,47.57104],[8.35874,47.57013],[8.38275,47.56573],[8.38999,47.57348],[8.39829,47.57717],[8.42568,47.56786],[8.41875,47.56516],[8.41688,47.56093],[8.41769,47.55845],[8.41445,47.55389],[8.41741,47.54588],[8.41113,47.5461],[8.40511,47.54185],[8.40422,47.53821],[8.40102,47.54003],[8.40443,47.53431],[8.39509,47.53176],[8.39573,47.52831],[8.39332,47.52572],[8.3842,47.5282],[8.38163,47.52555],[8.3788,47.51366],[8.3738,47.51101],[8.36735,47.51218],[8.36123,47.5101],[8.35769,47.50252],[8.3631,47.50114],[8.35828,47.49748],[8.36266,47.4906],[8.36328,47.48085],[8.3742,47.48045],[8.37533,47.47113],[8.3678,47.47035],[8.36569,47.46621],[8.36945,47.46533],[8.37284,47.45918],[8.37889,47.45927],[8.3802,47.45614],[8.38291,47.45624],[8.38691,47.4496],[8.38176,47.44869],[8.38102,47.44637],[8.38504,47.43594],[8.38287,47.4329],[8.37618,47.43349],[8.37508,47.43066],[8.38763,47.42796],[8.39226,47.42168],[8.38755,47.41636],[8.3838,47.41802],[8.38176,47.41626],[8.38538,47.41448],[8.38123,47.41053],[8.38462,47.40621],[8.38201,47.40351],[8.37925,47.4024],[8.37609,47.4048],[8.36909,47.40331],[8.36744,47.40073],[8.36583,47.40251],[8.36276,47.40161],[8.36639,47.39882],[8.37935,47.39991],[8.38315,47.39458],[8.39191,47.39584],[8.39657,47.39386],[8.39403,47.39116],[8.39639,47.37704],[8.40078,47.3742],[8.40037,47.37051],[8.40785,47.36976],[8.4082,47.36665],[8.40494,47.3641],[8.40738,47.35554],[8.40928,47.35507],[8.40387,47.34656],[8.40732,47.34157],[8.41663,47.33688],[8.41321,47.32639],[8.41629,47.32446],[8.42944,47.32735],[8.43478,47.32532],[8.45511,47.33408],[8.4458,47.31999],[8.43205,47.31154],[8.43208,47.30837],[8.42928,47.30724],[8.43077,47.3052],[8.42914,47.30067],[8.41723,47.29386],[8.40359,47.29176],[8.39723,47.2879],[8.39271,47.29091],[8.38865,47.29002],[8.39501,47.27808],[8.40224,47.27225],[8.40052,47.26512],[8.40451,47.26013],[8.4027,47.25514],[8.40863,47.24984],[8.41008,47.24837]]],[[[8.43823,47.40756],[8.438,47.40751],[8.43794,47.40762],[8.43798,47.40763],[8.4379,47.40786],[8.43792,47.40795],[8.43797,47.40807],[8.43836,47.40829],[8.43884,47.4086],[8.4391,47.4088],[8.43984,47.40902],[8.44014,47.40887],[8.44037,47.40852],[8.44027,47.40849],[8.44014,47.40844],[8.43988,47.40837],[8.43981,47.40834],[8.43975,47.40831],[8.43972,47.40828],[8.43968,47.40823],[8.43964,47.40816],[8.43958,47.40809],[8.43948,47.40793],[8.43944,47.40789],[8.43938,47.40786],[8.43931,47.40783],[8.43924,47.40782],[8.4391,47.4078],[8.43894,47.40776],[8.43881,47.40772],[8.43852,47.40761],[8.43823,47.40756]]]]}},{"type":"Feature","properties":{"name":"Appenzell Ausserrhoden","cantonId":"appenzell-ausserrhoden"},"geometry":{"type":"Polygon","coordinates":[[[9.61784,47.43768],[9.57932,47.43361],[9.57063,47.43434],[9.56872,47.43855],[9.56457,47.43814],[9.55854,47.43174],[9.57533,47.42571],[9.56757,47.42187],[9.58317,47.42014],[9.58166,47.41513],[9.58584,47.41309],[9.5803,47.41053],[9.58295,47.4089],[9.57443,47.40563],[9.57643,47.40419],[9.55655,47.39634],[9.54239,47.4082],[9.55129,47.40998],[9.55324,47.40774],[9.56265,47.4085],[9.56492,47.4053],[9.57017,47.40633],[9.57372,47.40738],[9.5722,47.41319],[9.57625,47.41583],[9.55696,47.41908],[9.55404,47.42337],[9.55476,47.42684],[9.54107,47.43184],[9.53891,47.43174],[9.53743,47.42578],[9.52337,47.42143],[9.52707,47.41501],[9.52292,47.414],[9.52787,47.41036],[9.53291,47.41067],[9.51072,47.40246],[9.51231,47.39749],[9.50827,47.39562],[9.50956,47.3947],[9.50261,47.38403],[9.50414,47.38262],[9.50304,47.37499],[9.50541,47.37446],[9.49901,47.36933],[9.50108,47.36813],[9.49897,47.36168],[9.50104,47.36086],[9.50292,47.34743],[9.48715,47.35025],[9.47924,47.34721],[9.46575,47.34642],[9.44478,47.35696],[9.43794,47.3565],[9.43065,47.36711],[9.43095,47.37087],[9.42266,47.36804],[9.41189,47.36876],[9.40321,47.3734],[9.40105,47.37833],[9.39889,47.37737],[9.39363,47.38024],[9.38617,47.37705],[9.38554,47.3792],[9.37813,47.38081],[9.37908,47.38677],[9.37317,47.38638],[9.37184,47.384],[9.35901,47.38509],[9.35021,47.38311],[9.3587,47.37814],[9.35947,47.3734],[9.35686,47.37131],[9.36537,47.35836],[9.34368,47.35218],[9.34625,47.34493],[9.33339,47.34078],[9.32897,47.33081],[9.31606,47.32733],[9.31128,47.32511],[9.30972,47.32188],[9.314,47.3215],[9.31832,47.30953],[9.31496,47.30625],[9.31711,47.30174],[9.31302,47.29615],[9.31356,47.29145],[9.32363,47.28291],[9.34327,47.24939],[9.31864,47.24787],[9.30785,47.2553],[9.30798,47.25961],[9.29718,47.25741],[9.28971,47.26033],[9.2841,47.26565],[9.27511,47.26574],[9.2791,47.26667],[9.27378,47.27001],[9.25733,47.26322],[9.2475,47.26608],[9.23879,47.26464],[9.21735,47.27067],[9.20626,47.27639],[9.20822,47.28014],[9.21711,47.2845],[9.22432,47.29287],[9.21705,47.29969],[9.21776,47.30801],[9.21301,47.3197],[9.20983,47.3209],[9.23333,47.33214],[9.22233,47.34334],[9.20629,47.33913],[9.20569,47.3423],[9.19864,47.34778],[9.20747,47.3561],[9.20473,47.35761],[9.19563,47.35346],[9.1911,47.36254],[9.19913,47.36144],[9.21304,47.36512],[9.21323,47.36823],[9.221,47.37325],[9.21979,47.37678],[9.22201,47.37829],[9.21887,47.38496],[9.22299,47.38762],[9.23249,47.38841],[9.23229,47.39599],[9.23055,47.39708],[9.2365,47.39619],[9.2519,47.40071],[9.25817,47.39877],[9.26474,47.40125],[9.30295,47.39522],[9.31836,47.39734],[9.32776,47.40126],[9.33584,47.3991],[9.35434,47.40342],[9.35857,47.40204],[9.37168,47.40771],[9.38779,47.40534],[9.39271,47.40102],[9.40376,47.4012],[9.42989,47.40961],[9.42788,47.41045],[9.42853,47.4126],[9.43054,47.41149],[9.43297,47.41397],[9.42998,47.41784],[9.43504,47.42083],[9.43252,47.42951],[9.43501,47.43429],[9.45264,47.4311],[9.46971,47.43868],[9.4951,47.4423],[9.50846,47.44925],[9.53052,47.45345],[9.52564,47.46137],[9.53249,47.46784],[9.5424,47.46904],[9.5472,47.467],[9.54656,47.4629],[9.55721,47.46486],[9.56209,47.46288],[9.58056,47.46254],[9.58879,47.45966],[9.58927,47.45741],[9.596,47.45867],[9.61298,47.44878],[9.62971,47.44437],[9.62974,47.43984],[9.6182,47.43774],[9.61784,47.43768]],[[9.61263,47.44359],[9.61255,47.44353],[9.61251,47.44356],[9.61235,47.44344],[9.61224,47.4435],[9.6121,47.44339],[9.61222,47.44329],[9.61298,47.44317],[9.61304,47.44337],[9.61328,47.44344],[9.61322,47.44354],[9.61323,47.44354],[9.61321,47.44357],[9.61319,47.44357],[9.61311,47.44369],[9.61271,47.44358],[9.61263,47.44359]],[[9.36218,47.38678],[9.36204,47.38673],[9.36178,47.38638],[9.36217,47.38624],[9.36275,47.38601],[9.36324,47.3864],[9.36276,47.3867],[9.36232,47.38691],[9.36224,47.38683],[9.36218,47.38678]]]}},{"type":"Feature","properties":{"name":"Appenzell Innerrhoden","cantonId":"appenzell-innerrhoden"},"geometry":{"type":"MultiPolygon","coordinates":[[[[9.34327,47.24939],[9.32363,47.28291],[9.31356,47.29145],[9.31302,47.29615],[9.31711,47.30174],[9.31496,47.30625],[9.31832,47.30953],[9.314,47.3215],[9.30972,47.32188],[9.31128,47.32511],[9.31606,47.32733],[9.32897,47.33081],[9.33339,47.34078],[9.34625,47.34493],[9.34368,47.35218],[9.36537,47.35836],[9.35686,47.37131],[9.35947,47.3734],[9.3587,47.37814],[9.35021,47.38311],[9.35901,47.38509],[9.37184,47.384],[9.37317,47.38638],[9.37908,47.38677],[9.37813,47.38081],[9.38554,47.3792],[9.38617,47.37705],[9.39363,47.38024],[9.39889,47.37737],[9.40105,47.37833],[9.40321,47.3734],[9.41189,47.36876],[9.42266,47.36804],[9.43095,47.37087],[9.43065,47.36711],[9.43794,47.3565],[9.44478,47.35696],[9.46575,47.34642],[9.47924,47.34721],[9.48715,47.35025],[9.50292,47.34743],[9.50217,47.32971],[9.50032,47.3295],[9.49814,47.31821],[9.49252,47.3129],[9.49626,47.30601],[9.48887,47.3018],[9.49069,47.30077],[9.48685,47.29071],[9.48777,47.28829],[9.47295,47.27121],[9.46435,47.26584],[9.45111,47.26003],[9.4378,47.25072],[9.42624,47.24711],[9.41481,47.24653],[9.40244,47.23769],[9.38202,47.23399],[9.36489,47.24331],[9.351,47.24436],[9.34309,47.24906],[9.34327,47.24939]]],[[[9.55529,47.39645],[9.55328,47.39401],[9.5476,47.39317],[9.54318,47.39501],[9.54536,47.39846],[9.54258,47.40027],[9.50821,47.39551],[9.51231,47.39749],[9.51072,47.40246],[9.53274,47.41033],[9.52787,47.41036],[9.52292,47.414],[9.52707,47.41501],[9.52337,47.42143],[9.53743,47.42578],[9.53891,47.43174],[9.55476,47.42684],[9.55404,47.42337],[9.55885,47.41827],[9.57625,47.41583],[9.5722,47.41319],[9.57372,47.40738],[9.57017,47.40633],[9.56492,47.4053],[9.56265,47.4085],[9.55324,47.40774],[9.55129,47.40998],[9.54239,47.4082],[9.55521,47.39644],[9.55529,47.39645]]],[[[9.61784,47.43768],[9.60735,47.43166],[9.58825,47.42543],[9.58969,47.42089],[9.60482,47.41437],[9.59633,47.41154],[9.58044,47.41037],[9.58584,47.41309],[9.58166,47.41513],[9.58317,47.42014],[9.56839,47.42107],[9.5673,47.4223],[9.57533,47.42571],[9.56993,47.42905],[9.56241,47.429],[9.55854,47.43174],[9.55884,47.43397],[9.56641,47.43867],[9.56876,47.43851],[9.57063,47.43434],[9.57932,47.43361],[9.61735,47.4376],[9.61784,47.43768]]],[[[9.36218,47.38678],[9.36224,47.38683],[9.36232,47.38691],[9.36276,47.3867],[9.36324,47.3864],[9.36275,47.38601],[9.36217,47.38624],[9.36178,47.38638],[9.36204,47.38673],[9.36218,47.38678]]],[[[9.61263,47.44359],[9.61271,47.44358],[9.61311,47.44369],[9.61319,47.44357],[9.61321,47.44357],[9.61323,47.44354],[9.61322,47.44354],[9.61328,47.44344],[9.61304,47.44337],[9.61298,47.44317],[9.61222,47.44329],[9.6121,47.44339],[9.61224,47.4435],[9.61235,47.44344],[9.61251,47.44356],[9.61255,47.44353],[9.61263,47.44359]]]]}},{"type":"Feature","properties":{"name":"Basel-Landschaft","cantonId":"basel-landschaft"},"geometry":{"type":"MultiPolygon","coordinates":[[[[7.55467,47.56437],[7.5646,47.55704],[7.56126,47.55173],[7.55877,47.55236],[7.5559,47.54434],[7.5648,47.54569],[7.58728,47.5419],[7.58271,47.53247],[7.5895,47.52793],[7.59076,47.51965],[7.5948,47.5193],[7.61359,47.53913],[7.62232,47.53978],[7.62294,47.54979],[7.61779,47.55432],[7.61764,47.55865],[7.63154,47.56165],[7.63854,47.55917],[7.65014,47.54775],[7.66094,47.54517],[7.66567,47.53767],[7.67521,47.53368],[7.69532,47.53258],[7.71354,47.53964],[7.71597,47.53582],[7.72364,47.53676],[7.72718,47.53293],[7.73324,47.53276],[7.73799,47.52733],[7.74904,47.52499],[7.75788,47.52605],[7.78765,47.52012],[7.79016,47.51864],[7.7877,47.51382],[7.78889,47.50683],[7.79282,47.50069],[7.78664,47.49312],[7.79445,47.49626],[7.79891,47.49565],[7.7968,47.49733],[7.79818,47.4994],[7.79942,47.49748],[7.80743,47.49714],[7.81473,47.5048],[7.83199,47.51474],[7.83324,47.53032],[7.83531,47.53176],[7.83322,47.53383],[7.84654,47.53266],[7.85235,47.53524],[7.85733,47.53321],[7.86259,47.52692],[7.86397,47.51931],[7.87667,47.52269],[7.87569,47.51319],[7.87804,47.51388],[7.88409,47.50849],[7.89388,47.50619],[7.89447,47.50252],[7.89833,47.50121],[7.89959,47.49617],[7.90478,47.49218],[7.90484,47.48491],[7.9333,47.48141],[7.94703,47.48489],[7.94004,47.46202],[7.94887,47.46378],[7.95763,47.45881],[7.95617,47.45573],[7.95786,47.45128],[7.94754,47.44555],[7.9468,47.44319],[7.95195,47.43278],[7.95005,47.43172],[7.96185,47.42183],[7.95658,47.41968],[7.95505,47.4156],[7.9484,47.41626],[7.93494,47.41177],[7.93674,47.40806],[7.93267,47.40527],[7.90975,47.39852],[7.90385,47.40246],[7.90084,47.40074],[7.89023,47.40714],[7.88335,47.4061],[7.88346,47.4012],[7.87772,47.40126],[7.87529,47.39759],[7.86915,47.39551],[7.87196,47.39125],[7.87945,47.38799],[7.87883,47.38351],[7.86266,47.38198],[7.84013,47.37476],[7.83056,47.36512],[7.80218,47.36109],[7.79638,47.35347],[7.79357,47.33905],[7.76898,47.33891],[7.76924,47.34145],[7.76643,47.34273],[7.75153,47.34433],[7.73417,47.35776],[7.72793,47.36886],[7.70197,47.37245],[7.64422,47.36721],[7.64178,47.38047],[7.6356,47.38059],[7.63333,47.38292],[7.63332,47.38534],[7.63727,47.38607],[7.63274,47.41003],[7.66407,47.41002],[7.67982,47.41752],[7.68659,47.43367],[7.68299,47.43872],[7.68487,47.44785],[7.6922,47.45416],[7.69826,47.45535],[7.69994,47.46193],[7.70989,47.46939],[7.69978,47.48063],[7.66834,47.48635],[7.66544,47.49149],[7.66614,47.49687],[7.65219,47.49582],[7.64866,47.49183],[7.65541,47.49021],[7.65053,47.48826],[7.65594,47.4874],[7.64444,47.48564],[7.64098,47.48274],[7.60732,47.4894],[7.60885,47.4834],[7.60566,47.4792],[7.60621,47.47556],[7.60817,47.47522],[7.60451,47.47045],[7.61889,47.46746],[7.62609,47.46292],[7.62219,47.46195],[7.62262,47.45715],[7.61648,47.44524],[7.61582,47.43275],[7.60217,47.43125],[7.59209,47.43271],[7.58122,47.42878],[7.58012,47.43205],[7.57767,47.43244],[7.57844,47.43491],[7.5689,47.4369],[7.56824,47.42238],[7.58076,47.41471],[7.5431,47.41404],[7.52525,47.41164],[7.53119,47.40353],[7.52138,47.39121],[7.51863,47.38823],[7.51131,47.38975],[7.50083,47.38459],[7.47912,47.38974],[7.47739,47.40121],[7.47136,47.40037],[7.46466,47.40255],[7.46102,47.40085],[7.45491,47.40415],[7.45027,47.40381],[7.44985,47.39987],[7.44347,47.40232],[7.44133,47.40018],[7.44363,47.38897],[7.43906,47.38602],[7.43734,47.38089],[7.4337,47.37943],[7.41168,47.38059],[7.41629,47.38481],[7.41367,47.38943],[7.41461,47.39422],[7.39895,47.39684],[7.39594,47.40339],[7.38871,47.40302],[7.38407,47.41236],[7.37597,47.4141],[7.41373,47.41093],[7.42076,47.4111],[7.4275,47.41448],[7.43818,47.41274],[7.44843,47.41507],[7.4556,47.42792],[7.45064,47.43536],[7.43786,47.44633],[7.42544,47.44329],[7.42092,47.44595],[7.42447,47.44992],[7.42244,47.45072],[7.42882,47.45388],[7.42777,47.4573],[7.43005,47.4595],[7.44578,47.46198],[7.44719,47.45696],[7.45483,47.44923],[7.49237,47.45898],[7.5307,47.46119],[7.52746,47.47391],[7.52913,47.47796],[7.53314,47.47829],[7.53634,47.48384],[7.53625,47.49106],[7.53262,47.49097],[7.53181,47.4974],[7.51995,47.49679],[7.51224,47.49892],[7.50937,47.50889],[7.4991,47.51628],[7.49789,47.52125],[7.5023,47.51491],[7.51748,47.51729],[7.52221,47.5142],[7.53098,47.52905],[7.5268,47.53288],[7.52442,47.53186],[7.51937,47.53472],[7.51077,47.52899],[7.50232,47.52841],[7.49806,47.53616],[7.49919,47.54012],[7.50547,47.54439],[7.51678,47.54541],[7.52481,47.55148],[7.54971,47.56242],[7.55467,47.56437]]],[[[7.37597,47.4141],[7.35732,47.41501],[7.35802,47.41816],[7.3442,47.42442],[7.34118,47.42911],[7.32622,47.43206],[7.32521,47.43463],[7.32817,47.43801],[7.32727,47.44005],[7.33032,47.44179],[7.3388,47.44119],[7.34486,47.43614],[7.35297,47.43425],[7.38122,47.43194],[7.38303,47.42998],[7.37965,47.4276],[7.37604,47.4151],[7.37597,47.4141]]]]}},{"type":"Feature","properties":{"name":"Basel-Stadt","cantonId":"basel-stadt"},"geometry":{"type":"Polygon","coordinates":[[[7.55467,47.56437],[7.55731,47.56503],[7.55935,47.56939],[7.55691,47.57246],[7.5665,47.57767],[7.58467,47.57552],[7.58475,47.58086],[7.58906,47.5899],[7.60484,47.58493],[7.6049,47.57788],[7.61915,47.57687],[7.64326,47.59134],[7.6418,47.5942],[7.64569,47.59696],[7.67519,47.59199],[7.68303,47.5985],[7.69381,47.60077],[7.67176,47.58727],[7.67209,47.58524],[7.68087,47.58269],[7.68369,47.57391],[7.68967,47.5714],[7.68594,47.56561],[7.68352,47.57126],[7.67516,47.56543],[7.67734,47.56375],[7.66425,47.5654],[7.6483,47.55993],[7.63614,47.56392],[7.63398,47.56123],[7.61764,47.55865],[7.61779,47.55432],[7.62294,47.54979],[7.62232,47.53978],[7.61359,47.53913],[7.5948,47.5193],[7.59027,47.51979],[7.5895,47.52793],[7.5828,47.53198],[7.58728,47.5419],[7.5648,47.54569],[7.5559,47.54434],[7.55877,47.55236],[7.56126,47.55173],[7.5646,47.55704],[7.55631,47.56349],[7.55467,47.56437]]]}},{"type":"Feature","properties":{"name":"Bern","cantonId":"bern"},"geometry":{"type":"MultiPolygon","coordinates":[[[[7.3925,47.28249],[7.38976,47.29198],[7.3959,47.29818],[7.36008,47.29296],[7.35617,47.29432],[7.34808,47.29231],[7.34623,47.29471],[7.34173,47.29431],[7.34225,47.29749],[7.3503,47.29963],[7.34822,47.30568],[7.36516,47.3093],[7.37865,47.31498],[7.41173,47.31331],[7.41302,47.30998],[7.42136,47.30683],[7.44178,47.30866],[7.47605,47.30707],[7.48638,47.30213],[7.49606,47.30212],[7.52347,47.31424],[7.55836,47.32236],[7.54835,47.31636],[7.54695,47.30608],[7.53908,47.30198],[7.53955,47.29861],[7.53288,47.29454],[7.52006,47.29385],[7.49469,47.28823],[7.49531,47.28686],[7.48536,47.28428],[7.47831,47.27868],[7.46586,47.26466],[7.44102,47.26292],[7.41738,47.2538],[7.4162,47.2506],[7.42089,47.24289],[7.4155,47.24021],[7.41184,47.24056],[7.3981,47.23349],[7.37451,47.22685],[7.36225,47.21961],[7.35561,47.22097],[7.34043,47.21757],[7.35449,47.19154],[7.36548,47.19446],[7.36772,47.19103],[7.37933,47.18573],[7.38353,47.1803],[7.39192,47.16628],[7.38219,47.16512],[7.38426,47.16013],[7.41183,47.16242],[7.41596,47.16538],[7.41841,47.17116],[7.4316,47.17605],[7.43092,47.18245],[7.4333,47.18473],[7.43744,47.18504],[7.44065,47.17979],[7.44326,47.17925],[7.44958,47.18289],[7.44978,47.18957],[7.47574,47.19065],[7.47659,47.18809],[7.47262,47.18555],[7.47521,47.18302],[7.47087,47.18133],[7.47493,47.18016],[7.47683,47.1766],[7.47853,47.17753],[7.48057,47.17168],[7.48642,47.1736],[7.49705,47.17009],[7.4902,47.16577],[7.4927,47.16327],[7.47817,47.15425],[7.46764,47.15128],[7.45464,47.15633],[7.44988,47.15567],[7.43996,47.1505],[7.44117,47.14588],[7.43963,47.14399],[7.42664,47.1411],[7.42669,47.13847],[7.4218,47.13586],[7.42647,47.13134],[7.4309,47.13085],[7.43066,47.12924],[7.43542,47.13128],[7.43636,47.12956],[7.43327,47.12618],[7.44019,47.12373],[7.42904,47.12437],[7.40376,47.11768],[7.39501,47.1217],[7.38998,47.11952],[7.38675,47.1259],[7.38274,47.12302],[7.37142,47.12254],[7.37198,47.11734],[7.36972,47.11596],[7.37925,47.10621],[7.38204,47.09574],[7.38946,47.09513],[7.39012,47.09225],[7.4092,47.09486],[7.42028,47.09967],[7.42327,47.09746],[7.43401,47.1005],[7.43744,47.09421],[7.43505,47.09366],[7.43292,47.08776],[7.43543,47.08017],[7.44046,47.0745],[7.45447,47.07493],[7.45906,47.07805],[7.46657,47.07866],[7.47481,47.08622],[7.46425,47.09905],[7.46134,47.10823],[7.49225,47.11706],[7.50973,47.12554],[7.5138,47.13001],[7.51583,47.13677],[7.52289,47.14248],[7.52343,47.14584],[7.52976,47.14874],[7.52035,47.15889],[7.52578,47.16221],[7.54068,47.16364],[7.54434,47.16037],[7.55785,47.16803],[7.56348,47.16836],[7.56733,47.16319],[7.57492,47.16445],[7.58106,47.16013],[7.58111,47.1556],[7.58355,47.15488],[7.58615,47.14755],[7.59245,47.15268],[7.60786,47.15285],[7.61455,47.15453],[7.61554,47.15657],[7.62459,47.15246],[7.63997,47.15356],[7.64511,47.14892],[7.65261,47.1515],[7.65076,47.15735],[7.65356,47.16083],[7.65166,47.16159],[7.66009,47.1684],[7.67287,47.16839],[7.678,47.18193],[7.67111,47.18452],[7.67464,47.1909],[7.67154,47.19497],[7.66914,47.1941],[7.66234,47.20096],[7.64724,47.20178],[7.65123,47.2067],[7.64596,47.21502],[7.64848,47.21895],[7.63919,47.22339],[7.64396,47.22545],[7.64057,47.22979],[7.62619,47.22631],[7.62353,47.22936],[7.61912,47.22905],[7.61706,47.23386],[7.60952,47.23955],[7.6064,47.23905],[7.6046,47.24267],[7.59595,47.24557],[7.59774,47.25413],[7.59371,47.26622],[7.58012,47.27635],[7.61422,47.28115],[7.64829,47.28199],[7.6688,47.28878],[7.6772,47.28911],[7.68478,47.29399],[7.68857,47.29045],[7.70086,47.28655],[7.71235,47.27377],[7.71563,47.2764],[7.71752,47.27512],[7.72515,47.26931],[7.72484,47.26624],[7.73268,47.25911],[7.73833,47.2599],[7.74467,47.25702],[7.75683,47.25809],[7.76485,47.26669],[7.77461,47.26787],[7.77582,47.26144],[7.78616,47.2561],[7.80284,47.26841],[7.80526,47.26801],[7.80705,47.26325],[7.81478,47.26131],[7.82512,47.26557],[7.82757,47.26446],[7.82719,47.26123],[7.83039,47.25912],[7.82603,47.25193],[7.82814,47.24989],[7.82608,47.2469],[7.83893,47.2346],[7.83666,47.2238],[7.84692,47.21723],[7.84915,47.20979],[7.85995,47.19867],[7.85997,47.19237],[7.87588,47.18322],[7.8804,47.17785],[7.88328,47.17278],[7.87682,47.16704],[7.8763,47.15601],[7.87967,47.1494],[7.89011,47.14072],[7.89001,47.13458],[7.88848,47.13443],[7.88981,47.13203],[7.8865,47.13168],[7.88619,47.12858],[7.87021,47.12282],[7.86712,47.1195],[7.86693,47.1166],[7.87005,47.1159],[7.86816,47.11197],[7.87496,47.10943],[7.87292,47.1043],[7.8762,47.10165],[7.8736,47.09784],[7.87952,47.09552],[7.87791,47.09294],[7.88165,47.08875],[7.87831,47.08225],[7.88015,47.08126],[7.87671,47.07965],[7.87897,47.0788],[7.87613,47.07345],[7.87729,47.07158],[7.87163,47.06483],[7.87122,47.06245],[7.87391,47.0617],[7.86621,47.05419],[7.86813,47.05184],[7.86645,47.04979],[7.87477,47.04096],[7.8816,47.04059],[7.88408,47.03327],[7.89238,47.0301],[7.89476,47.02216],[7.90054,47.01797],[7.89694,47.01303],[7.90183,47.00625],[7.92288,47.01055],[7.93267,47.00424],[7.95009,47.00704],[7.95621,47.00342],[7.94825,46.9933],[7.95244,46.98125],[7.94392,46.97718],[7.94536,46.96784],[7.93225,46.96165],[7.93095,46.94971],[7.92169,46.94673],[7.92087,46.94181],[7.91252,46.93308],[7.89751,46.93463],[7.87474,46.92627],[7.86703,46.91477],[7.88027,46.9108],[7.88312,46.90663],[7.8798,46.90126],[7.8818,46.89965],[7.87534,46.89576],[7.87306,46.88967],[7.85662,46.88348],[7.85727,46.87145],[7.86427,46.86955],[7.86469,46.86628],[7.8695,46.86434],[7.8673,46.85868],[7.86762,46.85036],[7.87045,46.84385],[7.87708,46.83706],[7.92877,46.81646],[7.94675,46.80525],[7.95384,46.79577],[7.95245,46.79315],[7.95405,46.7912],[7.96871,46.78512],[7.97572,46.7773],[7.98512,46.77503],[7.99689,46.78217],[8.03139,46.79024],[8.03899,46.78759],[8.05507,46.78843],[8.05983,46.78639],[8.06902,46.78864],[8.07576,46.786],[8.09005,46.78764],[8.09078,46.78436],[8.09956,46.77827],[8.10235,46.77379],[8.11125,46.77381],[8.12183,46.77037],[8.14695,46.75483],[8.16313,46.7613],[8.16794,46.76535],[8.1721,46.76413],[8.1898,46.77031],[8.19631,46.76792],[8.208,46.76945],[8.22198,46.76106],[8.23355,46.76172],[8.24029,46.7695],[8.25939,46.76381],[8.2687,46.7543],[8.28349,46.75316],[8.29825,46.76222],[8.30663,46.76418],[8.33189,46.77991],[8.35992,46.78296],[8.36936,46.78821],[8.37736,46.78582],[8.38232,46.78018],[8.39117,46.77779],[8.39639,46.76549],[8.41464,46.77431],[8.42109,46.77278],[8.42268,46.77042],[8.4355,46.7725],[8.44662,46.77026],[8.44613,46.76641],[8.4484,46.76494],[8.44735,46.75791],[8.44356,46.75387],[8.43911,46.753],[8.44377,46.74709],[8.44071,46.74443],[8.4407,46.73804],[8.44972,46.72983],[8.44708,46.72705],[8.44726,46.71491],[8.44897,46.7122],[8.45408,46.71084],[8.45215,46.7042],[8.45516,46.69889],[8.45229,46.68874],[8.44081,46.6855],[8.41481,46.68743],[8.41223,46.69071],[8.39962,46.69287],[8.39736,46.68424],[8.39806,46.67422],[8.40234,46.66866],[8.40843,46.66562],[8.41027,46.65293],[8.39898,46.65404],[8.39475,46.64605],[8.38015,46.63415],[8.37142,46.6341],[8.36851,46.62393],[8.37096,46.61886],[8.37052,46.61393],[8.3619,46.60178],[8.36138,46.59804],[8.36346,46.59248],[8.3606,46.58629],[8.36468,46.58247],[8.34395,46.56421],[8.33661,46.56111],[8.31838,46.55973],[8.31272,46.5525],[8.30333,46.5457],[8.28738,46.54308],[8.27959,46.53609],[8.26298,46.53347],[8.25806,46.5294],[8.24176,46.52654],[8.21689,46.52629],[8.20545,46.52296],[8.1993,46.52392],[8.18072,46.52034],[8.17449,46.52421],[8.17451,46.53141],[8.14976,46.53164],[8.1264,46.53716],[8.11417,46.54668],[8.09538,46.54889],[8.09367,46.55143],[8.08697,46.55129],[8.0758,46.55555],[8.06146,46.55133],[8.05467,46.55571],[8.04313,46.55686],[8.03259,46.56218],[8.01607,46.56331],[8.00144,46.55795],[7.9973,46.5585],[7.98588,46.54773],[7.97413,46.54651],[7.963,46.53939],[7.96337,46.53526],[7.97306,46.52377],[7.96759,46.51279],[7.95349,46.50797],[7.94177,46.50771],[7.93452,46.50328],[7.93264,46.49822],[7.92346,46.49507],[7.92363,46.49189],[7.91679,46.49155],[7.91197,46.48692],[7.90584,46.4871],[7.89766,46.48243],[7.89084,46.48333],[7.88706,46.48086],[7.86992,46.47783],[7.84466,46.4785],[7.8285,46.47094],[7.82546,46.46708],[7.79833,46.45881],[7.77941,46.44672],[7.77848,46.44333],[7.76596,46.43996],[7.73509,46.42334],[7.72186,46.42101],[7.71559,46.41481],[7.70852,46.41389],[7.69882,46.41923],[7.69361,46.42493],[7.62608,46.44508],[7.62115,46.43929],[7.60965,46.43674],[7.60835,46.43455],[7.61023,46.42858],[7.6075,46.42487],[7.59739,46.42068],[7.60019,46.41597],[7.59575,46.41121],[7.58644,46.4137],[7.58155,46.41756],[7.56237,46.41243],[7.55458,46.41367],[7.53389,46.40969],[7.5286,46.40029],[7.54699,46.39401],[7.55526,46.38898],[7.54074,46.38375],[7.53797,46.37722],[7.52695,46.37462],[7.5074,46.37591],[7.50245,46.37045],[7.49472,46.37198],[7.48926,46.37034],[7.48531,46.37194],[7.48461,46.37915],[7.4794,46.38527],[7.47329,46.38363],[7.46973,46.37812],[7.46213,46.37642],[7.45902,46.37818],[7.45911,46.381],[7.45433,46.38321],[7.4424,46.38327],[7.43863,46.38615],[7.42741,46.38058],[7.41685,46.38017],[7.40099,46.3742],[7.39939,46.37646],[7.38153,46.36439],[7.36263,46.35666],[7.35492,46.35074],[7.31583,46.34379],[7.30783,46.35209],[7.30999,46.35567],[7.30822,46.35877],[7.31254,46.36321],[7.31276,46.37088],[7.31028,46.37516],[7.29905,46.36645],[7.29051,46.36714],[7.2623,46.35824],[7.26017,46.35442],[7.26246,46.3496],[7.26017,46.3444],[7.26271,46.33865],[7.25348,46.33067],[7.23242,46.32647],[7.22148,46.32925],[7.22269,46.34857],[7.21884,46.35754],[7.23006,46.36194],[7.22631,46.36501],[7.21629,46.36177],[7.20722,46.37349],[7.20831,46.37867],[7.19371,46.37893],[7.19438,46.38396],[7.20778,46.40298],[7.20693,46.40839],[7.20986,46.41628],[7.19254,46.43522],[7.19513,46.44067],[7.21313,46.43951],[7.22256,46.44201],[7.22694,46.44918],[7.22597,46.45165],[7.23232,46.45394],[7.22636,46.45747],[7.22889,46.45892],[7.23091,46.4662],[7.22498,46.47748],[7.22414,46.48689],[7.23619,46.48803],[7.23556,46.49279],[7.23258,46.49478],[7.23956,46.49579],[7.24526,46.50218],[7.24918,46.52113],[7.24473,46.53319],[7.24593,46.53783],[7.23715,46.54635],[7.23707,46.55379],[7.25573,46.56029],[7.28135,46.58411],[7.29809,46.57922],[7.30352,46.57974],[7.30804,46.58132],[7.3125,46.58918],[7.32073,46.59186],[7.31483,46.60042],[7.31786,46.61857],[7.31211,46.6217],[7.31326,46.63662],[7.32491,46.63772],[7.32969,46.64183],[7.32114,46.65462],[7.34557,46.65534],[7.35072,46.65163],[7.35077,46.64796],[7.35582,46.64536],[7.35728,46.63928],[7.36208,46.6479],[7.37726,46.65626],[7.36928,46.65558],[7.37191,46.66279],[7.37114,46.66939],[7.37645,46.67503],[7.3729,46.68015],[7.37775,46.68354],[7.37592,46.68776],[7.38021,46.69018],[7.37694,46.69271],[7.36861,46.69261],[7.36257,46.69918],[7.34574,46.69894],[7.35061,46.70855],[7.34951,46.7122],[7.32819,46.71662],[7.30792,46.71718],[7.30053,46.72212],[7.29675,46.72781],[7.29686,46.73711],[7.30421,46.74778],[7.3036,46.75919],[7.29047,46.77205],[7.30447,46.7832],[7.30159,46.79283],[7.30748,46.79876],[7.31032,46.80802],[7.32021,46.81481],[7.32026,46.82674],[7.32892,46.829],[7.33123,46.83177],[7.32333,46.84041],[7.30895,46.84627],[7.30216,46.85204],[7.31208,46.85557],[7.31258,46.86073],[7.31641,46.86259],[7.3174,46.8606],[7.32088,46.86154],[7.3307,46.85763],[7.32301,46.85476],[7.32604,46.85163],[7.33424,46.8524],[7.33821,46.84945],[7.34934,46.85331],[7.35925,46.86311],[7.35839,46.86879],[7.35386,46.87129],[7.35253,46.87555],[7.3534,46.88676],[7.32574,46.89373],[7.30935,46.89152],[7.28938,46.89377],[7.2802,46.8896],[7.26635,46.89361],[7.25931,46.89797],[7.24434,46.90037],[7.24315,46.89792],[7.23633,46.8981],[7.22914,46.9023],[7.23033,46.90394],[7.22352,46.90277],[7.21755,46.89735],[7.20881,46.90261],[7.19996,46.90246],[7.19532,46.89901],[7.18771,46.90036],[7.20781,46.90913],[7.20507,46.92169],[7.21269,46.92846],[7.20301,46.93734],[7.20439,46.9391],[7.20197,46.9393],[7.21027,46.94302],[7.21012,46.94781],[7.20772,46.94917],[7.21101,46.95658],[7.20743,46.95967],[7.20001,46.95909],[7.1946,46.96135],[7.1947,46.96303],[7.20647,46.96413],[7.20746,46.96751],[7.21423,46.96693],[7.21467,46.97133],[7.22255,46.97459],[7.2357,46.98456],[7.22917,46.99068],[7.22223,46.99316],[7.22626,46.99868],[7.22313,46.99813],[7.21779,47.00641],[7.213,47.00681],[7.21025,47.00395],[7.2051,47.00627],[7.20068,47.00166],[7.19632,47.00213],[7.19668,47.00014],[7.15609,46.98604],[7.09231,46.97613],[7.05779,46.97688],[7.04017,46.97985],[7.02512,47.00607],[7.03329,47.01589],[7.03349,47.03034],[7.03925,47.03629],[7.05059,47.04232],[7.06507,47.04491],[7.07609,47.05056],[7.08766,47.05974],[7.08177,47.0646],[7.08316,47.06636],[7.08034,47.06717],[7.08053,47.07321],[7.07701,47.07596],[7.08706,47.08155],[7.08683,47.0857],[7.07569,47.09627],[7.05715,47.09969],[7.04062,47.10901],[7.02874,47.10368],[7.0235,47.1122],[7.03998,47.12465],[7.03109,47.12732],[7.0256,47.12414],[7.00777,47.12423],[6.99597,47.11889],[6.9476,47.11229],[6.93992,47.10916],[6.93635,47.10873],[6.92984,47.1126],[6.91574,47.10379],[6.86687,47.08512],[6.8718,47.10287],[6.88101,47.1084],[6.88881,47.13114],[6.8615,47.16564],[6.87198,47.17413],[6.87689,47.16087],[6.87989,47.15847],[6.87964,47.15428],[6.88374,47.15041],[6.90611,47.15716],[6.91668,47.16434],[6.9299,47.16936],[6.93822,47.17517],[6.94144,47.18454],[6.95218,47.18736],[6.95613,47.18066],[6.97053,47.18134],[6.97704,47.17494],[6.98078,47.17429],[6.98673,47.17749],[6.99451,47.18699],[6.99644,47.19334],[7.02346,47.19571],[7.0303,47.20229],[7.04691,47.22672],[7.05869,47.23119],[7.05631,47.23782],[7.05984,47.24281],[7.07954,47.24777],[7.07961,47.24341],[7.0852,47.24538],[7.08883,47.24158],[7.08574,47.23998],[7.08842,47.23702],[7.09623,47.23704],[7.10337,47.24311],[7.11149,47.2419],[7.129,47.24502],[7.13977,47.24319],[7.1558,47.24755],[7.14922,47.25386],[7.15148,47.25551],[7.14278,47.25575],[7.14312,47.25948],[7.14898,47.26219],[7.14568,47.26532],[7.14875,47.26904],[7.16869,47.27473],[7.1679,47.28135],[7.17025,47.28395],[7.1647,47.2886],[7.16937,47.29086],[7.1638,47.29406],[7.20601,47.29547],[7.20919,47.29471],[7.20622,47.29199],[7.2102,47.28884],[7.23229,47.2882],[7.2426,47.28522],[7.26099,47.28723],[7.2778,47.28417],[7.31074,47.28847],[7.33547,47.28828],[7.33924,47.28227],[7.34703,47.2812],[7.35403,47.27267],[7.3539,47.27111],[7.33666,47.26801],[7.3374,47.2625],[7.34147,47.26286],[7.3375,47.25851],[7.33842,47.25524],[7.34058,47.25503],[7.34537,47.24776],[7.36874,47.25853],[7.37634,47.2561],[7.39178,47.2559],[7.39357,47.2671],[7.38938,47.27481],[7.3925,47.27795],[7.3925,47.28215],[7.3925,47.28249]],[[7.23436,46.93302],[7.23478,46.93828],[7.23021,46.93995],[7.22821,46.93881],[7.22939,46.9369],[7.21537,46.93075],[7.21855,46.92434],[7.23421,46.92939],[7.23436,46.93302]],[[7.70081,47.16177],[7.69443,47.162],[7.68791,47.16525],[7.68852,47.16673],[7.67812,47.16162],[7.67528,47.15324],[7.68998,47.15256],[7.69379,47.15813],[7.70032,47.16106],[7.70081,47.16177]]],[[[7.55836,47.32236],[7.53205,47.32104],[7.52777,47.32267],[7.53449,47.33455],[7.54997,47.34086],[7.55222,47.34531],[7.56172,47.34147],[7.57216,47.32895],[7.56874,47.32434],[7.56172,47.32143],[7.55836,47.32236]]],[[[7.11872,46.9024],[7.11916,46.90562],[7.11324,46.91056],[7.11486,46.91584],[7.12529,46.91897],[7.12668,46.91739],[7.13537,46.91851],[7.13549,46.91197],[7.13845,46.90754],[7.13272,46.90701],[7.12305,46.9002],[7.1197,46.90055],[7.11872,46.9024]]]]}},{"type":"Feature","properties":{"name":"Fribourg","cantonId":"fribourg"},"geometry":{"type":"MultiPolygon","coordinates":[[[[7.04017,46.97985],[7.05779,46.97688],[7.09231,46.97613],[7.15609,46.98604],[7.19668,47.00014],[7.19632,47.00213],[7.20068,47.00166],[7.2051,47.00627],[7.21025,47.00395],[7.213,47.00681],[7.21779,47.00641],[7.22313,46.99813],[7.22626,46.99868],[7.22223,46.99316],[7.22917,46.99068],[7.2357,46.98456],[7.22255,46.97459],[7.21467,46.97133],[7.21423,46.96693],[7.20746,46.96751],[7.20647,46.96413],[7.1947,46.96303],[7.1946,46.96135],[7.20001,46.95909],[7.20743,46.95967],[7.21101,46.95658],[7.20772,46.94917],[7.21012,46.94781],[7.21027,46.94302],[7.20197,46.9393],[7.20439,46.9391],[7.20301,46.93734],[7.21269,46.92846],[7.20507,46.92169],[7.20781,46.90913],[7.18771,46.90036],[7.19532,46.89901],[7.19996,46.90246],[7.20881,46.90261],[7.21755,46.89735],[7.22352,46.90277],[7.23033,46.90394],[7.22914,46.9023],[7.23633,46.8981],[7.24315,46.89792],[7.24434,46.90037],[7.25931,46.89797],[7.26635,46.89361],[7.2802,46.8896],[7.28938,46.89377],[7.30935,46.89152],[7.32574,46.89373],[7.35304,46.88719],[7.35253,46.87555],[7.35386,46.87129],[7.35839,46.86879],[7.35925,46.86311],[7.34934,46.85331],[7.33821,46.84945],[7.33424,46.8524],[7.32604,46.85163],[7.32301,46.85476],[7.3307,46.85763],[7.32088,46.86154],[7.3174,46.8606],[7.31641,46.86259],[7.31258,46.86073],[7.31208,46.85557],[7.30216,46.85204],[7.30895,46.84627],[7.32333,46.84041],[7.33123,46.83177],[7.32892,46.829],[7.32026,46.82674],[7.32021,46.81481],[7.31032,46.80802],[7.30748,46.79876],[7.30159,46.79283],[7.30447,46.7832],[7.29047,46.77205],[7.3036,46.75919],[7.30421,46.74778],[7.29686,46.73711],[7.29675,46.72781],[7.30053,46.72212],[7.30792,46.71718],[7.32819,46.71662],[7.34951,46.7122],[7.35061,46.70855],[7.34574,46.69894],[7.36257,46.69918],[7.36861,46.69261],[7.37694,46.69271],[7.38021,46.69018],[7.37592,46.68776],[7.37775,46.68354],[7.3729,46.68015],[7.37645,46.67503],[7.37114,46.66939],[7.37191,46.66279],[7.36928,46.65558],[7.37726,46.65626],[7.36208,46.6479],[7.35728,46.63928],[7.35582,46.64536],[7.35077,46.64796],[7.35072,46.65163],[7.34557,46.65534],[7.32114,46.65462],[7.32969,46.64183],[7.32491,46.63772],[7.31326,46.63662],[7.31211,46.6217],[7.31786,46.61857],[7.31818,46.61613],[7.31483,46.60042],[7.32073,46.59186],[7.3125,46.58918],[7.30804,46.58132],[7.2992,46.5791],[7.28135,46.58411],[7.25573,46.56029],[7.22555,46.54927],[7.20765,46.53291],[7.20081,46.54169],[7.19217,46.54656],[7.18233,46.53837],[7.16343,46.52854],[7.15794,46.52679],[7.14835,46.52846],[7.145,46.52686],[7.13625,46.50861],[7.12634,46.50316],[7.12278,46.4987],[7.11029,46.4948],[7.10036,46.48699],[7.07758,46.48884],[7.07239,46.4864],[7.06582,46.48904],[7.06108,46.48728],[7.03851,46.47432],[7.02197,46.46112],[7.01785,46.44707],[6.99281,46.43889],[6.98373,46.43824],[6.9921,46.44891],[6.98269,46.45891],[6.97995,46.45912],[6.97782,46.47289],[6.98131,46.47539],[6.9738,46.48119],[6.97297,46.49018],[6.95419,46.50191],[6.9346,46.5014],[6.91138,46.51325],[6.90113,46.51328],[6.89571,46.50775],[6.89669,46.52045],[6.88167,46.51258],[6.86633,46.5008],[6.86275,46.49385],[6.8489,46.49338],[6.83502,46.50232],[6.83033,46.51247],[6.82428,46.51208],[6.81087,46.52513],[6.82549,46.54357],[6.82784,46.54296],[6.82518,46.53802],[6.83027,46.53746],[6.855,46.54144],[6.85643,46.53705],[6.86014,46.53598],[6.85884,46.53099],[6.86195,46.53109],[6.86245,46.53517],[6.86923,46.54335],[6.88821,46.55815],[6.89167,46.55733],[6.89392,46.55992],[6.90227,46.56139],[6.89884,46.565],[6.90164,46.56973],[6.89797,46.5706],[6.88816,46.5677],[6.8845,46.56196],[6.87943,46.56713],[6.87445,46.56497],[6.86789,46.57516],[6.85996,46.57987],[6.85087,46.58114],[6.84644,46.58395],[6.83484,46.57534],[6.82371,46.57748],[6.82059,46.58369],[6.8141,46.58567],[6.81152,46.58099],[6.81322,46.57823],[6.80489,46.57793],[6.79948,46.57408],[6.7949,46.57532],[6.79893,46.58206],[6.80123,46.59251],[6.79833,46.59987],[6.80238,46.60143],[6.80389,46.60904],[6.80184,46.61556],[6.80354,46.62125],[6.80228,46.62776],[6.79692,46.63315],[6.80367,46.64568],[6.79882,46.64908],[6.81081,46.65039],[6.81457,46.64748],[6.8185,46.64781],[6.81728,46.64924],[6.82741,46.65983],[6.83139,46.65983],[6.83338,46.66223],[6.84411,46.66085],[6.84294,46.65837],[6.85352,46.65547],[6.85938,46.65996],[6.86302,46.65839],[6.86735,46.6601],[6.86833,46.66297],[6.86439,46.66477],[6.87171,46.67326],[6.86412,46.67678],[6.86269,46.68095],[6.86533,46.68128],[6.8684,46.68573],[6.87312,46.68333],[6.88101,46.69006],[6.88959,46.69389],[6.8944,46.70124],[6.89231,46.70259],[6.89442,46.70556],[6.90452,46.71417],[6.91648,46.72004],[6.91773,46.71872],[6.93596,46.73353],[6.93501,46.7359],[6.94061,46.74371],[6.93796,46.74948],[6.93088,46.75405],[6.92006,46.75131],[6.91668,46.75462],[6.91055,46.75327],[6.9092,46.75877],[6.91443,46.76273],[6.92011,46.75986],[6.93531,46.77154],[6.93125,46.77251],[6.93307,46.7747],[6.93154,46.77541],[6.93811,46.78125],[6.94571,46.78454],[6.95012,46.78278],[6.95709,46.7876],[6.95863,46.79031],[6.95644,46.79053],[6.956,46.79343],[6.96667,46.80271],[6.95885,46.80987],[6.95651,46.81494],[6.96022,46.81776],[6.95785,46.81874],[6.96515,46.82824],[6.97102,46.82406],[6.98476,46.82194],[6.99284,46.83191],[6.98614,46.83473],[6.98699,46.83718],[6.98308,46.83983],[6.986,46.84007],[6.98866,46.84358],[6.98442,46.84672],[6.98148,46.84571],[6.97758,46.84987],[6.97932,46.85327],[6.97782,46.85496],[6.98059,46.85802],[6.97695,46.86053],[6.97923,46.86577],[6.9889,46.87346],[6.98063,46.88182],[6.97376,46.88732],[6.95819,46.88154],[6.96944,46.86734],[6.96489,46.86539],[6.96023,46.87145],[6.95791,46.87079],[6.95396,46.87539],[6.95109,46.87481],[6.95171,46.87762],[6.9419,46.88413],[6.93837,46.88997],[6.93601,46.88879],[6.93314,46.89255],[6.92444,46.89342],[6.92373,46.89533],[6.93033,46.89953],[6.89624,46.92549],[6.9282,46.9534],[6.96491,46.92439],[6.97154,46.92119],[6.97811,46.92341],[6.9864,46.91987],[6.9875,46.91818],[6.98177,46.91359],[6.98447,46.91199],[6.98117,46.90942],[7.00951,46.88904],[6.9938,46.87897],[6.99934,46.87433],[7.00704,46.87301],[7.01529,46.87682],[7.0162,46.88078],[7.02129,46.87669],[7.02519,46.8778],[7.03219,46.87586],[7.03578,46.873],[7.0299,46.86618],[7.03967,46.86061],[7.03334,46.85706],[7.0341,46.85532],[7.02912,46.85087],[7.03706,46.84558],[7.03959,46.8483],[7.04305,46.84693],[7.04908,46.85487],[7.0532,46.85561],[7.06262,46.86714],[7.07033,46.87174],[7.0673,46.88094],[7.06168,46.87962],[7.06426,46.8871],[7.07208,46.88872],[7.07091,46.88976],[7.07984,46.89412],[7.07439,46.89529],[7.0871,46.8971],[7.08885,46.89972],[7.08624,46.90192],[7.09341,46.90579],[7.05789,46.93861],[7.06139,46.944],[7.05874,46.9538],[7.05646,46.95523],[7.05962,46.95582],[7.05742,46.95957],[7.05964,46.96309],[7.05791,46.96541],[7.0613,46.96677],[7.06024,46.96874],[7.06305,46.97111],[7.05215,46.97713],[7.04035,46.97953],[7.04017,46.97985]],[[7.11872,46.9024],[7.12305,46.9002],[7.12726,46.90446],[7.13845,46.90754],[7.13549,46.91197],[7.13537,46.91851],[7.12668,46.91739],[7.12529,46.91897],[7.11486,46.91584],[7.11324,46.91056],[7.11916,46.90562],[7.1184,46.90299],[7.11872,46.9024]]],[[[6.8657,46.90958],[6.89642,46.88304],[6.89923,46.88339],[6.90696,46.87863],[6.9108,46.88063],[6.92101,46.87133],[6.91177,46.86715],[6.90953,46.86951],[6.89188,46.86496],[6.89436,46.86217],[6.91288,46.86594],[6.93063,46.85325],[6.92041,46.84808],[6.91017,46.83877],[6.90488,46.82512],[6.91085,46.81253],[6.90489,46.80561],[6.91135,46.80314],[6.92,46.81057],[6.92742,46.80906],[6.93158,46.80535],[6.92618,46.79863],[6.92112,46.79681],[6.91654,46.78868],[6.91711,46.78471],[6.911,46.77971],[6.90824,46.78202],[6.90971,46.78355],[6.90734,46.78382],[6.90505,46.78155],[6.89912,46.7816],[6.89983,46.78006],[6.89421,46.7773],[6.88813,46.77828],[6.87955,46.7753],[6.8638,46.78113],[6.86189,46.78317],[6.8638,46.78529],[6.85909,46.78801],[6.8516,46.78588],[6.84923,46.78406],[6.85049,46.78236],[6.84411,46.77887],[6.8395,46.78096],[6.83308,46.77455],[6.82807,46.77663],[6.8254,46.77284],[6.81849,46.77822],[6.81303,46.77834],[6.81344,46.78027],[6.80466,46.78565],[6.79794,46.78288],[6.78301,46.79339],[6.77599,46.78976],[6.77858,46.79389],[6.78728,46.79961],[6.78353,46.80283],[6.77881,46.80058],[6.74187,46.82788],[6.83535,46.88959],[6.8657,46.90958]]],[[[6.80621,46.72694],[6.79298,46.72556],[6.78791,46.72937],[6.79351,46.73575],[6.79665,46.73635],[6.79811,46.73407],[6.81634,46.73833],[6.81499,46.74048],[6.82434,46.7474],[6.82647,46.75226],[6.83043,46.75382],[6.82822,46.75448],[6.82932,46.75608],[6.84547,46.76586],[6.84361,46.76656],[6.84882,46.77113],[6.84564,46.77171],[6.84763,46.77494],[6.84894,46.77311],[6.85307,46.77472],[6.85157,46.77228],[6.85442,46.77203],[6.86018,46.7664],[6.85768,46.76275],[6.85883,46.76146],[6.86334,46.7636],[6.87699,46.75588],[6.87564,46.7539],[6.88209,46.74981],[6.86616,46.73302],[6.86717,46.72713],[6.86187,46.72459],[6.84633,46.72748],[6.83787,46.73281],[6.82839,46.73551],[6.81749,46.73329],[6.81128,46.7279],[6.80655,46.72697],[6.80621,46.72694]]],[[[6.77301,46.75137],[6.77611,46.7494],[6.7788,46.75122],[6.78626,46.74762],[6.78418,46.74583],[6.78445,46.73543],[6.77756,46.72978],[6.7774,46.72612],[6.76241,46.71738],[6.75855,46.72198],[6.76026,46.7231],[6.75879,46.72548],[6.75173,46.72823],[6.7487,46.73181],[6.75265,46.73657],[6.75905,46.73748],[6.77096,46.74846],[6.77301,46.75137]]],[[[7.23436,46.93302],[7.23421,46.92939],[7.21855,46.92434],[7.21537,46.93075],[7.22939,46.9369],[7.22821,46.93881],[7.23021,46.93995],[7.23478,46.93828],[7.23439,46.93391],[7.23436,46.93302]]],[[[6.97104,46.82657],[6.97077,46.82714],[6.97096,46.82739],[6.97155,46.82702],[6.972,46.82659],[6.97166,46.82628],[6.97122,46.82604],[6.97106,46.82603],[6.97104,46.82657]]]]}},{"type":"Feature","properties":{"name":"Geneva","cantonId":"geneva"},"geometry":{"type":"MultiPolygon","coordinates":[[[[6.12578,46.31749],[6.14072,46.30475],[6.19873,46.28444],[6.21954,46.3119],[6.24469,46.30405],[6.24901,46.30191],[6.24696,46.30003],[6.25014,46.29644],[6.24856,46.29427],[6.25299,46.29052],[6.24887,46.28648],[6.23799,46.28214],[6.23757,46.27757],[6.24983,46.26221],[6.26166,46.25458],[6.26014,46.25169],[6.26677,46.24771],[6.27869,46.25128],[6.29485,46.26461],[6.29658,46.26329],[6.29391,46.25954],[6.295,46.25607],[6.30205,46.25474],[6.30974,46.25624],[6.30568,46.25138],[6.30941,46.25009],[6.31027,46.24399],[6.29571,46.22605],[6.27696,46.21554],[6.25589,46.21004],[6.24953,46.205],[6.24475,46.20693],[6.24513,46.20498],[6.24301,46.20452],[6.2327,46.20603],[6.22185,46.20064],[6.2221,46.19888],[6.21833,46.19873],[6.21225,46.1928],[6.20517,46.19178],[6.19783,46.18342],[6.19496,46.18422],[6.18704,46.18038],[6.18622,46.17541],[6.18876,46.1664],[6.1742,46.15782],[6.14862,46.15011],[6.14486,46.14497],[6.14187,46.14724],[6.13642,46.14161],[6.12813,46.14034],[6.12014,46.14277],[6.09847,46.14384],[6.09179,46.15196],[6.07489,46.14886],[6.05224,46.15136],[6.0485,46.14714],[6.04759,46.14222],[6.03928,46.13966],[6.03537,46.13435],[6.03299,46.13873],[6.02843,46.14046],[6.01499,46.1431],[6.00321,46.1418],[5.99408,46.14459],[5.98348,46.14301],[5.98191,46.13743],[5.97669,46.13318],[5.95683,46.12878],[5.95588,46.13238],[5.96624,46.13791],[5.96428,46.14479],[5.98008,46.1663],[5.98185,46.17315],[5.98796,46.17075],[5.99171,46.17686],[5.99039,46.17762],[5.99489,46.18183],[5.99028,46.18782],[5.96371,46.19703],[5.97341,46.2026],[5.96924,46.20665],[5.97334,46.21374],[5.97916,46.21727],[5.99276,46.21524],[5.99353,46.21792],[5.99017,46.22174],[5.99293,46.22298],[6.00152,46.22052],[6.00722,46.22395],[6.00655,46.22656],[6.00973,46.22729],[6.00954,46.22901],[6.01332,46.22907],[6.01294,46.23107],[6.02548,46.23324],[6.03364,46.23857],[6.04609,46.23141],[6.05587,46.24168],[6.06333,46.24582],[6.06954,46.24118],[6.08804,46.24714],[6.10143,46.23766],[6.10684,46.24119],[6.10881,46.23989],[6.12444,46.25261],[6.12081,46.25457],[6.12274,46.25647],[6.11807,46.26347],[6.11997,46.26485],[6.10988,46.27059],[6.1135,46.27257],[6.10325,46.27868],[6.10507,46.28298],[6.10238,46.28496],[6.11406,46.29473],[6.11962,46.29433],[6.11855,46.29593],[6.12178,46.29913],[6.11876,46.30282],[6.12075,46.30679],[6.11978,46.3125],[6.12573,46.31737],[6.12578,46.31749]]],[[[6.23231,46.33045],[6.20356,46.33884],[6.19311,46.34373],[6.19487,46.34863],[6.18626,46.34955],[6.17303,46.35466],[6.17109,46.35842],[6.17624,46.36006],[6.1744,46.3624],[6.18024,46.36459],[6.18692,46.36055],[6.19807,46.36029],[6.20205,46.35478],[6.21192,46.3538],[6.24142,46.34368],[6.23231,46.33045]]],[[[6.16677,46.3431],[6.17179,46.34986],[6.17394,46.34896],[6.17555,46.35134],[6.18442,46.34586],[6.18167,46.3437],[6.17452,46.34693],[6.1724,46.34125],[6.16849,46.34217],[6.16677,46.3431]]]]}},{"type":"Feature","properties":{"name":"Glarus","cantonId":"glarus"},"geometry":{"type":"Polygon","coordinates":[[[8.93538,46.91985],[8.9482,46.92538],[8.96319,46.92672],[8.964,46.92901],[8.95721,46.93382],[8.95533,46.93892],[8.96127,46.94725],[8.96237,46.95381],[8.97164,46.95986],[8.95567,46.96294],[8.94873,46.96821],[8.94985,46.96953],[8.9457,46.96716],[8.93225,46.9823],[8.94092,46.98471],[8.9415,46.98758],[8.93767,46.98642],[8.92866,46.99733],[8.91888,47.00155],[8.91554,47.00742],[8.91163,47.00876],[8.91048,47.01704],[8.89495,47.02089],[8.89299,47.02363],[8.90362,47.02726],[8.90052,47.03553],[8.90315,47.03853],[8.91463,47.03992],[8.92201,47.03829],[8.94807,47.04935],[8.95111,47.06085],[8.96177,47.07137],[8.96083,47.07625],[8.9651,47.07817],[8.96643,47.08141],[8.97599,47.0857],[8.95388,47.09148],[8.9597,47.1002],[8.97128,47.10463],[8.96925,47.10868],[8.97369,47.11509],[8.96517,47.12211],[8.9693,47.1305],[8.96739,47.13663],[8.97379,47.14036],[8.99163,47.16216],[9.0056,47.17398],[9.06813,47.12996],[9.10133,47.13325],[9.10816,47.13131],[9.13592,47.13198],[9.18988,47.12369],[9.19002,47.10991],[9.18625,47.09991],[9.18765,47.09381],[9.19123,47.09095],[9.18879,47.08547],[9.19203,47.07353],[9.1903,47.06989],[9.18375,47.05962],[9.17454,47.05292],[9.1674,47.04939],[9.15336,47.04727],[9.13807,47.03913],[9.16567,47.02687],[9.17522,47.0288],[9.18053,47.02592],[9.20166,47.03512],[9.20898,47.03573],[9.22194,47.03258],[9.23005,47.02581],[9.23636,47.02398],[9.2427,47.01519],[9.24283,47.00726],[9.24988,46.99521],[9.24556,46.99219],[9.24658,46.98703],[9.24364,46.98237],[9.24681,46.97564],[9.24274,46.96578],[9.24603,46.95858],[9.24471,46.95646],[9.23676,46.95456],[9.23631,46.94484],[9.23914,46.93938],[9.25026,46.93462],[9.25259,46.92702],[9.24886,46.91607],[9.24463,46.91429],[9.24021,46.90818],[9.2266,46.90559],[9.21797,46.89477],[9.20636,46.887],[9.20413,46.88309],[9.18824,46.87643],[9.17746,46.8791],[9.15301,46.87983],[9.15681,46.87393],[9.14654,46.87112],[9.14056,46.86183],[9.12914,46.85912],[9.1254,46.85545],[9.11133,46.85037],[9.10487,46.85247],[9.10361,46.85969],[9.09468,46.86758],[9.09494,46.87086],[9.0765,46.87518],[9.06472,46.8752],[9.05443,46.86828],[9.04537,46.86526],[9.04419,46.85551],[9.04597,46.8502],[9.03759,46.84511],[9.03373,46.83904],[9.03441,46.83534],[9.02739,46.82993],[9.01998,46.81732],[9.00902,46.81117],[8.9534,46.80501],[8.92828,46.79646],[8.91407,46.8006],[8.91487,46.81114],[8.90675,46.81009],[8.89839,46.81423],[8.87705,46.81291],[8.87557,46.81596],[8.88017,46.82007],[8.88164,46.82906],[8.87437,46.8352],[8.87368,46.84054],[8.87124,46.84203],[8.89567,46.84956],[8.90925,46.86097],[8.91782,46.86047],[8.95592,46.87532],[8.95781,46.87949],[8.95729,46.8879],[8.95342,46.90069],[8.94689,46.90268],[8.93767,46.91611],[8.93538,46.91985]]]}},{"type":"Feature","properties":{"name":"Graubünden","cantonId":"graubunden"},"geometry":{"type":"Polygon","coordinates":[[[8.67875,46.57918],[8.68192,46.58852],[8.68061,46.59504],[8.67672,46.59937],[8.67961,46.60534],[8.67775,46.60935],[8.67875,46.61599],[8.67668,46.61996],[8.66403,46.62167],[8.65796,46.62615],[8.65659,46.63132],[8.65107,46.63458],[8.65188,46.63793],[8.65748,46.64162],[8.65842,46.64715],[8.65488,46.64996],[8.6614,46.65601],[8.66622,46.65596],[8.67861,46.66426],[8.67361,46.6714],[8.67436,46.69213],[8.67831,46.69494],[8.68629,46.69417],[8.69259,46.70184],[8.69857,46.70347],[8.70899,46.69895],[8.7172,46.70258],[8.71771,46.70608],[8.7261,46.70686],[8.74303,46.71551],[8.74907,46.72073],[8.7444,46.72887],[8.74764,46.7359],[8.76516,46.74446],[8.76959,46.74434],[8.76966,46.74057],[8.77278,46.73975],[8.78199,46.7283],[8.79953,46.73144],[8.81298,46.73731],[8.81044,46.74492],[8.81394,46.74936],[8.81453,46.75526],[8.81857,46.7584],[8.81855,46.76247],[8.82542,46.76603],[8.83172,46.76433],[8.83458,46.76685],[8.83036,46.77114],[8.82791,46.77919],[8.82895,46.78353],[8.82631,46.78834],[8.82769,46.79163],[8.83447,46.79521],[8.84822,46.79343],[8.8473,46.798],[8.85989,46.80569],[8.87393,46.80863],[8.87705,46.81291],[8.89839,46.81423],[8.90675,46.81009],[8.91487,46.81114],[8.91407,46.8006],[8.92828,46.79646],[8.9534,46.80501],[9.00902,46.81117],[9.01998,46.81732],[9.02739,46.82993],[9.03441,46.83534],[9.03373,46.83904],[9.03759,46.84511],[9.04597,46.8502],[9.04419,46.85551],[9.04537,46.86526],[9.05443,46.86828],[9.06115,46.87381],[9.0764,46.87519],[9.09494,46.87086],[9.09468,46.86758],[9.10361,46.85969],[9.10487,46.85247],[9.11231,46.85056],[9.1254,46.85545],[9.12831,46.85879],[9.14056,46.86183],[9.14654,46.87112],[9.15681,46.87393],[9.15301,46.87983],[9.17746,46.8791],[9.18824,46.87643],[9.19992,46.88064],[9.21797,46.89477],[9.2266,46.90559],[9.23969,46.9079],[9.24485,46.91449],[9.2489,46.91626],[9.26724,46.90314],[9.2769,46.90734],[9.28692,46.90506],[9.29331,46.90708],[9.30994,46.90576],[9.32191,46.90059],[9.33868,46.90202],[9.34314,46.89828],[9.34704,46.89967],[9.36551,46.89691],[9.3817,46.89763],[9.39942,46.89213],[9.4199,46.88956],[9.43326,46.88457],[9.44887,46.87288],[9.45255,46.87461],[9.45595,46.8812],[9.45426,46.88605],[9.46778,46.88726],[9.46975,46.89147],[9.46726,46.89988],[9.47543,46.90642],[9.488,46.91229],[9.47858,46.91568],[9.4778,46.92056],[9.48573,46.93037],[9.48653,46.93552],[9.49372,46.93771],[9.49287,46.93921],[9.49611,46.94033],[9.49858,46.94703],[9.50022,46.94959],[9.50316,46.94947],[9.50461,46.95366],[9.51849,46.95586],[9.51741,46.96839],[9.52028,46.97141],[9.54558,46.97657],[9.51117,47.0085],[9.50607,47.01869],[9.47726,47.04905],[9.4758,47.05175],[9.47881,47.05565],[9.48228,47.05612],[9.4819,47.05254],[9.48576,47.04909],[9.49132,47.05625],[9.49954,47.05415],[9.50001,47.05712],[9.51208,47.05681],[9.51655,47.06009],[9.53976,47.06514],[9.55163,47.05884],[9.55452,47.0503],[9.55895,47.04843],[9.57293,47.05276],[9.58217,47.0527],[9.60348,47.06177],[9.61721,47.05362],[9.63268,47.05125],[9.64134,47.05392],[9.64507,47.05977],[9.65823,47.05818],[9.68185,47.0621],[9.6821,47.05887],[9.6882,47.05522],[9.69757,47.05239],[9.70761,47.05381],[9.70859,47.05166],[9.70568,47.05035],[9.70702,47.04804],[9.71822,47.04337],[9.74186,47.04267],[9.74809,47.03692],[9.78493,47.03848],[9.7919,47.03169],[9.80141,47.02909],[9.80758,47.02356],[9.82354,47.01986],[9.83613,47.01253],[9.83974,47.01265],[9.83816,47.01295],[9.84102,47.01512],[9.85274,47.01641],[9.85976,47.02321],[9.87626,47.02123],[9.88036,47.01722],[9.87116,47.01306],[9.87071,47.00965],[9.87327,47.00635],[9.88879,47.00073],[9.88953,46.99416],[9.89232,46.99036],[9.88483,46.98546],[9.88311,46.98327],[9.88456,46.98085],[9.87571,46.97365],[9.8756,46.96749],[9.87074,46.96321],[9.87873,46.95707],[9.87489,46.95039],[9.87658,46.9407],[9.88072,46.94011],[9.87614,46.93463],[9.8945,46.93164],[9.90634,46.9253],[9.91232,46.92605],[9.92154,46.91882],[9.93724,46.91331],[9.94614,46.91235],[9.95908,46.91602],[9.96658,46.91222],[9.97788,46.91588],[9.9818,46.91192],[9.98245,46.9062],[9.99013,46.90241],[10.00592,46.8988],[10.01783,46.90161],[10.02648,46.8958],[10.03219,46.88799],[10.03932,46.88581],[10.04245,46.88044],[10.05195,46.87674],[10.05121,46.86394],[10.05957,46.86077],[10.08744,46.86119],[10.09267,46.85805],[10.09197,46.85142],[10.10545,46.84085],[10.11914,46.84417],[10.11994,46.84738],[10.1231,46.84848],[10.13942,46.84738],[10.14709,46.85141],[10.1546,46.85032],[10.15742,46.84786],[10.16271,46.85099],[10.16908,46.85066],[10.17177,46.85366],[10.18202,46.85551],[10.18351,46.859],[10.19367,46.86644],[10.20384,46.86461],[10.21924,46.86728],[10.23268,46.86629],[10.23085,46.86943],[10.23275,46.8709],[10.23197,46.87579],[10.23485,46.88468],[10.22762,46.8902],[10.22573,46.89594],[10.23332,46.90164],[10.23705,46.9157],[10.24203,46.91883],[10.2406,46.93137],[10.26689,46.92883],[10.29105,46.92326],[10.29689,46.91995],[10.30081,46.92465],[10.31607,46.92518],[10.31718,46.93095],[10.30618,46.94014],[10.30859,46.94344],[10.30774,46.94726],[10.30937,46.9502],[10.32784,46.95397],[10.32951,46.96427],[10.34073,46.97837],[10.34,46.9813],[10.3448,46.98306],[10.34653,46.98959],[10.355,46.99236],[10.37206,46.99067],[10.38339,46.99927],[10.38933,47.00052],[10.39833,46.99714],[10.40219,46.99085],[10.41251,46.98264],[10.4266,46.97568],[10.42709,46.97117],[10.42203,46.96078],[10.42387,46.9589],[10.42894,46.95608],[10.45549,46.95288],[10.46896,46.94702],[10.47621,46.94103],[10.48936,46.93778],[10.48531,46.93144],[10.48832,46.92628],[10.48529,46.91862],[10.48623,46.91545],[10.47855,46.91059],[10.4751,46.89429],[10.4647,46.88427],[10.46924,46.8811],[10.47127,46.87296],[10.46801,46.86211],[10.47183,46.8487],[10.46385,46.8412],[10.46647,46.83936],[10.46651,46.83586],[10.4601,46.83474],[10.45661,46.83019],[10.46043,46.82454],[10.45581,46.8218],[10.45769,46.81605],[10.44756,46.80077],[10.42956,46.79678],[10.42674,46.79423],[10.42665,46.7894],[10.42272,46.78824],[10.43371,46.78192],[10.43441,46.77824],[10.44048,46.77401],[10.44402,46.76237],[10.44268,46.75387],[10.44172,46.75204],[10.43554,46.75267],[10.40081,46.73384],[10.40903,46.7282],[10.41447,46.72057],[10.41877,46.71913],[10.41804,46.71451],[10.41532,46.71223],[10.41604,46.70902],[10.41001,46.70548],[10.40333,46.7055],[10.39347,46.6893],[10.38357,46.68728],[10.38182,46.6843],[10.39251,46.67159],[10.39089,46.66811],[10.39199,46.6552],[10.39622,46.65293],[10.3965,46.6495],[10.4003,46.64593],[10.40175,46.64071],[10.39985,46.63858],[10.40228,46.63681],[10.40912,46.63506],[10.4202,46.63831],[10.44344,46.63938],[10.44607,46.64127],[10.46256,46.63305],[10.48426,46.61742],[10.49206,46.61538],[10.49114,46.61107],[10.48443,46.60508],[10.48735,46.59837],[10.48378,46.59215],[10.48778,46.58956],[10.48338,46.58093],[10.48478,46.57754],[10.47467,46.56668],[10.47406,46.56271],[10.47791,46.55741],[10.47109,46.54838],[10.47228,46.54353],[10.4591,46.54132],[10.45857,46.53655],[10.45279,46.53068],[10.43668,46.53739],[10.41823,46.55131],[10.39703,46.54392],[10.3756,46.55262],[10.35186,46.55588],[10.35022,46.54942],[10.33818,46.54272],[10.32546,46.55173],[10.31142,46.54669],[10.30814,46.54943],[10.29606,46.54997],[10.29442,46.55195],[10.29599,46.55888],[10.28949,46.56464],[10.28741,46.57039],[10.2767,46.57259],[10.26933,46.57769],[10.26381,46.57715],[10.25413,46.57124],[10.24607,46.57501],[10.24183,46.5916],[10.25908,46.61021],[10.24478,46.62217],[10.24118,46.62704],[10.23993,46.63531],[10.22413,46.62913],[10.21531,46.61694],[10.1934,46.62313],[10.19276,46.62593],[10.16241,46.6157],[10.13736,46.61074],[10.13633,46.6076],[10.12762,46.6051],[10.11325,46.60713],[10.10667,46.61069],[10.10159,46.60998],[10.09881,46.60481],[10.10128,46.60101],[10.09763,46.59777],[10.09703,46.59348],[10.10116,46.5892],[10.10067,46.58272],[10.09569,46.57735],[10.07867,46.57512],[10.07974,46.57131],[10.08539,46.56712],[10.08233,46.56349],[10.0717,46.55903],[10.06868,46.55118],[10.06141,46.5457],[10.04676,46.54404],[10.04389,46.54047],[10.04562,46.53563],[10.05353,46.53169],[10.05043,46.52896],[10.05398,46.52266],[10.05152,46.51335],[10.04226,46.51004],[10.04509,46.50206],[10.04908,46.4996],[10.0448,46.49319],[10.04848,46.48781],[10.04282,46.48003],[10.05145,46.47221],[10.05151,46.46775],[10.05446,46.46466],[10.05248,46.46041],[10.04385,46.45496],[10.04246,46.44899],[10.03914,46.44698],[10.0435,46.44195],[10.05257,46.4397],[10.05627,46.44087],[10.05825,46.43826],[10.058,46.43202],[10.06149,46.42743],[10.06438,46.42587],[10.07714,46.42819],[10.08017,46.4256],[10.08016,46.42108],[10.0907,46.42265],[10.10072,46.42135],[10.1079,46.42828],[10.11722,46.42603],[10.11921,46.42923],[10.12909,46.43175],[10.13291,46.42909],[10.143,46.42832],[10.14426,46.42449],[10.14719,46.42318],[10.14766,46.41422],[10.14937,46.41282],[10.16112,46.41539],[10.16671,46.40759],[10.16209,46.40423],[10.16398,46.39068],[10.16201,46.38751],[10.15576,46.38491],[10.14255,46.38622],[10.12765,46.37774],[10.12841,46.37398],[10.12598,46.36982],[10.12911,46.36088],[10.1189,46.35718],[10.1131,46.35253],[10.10843,46.35233],[10.10922,46.34604],[10.10595,46.34218],[10.10455,46.33315],[10.11299,46.32329],[10.11659,46.31408],[10.13881,46.30464],[10.13891,46.29957],[10.15427,46.29279],[10.15662,46.28928],[10.15449,46.28537],[10.16247,46.28232],[10.1613,46.27685],[10.16334,46.27145],[10.172,46.26661],[10.17651,46.25828],[10.17492,46.25461],[10.15086,46.23964],[10.14593,46.23048],[10.13231,46.22488],[10.12327,46.22379],[10.10916,46.22572],[10.10347,46.22857],[10.09467,46.22859],[10.08107,46.22545],[10.07035,46.21717],[10.06307,46.2202],[10.0586,46.22498],[10.04379,46.22972],[10.05369,46.23583],[10.05339,46.24126],[10.05705,46.24406],[10.05711,46.24681],[10.06064,46.24826],[10.05875,46.25574],[10.05609,46.25696],[10.05801,46.25822],[10.05552,46.26584],[10.03123,46.27704],[9.99592,46.28493],[9.99173,46.29626],[10.00075,46.30156],[9.99624,46.30731],[9.99974,46.30984],[10.00005,46.31319],[9.99468,46.31388],[9.97993,46.32313],[9.98545,46.33408],[9.99595,46.34222],[9.99458,46.34665],[9.99637,46.35114],[9.9851,46.35164],[9.96451,46.36376],[9.95571,46.37362],[9.95795,46.37894],[9.93446,46.37479],[9.92998,46.37158],[9.93109,46.368],[9.92517,46.36598],[9.92294,46.37064],[9.91689,46.37033],[9.90679,46.38088],[9.88365,46.37341],[9.88058,46.36835],[9.8682,46.36236],[9.86548,46.36465],[9.85616,46.36274],[9.84914,46.36438],[9.84592,46.36179],[9.83266,46.36097],[9.82867,46.35601],[9.81831,46.34968],[9.80939,46.34846],[9.80226,46.34389],[9.78474,46.3408],[9.77686,46.33482],[9.76516,46.33742],[9.75759,46.34452],[9.74738,46.34775],[9.74351,46.3518],[9.73693,46.35092],[9.72295,46.34075],[9.72752,46.33269],[9.71857,46.32656],[9.71735,46.32352],[9.71809,46.32159],[9.7259,46.31968],[9.726,46.31351],[9.72442,46.30986],[9.71815,46.30628],[9.7145,46.29292],[9.70975,46.29191],[9.70201,46.29083],[9.68738,46.29393],[9.68158,46.29702],[9.68124,46.29983],[9.67696,46.30312],[9.67049,46.29993],[9.66894,46.29603],[9.66212,46.29665],[9.6503,46.29207],[9.64982,46.28971],[9.63498,46.28612],[9.61868,46.28736],[9.61036,46.29458],[9.59913,46.29578],[9.59265,46.29355],[9.57817,46.29544],[9.56236,46.30257],[9.56015,46.30616],[9.5552,46.30624],[9.54957,46.30234],[9.53322,46.31269],[9.51849,46.3271],[9.51672,46.3326],[9.51423,46.33234],[9.51148,46.3366],[9.50857,46.3514],[9.50047,46.35607],[9.49641,46.36432],[9.48298,46.36718],[9.47944,46.37113],[9.47578,46.37063],[9.46108,46.37599],[9.46319,46.3802],[9.46118,46.38342],[9.46499,46.38373],[9.469,46.38863],[9.46647,46.39184],[9.46678,46.39835],[9.46172,46.41179],[9.45586,46.41627],[9.45443,46.42078],[9.45708,46.43652],[9.4607,46.44226],[9.45917,46.46308],[9.46472,46.46663],[9.46559,46.4695],[9.46287,46.48049],[9.4497,46.47998],[9.44909,46.48437],[9.46103,46.48484],[9.46271,46.49803],[9.46106,46.50548],[9.46434,46.50801],[9.45854,46.50835],[9.45507,46.50532],[9.43419,46.49791],[9.42469,46.48874],[9.42628,46.48573],[9.42411,46.47612],[9.41342,46.46716],[9.4093,46.46683],[9.38978,46.47309],[9.38523,46.48238],[9.37636,46.48466],[9.36849,46.49409],[9.36969,46.49768],[9.37324,46.49936],[9.37336,46.50394],[9.36238,46.5095],[9.35503,46.50426],[9.33908,46.5038],[9.33707,46.506],[9.31112,46.50413],[9.30506,46.50096],[9.28225,46.49646],[9.27873,46.4875],[9.27421,46.48369],[9.27739,46.4792],[9.27344,46.46601],[9.27799,46.46143],[9.26627,46.45137],[9.247,46.44679],[9.24949,46.43126],[9.26165,46.42429],[9.26363,46.4205],[9.27537,46.41951],[9.27701,46.415],[9.27993,46.41464],[9.28124,46.41194],[9.28253,46.40495],[9.27888,46.40339],[9.28202,46.40157],[9.27583,46.39489],[9.27839,46.38953],[9.28437,46.38508],[9.27512,46.37373],[9.27712,46.37181],[9.27607,46.36776],[9.27875,46.36657],[9.28258,46.35804],[9.29629,46.35558],[9.29776,46.35186],[9.29609,46.3491],[9.29987,46.3436],[9.29211,46.3362],[9.29394,46.33106],[9.29931,46.32724],[9.29531,46.32325],[9.29509,46.31775],[9.28506,46.31443],[9.28157,46.30935],[9.28488,46.29704],[9.27182,46.28927],[9.26831,46.28217],[9.25882,46.27848],[9.25928,46.27295],[9.25698,46.26937],[9.25047,46.26651],[9.2531,46.26198],[9.249,46.25588],[9.25138,46.25101],[9.2482,46.24733],[9.24971,46.24455],[9.24842,46.23377],[9.24584,46.23217],[9.23479,46.23333],[9.22096,46.2291],[9.22293,46.22396],[9.21998,46.22087],[9.2189,46.21443],[9.21429,46.21078],[9.2022,46.20841],[9.19773,46.19615],[9.19484,46.19362],[9.19799,46.18698],[9.19477,46.18395],[9.19465,46.1792],[9.18341,46.17019],[9.16995,46.17185],[9.1534,46.17017],[9.13555,46.18037],[9.1313,46.1848],[9.13109,46.18839],[9.11901,46.20038],[9.08689,46.21428],[9.07961,46.23327],[9.07457,46.23172],[9.07115,46.23574],[9.07603,46.23786],[9.07777,46.26029],[9.07222,46.2677],[9.06365,46.27305],[9.05392,46.2922],[9.05403,46.2948],[9.06048,46.29739],[9.07469,46.31283],[9.07339,46.31786],[9.06433,46.32537],[9.06965,46.33253],[9.06645,46.33636],[9.06932,46.34356],[9.08193,46.34901],[9.08827,46.34919],[9.09259,46.3574],[9.09445,46.36407],[9.09296,46.37082],[9.09563,46.373],[9.08726,46.38882],[9.09622,46.39987],[9.08995,46.40542],[9.10309,46.4127],[9.08902,46.43215],[9.08702,46.44368],[9.09211,46.44879],[9.09508,46.46038],[9.08506,46.47094],[9.08543,46.47539],[9.07374,46.48024],[9.06055,46.4763],[9.05401,46.4768],[9.04646,46.48067],[9.04789,46.4838],[9.04609,46.48706],[9.04025,46.48955],[9.03715,46.49824],[9.0284,46.50358],[9.02209,46.51226],[9.02316,46.51908],[9.02059,46.52781],[9.01719,46.52903],[9.01664,46.53204],[9.02157,46.53387],[9.02296,46.53788],[9.01926,46.54754],[9.02465,46.55533],[9.02324,46.55824],[9.02669,46.56181],[9.02991,46.57133],[9.0354,46.5752],[9.0375,46.58219],[9.04389,46.58337],[9.04281,46.58879],[9.03354,46.59409],[9.0341,46.60002],[9.0272,46.59941],[9.0208,46.60325],[9.01623,46.60321],[9.00625,46.61094],[8.99535,46.61173],[8.98375,46.60881],[8.9731,46.60266],[8.96221,46.60264],[8.9597,46.6107],[8.963,46.61814],[8.95783,46.62987],[8.95279,46.63248],[8.95038,46.62396],[8.94146,46.61849],[8.92302,46.62303],[8.9073,46.6157],[8.90542,46.612],[8.9072,46.6062],[8.91709,46.5966],[8.91537,46.59582],[8.91626,46.59268],[8.91125,46.5887],[8.90368,46.5841],[8.87944,46.57762],[8.87695,46.57466],[8.86295,46.57304],[8.84323,46.56335],[8.83175,46.56392],[8.82968,46.57136],[8.80074,46.56327],[8.75074,46.57621],[8.74422,46.57231],[8.73921,46.57215],[8.72794,46.57709],[8.71733,46.57108],[8.7053,46.57379],[8.70477,46.57712],[8.6984,46.58105],[8.67934,46.57899],[8.67875,46.57918]]]}},{"type":"Feature","properties":{"name":"Jura","cantonId":"jura"},"geometry":{"type":"Polygon","coordinates":[[[7.55222,47.34531],[7.54997,47.34086],[7.53449,47.33455],[7.52777,47.32267],[7.53205,47.32104],[7.55836,47.32236],[7.52347,47.31424],[7.49744,47.30231],[7.48638,47.30213],[7.47605,47.30707],[7.44178,47.30866],[7.42136,47.30683],[7.41302,47.30998],[7.41173,47.31331],[7.37865,47.31498],[7.36516,47.3093],[7.34822,47.30568],[7.3503,47.29963],[7.34126,47.29556],[7.34808,47.29231],[7.39694,47.29767],[7.38976,47.29198],[7.3926,47.2784],[7.38938,47.27481],[7.39357,47.2671],[7.39178,47.2559],[7.37634,47.2561],[7.36874,47.25853],[7.34537,47.24776],[7.34058,47.25503],[7.33842,47.25524],[7.3375,47.25851],[7.34147,47.26286],[7.3374,47.2625],[7.33666,47.26801],[7.3539,47.27111],[7.35403,47.27267],[7.34703,47.2812],[7.33924,47.28227],[7.33547,47.28828],[7.31074,47.28847],[7.2778,47.28417],[7.26099,47.28723],[7.2426,47.28522],[7.23229,47.2882],[7.2102,47.28884],[7.20622,47.29199],[7.20919,47.29471],[7.20601,47.29547],[7.1638,47.29406],[7.16937,47.29086],[7.1647,47.2886],[7.17025,47.28395],[7.1679,47.28135],[7.16869,47.27473],[7.14875,47.26904],[7.14568,47.26532],[7.14898,47.26219],[7.14312,47.25948],[7.14278,47.25575],[7.15148,47.25551],[7.14922,47.25386],[7.1558,47.24755],[7.13977,47.24319],[7.129,47.24502],[7.11149,47.2419],[7.10337,47.24311],[7.09623,47.23704],[7.08842,47.23702],[7.08574,47.23998],[7.08883,47.24158],[7.0852,47.24538],[7.07961,47.24341],[7.07954,47.24777],[7.05984,47.24281],[7.05631,47.23782],[7.05869,47.23119],[7.04691,47.22672],[7.0303,47.20229],[7.02346,47.19571],[6.99644,47.19334],[6.99451,47.18699],[6.98673,47.17749],[6.97989,47.17414],[6.97053,47.18134],[6.95613,47.18066],[6.95218,47.18736],[6.94144,47.18454],[6.93822,47.17517],[6.9299,47.16936],[6.91668,47.16434],[6.90611,47.15716],[6.88374,47.15041],[6.87964,47.15428],[6.87989,47.15847],[6.87689,47.16087],[6.87198,47.17413],[6.86091,47.16552],[6.84454,47.16676],[6.84092,47.17128],[6.86402,47.18043],[6.86729,47.18535],[6.87389,47.18531],[6.87407,47.191],[6.88071,47.20056],[6.90715,47.21469],[6.90998,47.2182],[6.92384,47.2221],[6.92794,47.22867],[6.94085,47.23154],[6.94314,47.23791],[6.95568,47.24311],[6.94737,47.25072],[6.94662,47.25414],[6.9512,47.25983],[6.95013,47.26606],[6.95203,47.26991],[6.94086,47.28654],[6.94903,47.2916],[6.9737,47.29132],[6.97644,47.29631],[6.99599,47.29573],[7.00373,47.30158],[7.00758,47.30101],[7.0162,47.31468],[7.01301,47.3202],[7.00931,47.32031],[7.01001,47.32453],[7.03386,47.32831],[7.04566,47.3265],[7.05698,47.33441],[7.05295,47.33669],[7.05982,47.33974],[7.06241,47.34411],[7.0499,47.34771],[7.05284,47.35155],[7.04941,47.36185],[7.04314,47.36427],[7.03486,47.36335],[7.0341,47.36967],[7.02016,47.37034],[7.01559,47.37292],[7.01313,47.37144],[7.01219,47.37289],[7.00742,47.36812],[6.9964,47.36362],[6.9843,47.36367],[6.97461,47.36015],[6.93313,47.35845],[6.9241,47.35519],[6.90279,47.35957],[6.89966,47.35772],[6.89567,47.35867],[6.88698,47.3533],[6.87931,47.35258],[6.87938,47.35779],[6.88494,47.36744],[6.88362,47.37287],[6.89584,47.3799],[6.89512,47.38171],[6.90514,47.38253],[6.91353,47.38809],[6.90933,47.3961],[6.91551,47.39716],[6.91779,47.40319],[6.91327,47.40458],[6.91973,47.40664],[6.92065,47.40508],[6.93845,47.40609],[6.94157,47.41571],[6.94032,47.43333],[6.96373,47.4358],[6.97031,47.44712],[6.981,47.44924],[6.99021,47.44798],[7.0022,47.45417],[6.99756,47.45643],[6.99791,47.45985],[7.00131,47.46193],[7.00051,47.46721],[6.99173,47.4664],[6.99301,47.47114],[6.98646,47.47634],[6.98867,47.4869],[6.98645,47.49215],[6.98266,47.49366],[7.00376,47.50075],[7.02496,47.5043],[7.03696,47.49752],[7.04456,47.49845],[7.05245,47.49512],[7.06079,47.49539],[7.07209,47.49238],[7.07487,47.48819],[7.09425,47.49544],[7.11255,47.49511],[7.12802,47.50388],[7.15044,47.49732],[7.1623,47.49001],[7.17312,47.48976],[7.20099,47.49428],[7.20301,47.4914],[7.19088,47.48851],[7.17751,47.46806],[7.17835,47.45855],[7.17022,47.44299],[7.19254,47.43901],[7.19581,47.43543],[7.20671,47.43485],[7.22294,47.43983],[7.23346,47.43863],[7.2389,47.43329],[7.23755,47.43059],[7.23904,47.42852],[7.2458,47.42653],[7.24657,47.42034],[7.25546,47.42453],[7.26972,47.427],[7.28192,47.43481],[7.29267,47.43337],[7.30242,47.43865],[7.32727,47.44005],[7.32622,47.43206],[7.34002,47.42978],[7.3442,47.42442],[7.35802,47.41816],[7.35732,47.41501],[7.38407,47.41236],[7.38871,47.40302],[7.39594,47.40339],[7.39895,47.39684],[7.41452,47.3943],[7.41367,47.38943],[7.41629,47.38481],[7.41168,47.38059],[7.4337,47.37943],[7.43734,47.38089],[7.43614,47.37811],[7.44019,47.38028],[7.45484,47.37222],[7.46329,47.3703],[7.52374,47.37207],[7.52465,47.36981],[7.52176,47.36515],[7.53324,47.36221],[7.53384,47.35966],[7.53967,47.36012],[7.54147,47.35574],[7.53688,47.35019],[7.53892,47.34763],[7.5514,47.34537],[7.55222,47.34531]]]}},{"type":"Feature","properties":{"name":"Lucerne","cantonId":"lucerne"},"geometry":{"type":"Polygon","coordinates":[[[8.04694,46.78711],[8.03139,46.79024],[8.02071,46.78906],[7.99575,46.78176],[7.99409,46.77888],[7.98512,46.77503],[7.97572,46.7773],[7.96871,46.78512],[7.95405,46.7912],[7.95245,46.79315],[7.95384,46.79577],[7.94675,46.80525],[7.92877,46.81646],[7.87708,46.83706],[7.87045,46.84385],[7.86762,46.85036],[7.8673,46.85868],[7.8695,46.86434],[7.86469,46.86628],[7.86427,46.86955],[7.85727,46.87145],[7.85662,46.88348],[7.87306,46.88967],[7.87534,46.89576],[7.8818,46.89965],[7.8798,46.90126],[7.88312,46.90663],[7.88027,46.9108],[7.86703,46.91477],[7.87267,46.92429],[7.89751,46.93463],[7.90793,46.93268],[7.91527,46.93463],[7.92087,46.94181],[7.92169,46.94673],[7.93166,46.95051],[7.93225,46.96165],[7.94613,46.96885],[7.94392,46.97718],[7.95249,46.98173],[7.94839,46.99406],[7.95621,47.00342],[7.95009,47.00704],[7.93267,47.00424],[7.92288,47.01055],[7.90183,47.00625],[7.89694,47.01303],[7.90054,47.01797],[7.89476,47.02216],[7.89238,47.0301],[7.88408,47.03327],[7.8816,47.04059],[7.87477,47.04096],[7.86645,47.04979],[7.86813,47.05184],[7.86621,47.05419],[7.87391,47.0617],[7.87122,47.06245],[7.87163,47.06483],[7.87729,47.07158],[7.87613,47.07345],[7.87897,47.0788],[7.87671,47.07965],[7.88015,47.08126],[7.87831,47.08225],[7.88165,47.08875],[7.87791,47.09294],[7.87952,47.09552],[7.8736,47.09784],[7.8762,47.10165],[7.87292,47.1043],[7.87496,47.10943],[7.86816,47.11197],[7.87005,47.1159],[7.86693,47.1166],[7.86712,47.1195],[7.87021,47.12282],[7.88619,47.12858],[7.8865,47.13168],[7.88981,47.13203],[7.88848,47.13443],[7.89059,47.13762],[7.89011,47.14072],[7.87967,47.1494],[7.8763,47.15601],[7.87682,47.16704],[7.88329,47.17319],[7.87588,47.18322],[7.85997,47.19237],[7.85995,47.19867],[7.84915,47.20979],[7.84692,47.21723],[7.83666,47.2238],[7.83919,47.23563],[7.85322,47.23242],[7.86741,47.23729],[7.90998,47.24394],[7.92118,47.23791],[7.93349,47.23589],[7.96189,47.25406],[7.95166,47.26569],[7.94917,47.27254],[7.95065,47.27478],[7.95603,47.27686],[7.97346,47.27448],[7.9869,47.27602],[7.99531,47.28155],[8.0048,47.27437],[8.00523,47.2693],[8.01682,47.25932],[8.0158,47.24413],[8.02917,47.24056],[8.03011,47.24222],[8.06299,47.24667],[8.05658,47.25544],[8.07267,47.25505],[8.07838,47.26004],[8.08829,47.26288],[8.09879,47.26019],[8.10594,47.2521],[8.1091,47.24454],[8.11959,47.24385],[8.12442,47.24137],[8.13559,47.24694],[8.16027,47.24883],[8.17491,47.25353],[8.18076,47.24739],[8.1761,47.24053],[8.17112,47.24017],[8.16979,47.24195],[8.15595,47.23942],[8.15594,47.23781],[8.16188,47.23615],[8.15971,47.23313],[8.16558,47.22844],[8.17412,47.22749],[8.17279,47.22504],[8.176,47.2219],[8.18472,47.22237],[8.19403,47.2263],[8.20506,47.22598],[8.20276,47.23001],[8.20578,47.23826],[8.20449,47.24263],[8.20774,47.24733],[8.21975,47.25216],[8.22859,47.27341],[8.24239,47.27231],[8.24224,47.27872],[8.24867,47.2812],[8.25073,47.28608],[8.25872,47.28719],[8.26174,47.28254],[8.27069,47.28347],[8.27322,47.28064],[8.27865,47.28212],[8.30027,47.27148],[8.29445,47.26557],[8.29603,47.25941],[8.30115,47.25226],[8.30486,47.25239],[8.31173,47.24545],[8.31484,47.23973],[8.317,47.22497],[8.32093,47.22113],[8.31946,47.21561],[8.32521,47.21471],[8.3288,47.20788],[8.33028,47.19768],[8.33969,47.18613],[8.33799,47.18403],[8.34095,47.17376],[8.34646,47.16997],[8.34912,47.166],[8.34762,47.16454],[8.35837,47.15661],[8.36218,47.14609],[8.37483,47.14304],[8.37609,47.13925],[8.4053,47.13747],[8.41222,47.14056],[8.41677,47.13055],[8.41436,47.12618],[8.41785,47.12238],[8.43041,47.12331],[8.44162,47.12947],[8.44956,47.13101],[8.45412,47.11369],[8.46586,47.11706],[8.48038,47.12632],[8.49374,47.11373],[8.49305,47.10017],[8.47627,47.10613],[8.47341,47.11226],[8.46435,47.11096],[8.45001,47.11442],[8.4483,47.1112],[8.43998,47.11067],[8.43715,47.10893],[8.43737,47.10625],[8.42424,47.10382],[8.41002,47.09349],[8.41069,47.08593],[8.40701,47.07944],[8.38875,47.06974],[8.39053,47.06132],[8.39924,47.05944],[8.43024,47.06541],[8.44139,47.06308],[8.44599,47.06034],[8.44448,47.05925],[8.44593,47.05826],[8.46993,47.04748],[8.50125,47.02431],[8.5135,47.02168],[8.51355,47.01255],[8.50905,47.00449],[8.50077,47.0009],[8.4736,46.99554],[8.46817,46.99652],[8.46907,47.00928],[8.42799,47.0172],[8.42601,46.99814],[8.39635,47.00087],[8.38559,46.99831],[8.3827,47.00137],[8.38471,47.00291],[8.3838,47.01771],[8.36852,47.01995],[8.33446,46.989],[8.31885,46.99956],[8.29479,46.99814],[8.28887,46.99459],[8.278,46.99797],[8.2655,46.99818],[8.25526,46.99414],[8.24838,46.98743],[8.24397,46.98601],[8.23772,46.99183],[8.22807,46.99261],[8.2181,46.98109],[8.22888,46.97314],[8.2289,46.97001],[8.20303,46.96693],[8.18734,46.97174],[8.1568,46.96124],[8.15011,46.95752],[8.1511,46.95287],[8.16475,46.93884],[8.13466,46.92225],[8.11754,46.9031],[8.11275,46.89377],[8.10761,46.89489],[8.10644,46.89844],[8.10855,46.90827],[8.09479,46.91197],[8.08585,46.90607],[8.0826,46.89917],[8.06983,46.89572],[8.06969,46.89076],[8.06701,46.88782],[8.07101,46.88155],[8.0716,46.87371],[8.06913,46.87122],[8.0697,46.86879],[8.06599,46.86697],[8.06728,46.86242],[8.06497,46.85873],[8.05752,46.85748],[8.05895,46.85343],[8.05599,46.8493],[8.04577,46.84417],[8.0422,46.83648],[8.06449,46.80806],[8.06387,46.80298],[8.05531,46.79916],[8.0561,46.79294],[8.04935,46.78823],[8.04694,46.78711]]]}},{"type":"Feature","properties":{"name":"Neuchâtel","cantonId":"neuchatel"},"geometry":{"type":"Polygon","coordinates":[[[7.04017,46.97985],[7.00243,46.98691],[6.9282,46.9534],[6.89624,46.92549],[6.8657,46.90958],[6.77983,46.85297],[6.75526,46.87047],[6.74001,46.87199],[6.73251,46.86832],[6.74069,46.88333],[6.73801,46.88457],[6.74012,46.89482],[6.71671,46.90608],[6.71754,46.91587],[6.72371,46.93112],[6.72041,46.93333],[6.72083,46.9361],[6.66852,46.92057],[6.64723,46.91071],[6.64549,46.90617],[6.62711,46.88871],[6.61464,46.88892],[6.59863,46.88363],[6.58764,46.88432],[6.55144,46.8728],[6.53777,46.86686],[6.52332,46.85657],[6.48211,46.8466],[6.46653,46.84784],[6.46537,46.85084],[6.46004,46.85131],[6.46462,46.89037],[6.45793,46.9008],[6.43589,46.92165],[6.4327,46.92869],[6.45354,46.93875],[6.47776,46.96179],[6.49649,46.97415],[6.50482,46.9657],[6.5189,46.97099],[6.57319,46.98243],[6.59312,46.99181],[6.61798,46.99166],[6.63359,46.99816],[6.64037,47.00282],[6.65911,47.02729],[6.67827,47.03559],[6.69655,47.03731],[6.71918,47.05119],[6.71126,47.05408],[6.70882,47.05807],[6.7004,47.05935],[6.69152,47.06668],[6.69342,47.06894],[6.70116,47.07012],[6.70658,47.07466],[6.70522,47.0764],[6.70755,47.07946],[6.70274,47.08215],[6.72589,47.09195],[6.732,47.08947],[6.74158,47.09093],[6.74674,47.09782],[6.74147,47.10422],[6.74056,47.10963],[6.74686,47.11],[6.76473,47.12039],[6.77598,47.12137],[6.80606,47.13072],[6.80809,47.13538],[6.81573,47.13593],[6.82837,47.1465],[6.83933,47.14998],[6.8404,47.1539],[6.84992,47.15644],[6.85861,47.16551],[6.8615,47.16564],[6.88881,47.13114],[6.88101,47.1084],[6.8718,47.10287],[6.86687,47.08512],[6.91574,47.10379],[6.92984,47.1126],[6.93635,47.10873],[6.93992,47.10916],[6.9476,47.11229],[6.99597,47.11889],[7.00777,47.12423],[7.0256,47.12414],[7.03109,47.12732],[7.03998,47.12465],[7.0235,47.1122],[7.02874,47.10368],[7.04062,47.10901],[7.05715,47.09969],[7.07569,47.09627],[7.08683,47.0857],[7.08706,47.08155],[7.07701,47.07596],[7.08053,47.07321],[7.08034,47.06717],[7.08316,47.06636],[7.08177,47.0646],[7.08766,47.05974],[7.07609,47.05056],[7.06507,47.04491],[7.05059,47.04232],[7.03925,47.03629],[7.03349,47.03034],[7.03329,47.01589],[7.02512,47.00607],[7.03937,46.98126],[7.04017,46.97985]]]}},{"type":"Feature","properties":{"name":"Nidwalden","cantonId":"nidwalden"},"geometry":{"type":"Polygon","coordinates":[[[8.57105,46.99015],[8.57454,46.98235],[8.56852,46.97557],[8.56222,46.97292],[8.56306,46.97021],[8.56024,46.96558],[8.55483,46.96263],[8.55734,46.94752],[8.55564,46.94111],[8.55883,46.9404],[8.54358,46.93934],[8.54768,46.93481],[8.54406,46.92785],[8.53172,46.92353],[8.51984,46.92283],[8.51533,46.91797],[8.50279,46.91442],[8.49812,46.91875],[8.4861,46.91847],[8.48127,46.90852],[8.46427,46.90473],[8.45831,46.89877],[8.46767,46.89755],[8.47407,46.89342],[8.47298,46.89147],[8.4791,46.88251],[8.4672,46.87624],[8.47135,46.86812],[8.46791,46.86064],[8.47084,46.85484],[8.43912,46.85352],[8.43,46.85022],[8.42019,46.85198],[8.4188,46.86275],[8.41283,46.86984],[8.40601,46.86542],[8.39871,46.86473],[8.38428,46.85442],[8.38134,46.85658],[8.37478,46.84791],[8.37506,46.85799],[8.37836,46.86256],[8.38468,46.86597],[8.38023,46.87037],[8.38202,46.87199],[8.38011,46.87402],[8.37342,46.87449],[8.37017,46.87175],[8.36936,46.86761],[8.36413,46.86732],[8.36176,46.86187],[8.36392,46.85948],[8.37082,46.8595],[8.37075,46.85183],[8.36832,46.84976],[8.37061,46.83601],[8.37756,46.82348],[8.37385,46.81621],[8.38781,46.81256],[8.38866,46.80934],[8.38481,46.80368],[8.39654,46.79545],[8.40165,46.79557],[8.40802,46.79077],[8.41955,46.78906],[8.42488,46.78106],[8.42641,46.77444],[8.41658,46.77839],[8.39523,46.77151],[8.39117,46.77779],[8.38232,46.78018],[8.37736,46.78582],[8.34435,46.79997],[8.34329,46.80453],[8.33923,46.80538],[8.32318,46.81833],[8.32292,46.82215],[8.33522,46.82843],[8.33594,46.8331],[8.33226,46.83365],[8.33258,46.83782],[8.32791,46.84687],[8.33084,46.85667],[8.33456,46.86124],[8.33424,46.86725],[8.32965,46.87142],[8.32838,46.87797],[8.33814,46.89069],[8.33629,46.90303],[8.34348,46.91489],[8.3384,46.91836],[8.34124,46.92618],[8.33813,46.92931],[8.30964,46.9243],[8.30008,46.93023],[8.2883,46.93388],[8.29865,46.94621],[8.30992,46.95221],[8.30617,46.95571],[8.31098,46.96897],[8.30717,46.97591],[8.30135,46.97765],[8.28187,46.9758],[8.27252,46.9786],[8.26249,46.9781],[8.26086,46.98036],[8.25426,46.98011],[8.24412,46.97429],[8.22888,46.97314],[8.2181,46.98109],[8.22807,46.99261],[8.23772,46.99183],[8.24397,46.98601],[8.24838,46.98743],[8.25526,46.99414],[8.2655,46.99818],[8.278,46.99797],[8.28887,46.99459],[8.29479,46.99814],[8.31885,46.99956],[8.33446,46.989],[8.36852,47.01995],[8.3838,47.01771],[8.38471,47.00291],[8.3827,47.00137],[8.38559,46.99831],[8.39635,47.00087],[8.42601,46.99814],[8.42799,47.0172],[8.46907,47.00928],[8.46524,46.98426],[8.49663,46.97642],[8.51937,46.97981],[8.5427,46.97959],[8.56154,46.98661],[8.57105,46.99015]]]}},{"type":"Feature","properties":{"name":"Obwalden","cantonId":"obwalden"},"geometry":{"type":"MultiPolygon","coordinates":[[[[8.04694,46.78711],[8.0561,46.79294],[8.05489,46.79863],[8.06387,46.80298],[8.06449,46.80806],[8.0422,46.83648],[8.04577,46.84417],[8.05599,46.8493],[8.05895,46.85343],[8.05752,46.85748],[8.06497,46.85873],[8.06728,46.86242],[8.06599,46.86697],[8.0697,46.86879],[8.06913,46.87122],[8.0716,46.87371],[8.07101,46.88155],[8.06701,46.88782],[8.06969,46.89076],[8.06983,46.89572],[8.0826,46.89917],[8.08585,46.90607],[8.09479,46.91197],[8.10855,46.90827],[8.10644,46.89844],[8.10761,46.89489],[8.11275,46.89377],[8.11754,46.9031],[8.13466,46.92225],[8.16475,46.93884],[8.1511,46.95287],[8.15001,46.95692],[8.16454,46.96466],[8.18193,46.96852],[8.18734,46.97174],[8.20225,46.96697],[8.22704,46.96922],[8.22987,46.97372],[8.24412,46.97429],[8.25426,46.98011],[8.28187,46.9758],[8.30135,46.97765],[8.30717,46.97591],[8.31098,46.96897],[8.30617,46.95571],[8.30992,46.95221],[8.29865,46.94621],[8.2883,46.93388],[8.30008,46.93023],[8.30964,46.9243],[8.33813,46.92931],[8.34124,46.92618],[8.3384,46.91836],[8.34348,46.91489],[8.33629,46.90303],[8.33814,46.89069],[8.32838,46.87797],[8.32965,46.87142],[8.33424,46.86725],[8.33456,46.86124],[8.33084,46.85667],[8.32791,46.84687],[8.33258,46.83782],[8.33226,46.83365],[8.33594,46.8331],[8.33522,46.82843],[8.32214,46.82021],[8.32632,46.81487],[8.34329,46.80453],[8.34435,46.79997],[8.36194,46.79318],[8.36894,46.78792],[8.35992,46.78296],[8.33189,46.77991],[8.30663,46.76418],[8.29825,46.76222],[8.28349,46.75316],[8.2687,46.7543],[8.25939,46.76381],[8.24029,46.7695],[8.23355,46.76172],[8.22198,46.76106],[8.208,46.76945],[8.19631,46.76792],[8.1898,46.77031],[8.1721,46.76413],[8.16794,46.76535],[8.16313,46.7613],[8.14695,46.75483],[8.12183,46.77037],[8.11125,46.77381],[8.10235,46.77379],[8.09956,46.77827],[8.09078,46.78436],[8.09005,46.78764],[8.07733,46.78593],[8.06902,46.78864],[8.05983,46.78639],[8.05029,46.78833],[8.04694,46.78711]]],[[[8.39523,46.77151],[8.41658,46.77839],[8.42641,46.77444],[8.42638,46.77714],[8.41955,46.78906],[8.40802,46.79077],[8.40165,46.79557],[8.39654,46.79545],[8.38481,46.80368],[8.38866,46.80934],[8.38781,46.81256],[8.37385,46.81621],[8.37756,46.82348],[8.37061,46.83601],[8.36832,46.84976],[8.37075,46.85183],[8.37082,46.8595],[8.36392,46.85948],[8.36131,46.86251],[8.36413,46.86732],[8.36936,46.86761],[8.37273,46.87418],[8.38039,46.87388],[8.38202,46.87199],[8.38023,46.87037],[8.38468,46.86597],[8.37836,46.86256],[8.37506,46.85799],[8.37478,46.84791],[8.38134,46.85658],[8.38428,46.85442],[8.39871,46.86473],[8.40601,46.86542],[8.41283,46.86984],[8.4188,46.86275],[8.42019,46.85198],[8.43,46.85022],[8.43912,46.85352],[8.47457,46.85454],[8.48005,46.85724],[8.4902,46.85303],[8.49788,46.85372],[8.50689,46.84547],[8.50437,46.84117],[8.48897,46.83565],[8.48632,46.83203],[8.48342,46.82701],[8.48369,46.81986],[8.47813,46.81371],[8.48324,46.80875],[8.48198,46.80325],[8.47232,46.79937],[8.46427,46.80053],[8.47133,46.79552],[8.48114,46.79842],[8.48194,46.79389],[8.47856,46.78927],[8.4883,46.78146],[8.49144,46.77252],[8.47409,46.7677],[8.46036,46.76909],[8.44833,46.76341],[8.44613,46.76641],[8.44662,46.77026],[8.43612,46.77249],[8.42268,46.77042],[8.42109,46.77278],[8.41464,46.77431],[8.4008,46.76644],[8.39639,46.76549],[8.39587,46.7685],[8.39523,46.77151]]]]}},{"type":"Feature","properties":{"name":"Schaffhausen","cantonId":"schaffhausen"},"geometry":{"type":"MultiPolygon","coordinates":[[[[8.6634,47.68578],[8.64326,47.69435],[8.62511,47.69167],[8.62633,47.67782],[8.61932,47.67505],[8.61364,47.67856],[8.60619,47.66866],[8.60661,47.67215],[8.59797,47.67272],[8.5933,47.66679],[8.58726,47.66625],[8.57767,47.66151],[8.56475,47.66526],[8.56371,47.67004],[8.5544,47.6694],[8.53996,47.66507],[8.53887,47.66277],[8.54164,47.65679],[8.53446,47.65935],[8.53345,47.66312],[8.52694,47.66045],[8.53462,47.64969],[8.53179,47.64575],[8.49333,47.64694],[8.49435,47.64207],[8.4924,47.64209],[8.48742,47.64507],[8.4828,47.64409],[8.48039,47.64923],[8.47642,47.6501],[8.47307,47.64827],[8.47771,47.64465],[8.47103,47.64235],[8.47805,47.63976],[8.4735,47.6384],[8.46711,47.64154],[8.46373,47.64846],[8.46714,47.65603],[8.46597,47.65724],[8.45729,47.65273],[8.45366,47.65477],[8.44512,47.65386],[8.42364,47.66686],[8.41221,47.66633],[8.40622,47.67301],[8.40636,47.67622],[8.40895,47.67882],[8.4162,47.67978],[8.42079,47.68387],[8.41198,47.6944],[8.40641,47.69556],[8.40464,47.69803],[8.41712,47.71018],[8.42609,47.71129],[8.43647,47.71819],[8.44166,47.71789],[8.44018,47.71974],[8.44534,47.72306],[8.45494,47.72245],[8.4546,47.72711],[8.45712,47.73016],[8.45263,47.73084],[8.45077,47.74016],[8.45584,47.74279],[8.45713,47.74994],[8.46618,47.75332],[8.47314,47.76407],[8.48494,47.77138],[8.48901,47.77321],[8.49647,47.7709],[8.51031,47.77619],[8.5202,47.77052],[8.52647,47.77801],[8.53246,47.77802],[8.55291,47.78463],[8.56331,47.78057],[8.56288,47.77789],[8.57732,47.78166],[8.57495,47.78962],[8.56199,47.79259],[8.56306,47.80378],[8.56802,47.80845],[8.57309,47.80606],[8.57539,47.7996],[8.58774,47.80265],[8.59285,47.7987],[8.60085,47.80301],[8.61142,47.8019],[8.61859,47.79832],[8.6179,47.79604],[8.62214,47.79485],[8.6205,47.78894],[8.61576,47.78714],[8.61509,47.78397],[8.61878,47.77814],[8.62336,47.77727],[8.61944,47.76765],[8.62831,47.75918],[8.63166,47.75818],[8.64056,47.76434],[8.64447,47.7643],[8.64756,47.76696],[8.64534,47.76852],[8.65296,47.7734],[8.6481,47.77406],[8.64991,47.78246],[8.64545,47.78722],[8.64574,47.79071],[8.6496,47.79846],[8.65685,47.80044],[8.6603,47.79632],[8.65741,47.79174],[8.66231,47.79176],[8.66757,47.78769],[8.67623,47.78576],[8.68102,47.7866],[8.6832,47.7773],[8.68862,47.77352],[8.68358,47.7706],[8.6887,47.75836],[8.69512,47.75571],[8.70146,47.76087],[8.71406,47.7654],[8.72732,47.76227],[8.7308,47.75961],[8.72895,47.75796],[8.74113,47.75198],[8.73953,47.74652],[8.72362,47.74565],[8.72023,47.741],[8.7146,47.73858],[8.71115,47.73014],[8.71793,47.72162],[8.72482,47.72128],[8.7363,47.71633],[8.73219,47.71176],[8.72772,47.70044],[8.72802,47.69276],[8.71786,47.69069],[8.71762,47.69493],[8.71139,47.69633],[8.7118,47.70174],[8.70464,47.71342],[8.70128,47.71519],[8.68967,47.71171],[8.69032,47.70945],[8.68633,47.70857],[8.67993,47.71056],[8.68133,47.71241],[8.67137,47.711],[8.66466,47.71336],[8.66602,47.70786],[8.67357,47.70488],[8.6764,47.69809],[8.66838,47.69209],[8.6586,47.69134],[8.66405,47.68815],[8.66379,47.68647],[8.6634,47.68578]]],[[[8.87539,47.65495],[8.86532,47.6561],[8.85794,47.65008],[8.84937,47.65101],[8.84563,47.65306],[8.85457,47.66067],[8.8415,47.66446],[8.8384,47.67023],[8.83089,47.67434],[8.80387,47.67836],[8.79605,47.67534],[8.79352,47.6801],[8.79708,47.68843],[8.8001,47.69185],[8.8101,47.69335],[8.80633,47.69651],[8.79759,47.69721],[8.79759,47.70285],[8.79396,47.70424],[8.76934,47.70684],[8.77286,47.71322],[8.7703,47.71503],[8.77013,47.7191],[8.77479,47.71907],[8.77734,47.72086],[8.77631,47.72272],[8.78077,47.72166],[8.78483,47.72735],[8.79181,47.7288],[8.79919,47.72712],[8.79656,47.73455],[8.80667,47.73828],[8.80854,47.73121],[8.81217,47.73042],[8.8048,47.72452],[8.8127,47.72376],[8.81853,47.71764],[8.82625,47.71786],[8.81904,47.71277],[8.82552,47.711],[8.83358,47.71456],[8.84317,47.71215],[8.84576,47.71115],[8.84833,47.70337],[8.8666,47.70547],[8.87273,47.70407],[8.86968,47.70187],[8.87614,47.69685],[8.87339,47.69396],[8.86327,47.6924],[8.8663,47.69638],[8.86322,47.69843],[8.86061,47.69626],[8.85807,47.69874],[8.85153,47.69762],[8.8508,47.69465],[8.85771,47.69265],[8.85635,47.68909],[8.85108,47.68559],[8.85041,47.68175],[8.86057,47.6803],[8.86788,47.67589],[8.87371,47.66978],[8.87543,47.65667],[8.87539,47.65495]]],[[[8.56308,47.59945],[8.56664,47.59714],[8.57151,47.59814],[8.57486,47.59551],[8.58257,47.59614],[8.58431,47.59978],[8.59132,47.60229],[8.59274,47.60615],[8.59572,47.60561],[8.59506,47.59781],[8.57896,47.59012],[8.57711,47.58506],[8.58005,47.577],[8.57194,47.57429],[8.56739,47.56234],[8.55769,47.55249],[8.55144,47.5555],[8.54839,47.56428],[8.5416,47.56992],[8.54622,47.57131],[8.54639,47.57416],[8.53498,47.57528],[8.54014,47.5782],[8.53356,47.58215],[8.537,47.58343],[8.53535,47.58711],[8.54667,47.59244],[8.55549,47.59396],[8.55629,47.59763],[8.56187,47.59914],[8.56308,47.59945]]]]}},{"type":"Feature","properties":{"name":"Schwyz","cantonId":"schwyz"},"geometry":{"type":"Polygon","coordinates":[[[8.93538,46.91985],[8.91132,46.91072],[8.90746,46.90747],[8.90166,46.90779],[8.89518,46.90292],[8.88698,46.90235],[8.87443,46.89497],[8.86184,46.89474],[8.86145,46.89163],[8.85362,46.88528],[8.84784,46.89099],[8.84881,46.91276],[8.84708,46.91377],[8.84269,46.90945],[8.83612,46.90767],[8.82779,46.91934],[8.83008,46.93046],[8.82677,46.93571],[8.81419,46.93862],[8.8107,46.94145],[8.79797,46.93673],[8.79197,46.93077],[8.78775,46.93035],[8.77785,46.93313],[8.77448,46.93967],[8.77093,46.9415],[8.74913,46.93367],[8.74597,46.93534],[8.74363,46.93236],[8.73743,46.93237],[8.72853,46.92835],[8.71768,46.91848],[8.70766,46.91718],[8.69856,46.92428],[8.69654,46.92879],[8.70032,46.93264],[8.69981,46.9348],[8.69296,46.94697],[8.66958,46.94407],[8.64544,46.94903],[8.62739,46.94981],[8.6224,46.95272],[8.6044,46.95196],[8.60119,46.97523],[8.60414,46.98232],[8.60315,46.98683],[8.59715,46.9902],[8.58243,46.9934],[8.5427,46.97959],[8.51937,46.97981],[8.49663,46.97642],[8.46524,46.98426],[8.46817,46.99652],[8.48312,46.99674],[8.50905,47.00449],[8.51355,47.01255],[8.5135,47.02168],[8.50125,47.02431],[8.46993,47.04748],[8.44593,47.05826],[8.44448,47.05925],[8.44599,47.06034],[8.43952,47.0637],[8.43024,47.06541],[8.39924,47.05944],[8.39053,47.06132],[8.38892,47.07038],[8.40701,47.07944],[8.41069,47.08593],[8.41002,47.09349],[8.4226,47.10298],[8.43737,47.10625],[8.4375,47.10931],[8.44843,47.11125],[8.45001,47.11442],[8.46435,47.11096],[8.47366,47.1122],[8.47627,47.10613],[8.52195,47.08985],[8.53988,47.09199],[8.54421,47.09445],[8.56247,47.09375],[8.56488,47.08726],[8.56251,47.0829],[8.56567,47.08103],[8.59011,47.0864],[8.59379,47.09062],[8.60746,47.09199],[8.60871,47.09445],[8.63725,47.09332],[8.64492,47.09585],[8.64549,47.09962],[8.66056,47.11183],[8.65981,47.11467],[8.67183,47.11568],[8.67073,47.11912],[8.68183,47.12506],[8.68605,47.13126],[8.68438,47.13309],[8.68752,47.13455],[8.68422,47.14042],[8.68851,47.14608],[8.70117,47.15094],[8.69877,47.15286],[8.69583,47.16293],[8.69221,47.16339],[8.69136,47.16901],[8.68311,47.17349],[8.68034,47.17923],[8.68107,47.18407],[8.69419,47.19635],[8.70262,47.19814],[8.70405,47.2023],[8.7101,47.20042],[8.71311,47.20303],[8.74054,47.21157],[8.79338,47.22256],[8.80861,47.22008],[8.82228,47.21167],[8.83972,47.20821],[8.93673,47.21794],[8.95571,47.21627],[8.96794,47.21751],[8.97274,47.2152],[8.9743,47.2128],[8.96922,47.21182],[8.96534,47.19816],[8.95749,47.19944],[8.96198,47.17946],[8.97037,47.1788],[8.97397,47.18228],[8.98242,47.18301],[8.99485,47.17918],[8.9976,47.17785],[8.99635,47.17652],[9.00472,47.17326],[8.99163,47.16216],[8.97379,47.14036],[8.96739,47.13663],[8.9693,47.1305],[8.96517,47.12211],[8.97369,47.11509],[8.96925,47.10868],[8.97128,47.10463],[8.9597,47.1002],[8.95388,47.09148],[8.97599,47.0857],[8.96643,47.08141],[8.9651,47.07817],[8.96083,47.07625],[8.96177,47.07137],[8.95111,47.06085],[8.94807,47.04935],[8.92201,47.03829],[8.91463,47.03992],[8.90315,47.03853],[8.90052,47.03553],[8.90362,47.02726],[8.89299,47.02363],[8.89495,47.02089],[8.91048,47.01704],[8.91163,47.00876],[8.91554,47.00742],[8.91888,47.00155],[8.92866,46.99733],[8.93767,46.98642],[8.9415,46.98758],[8.94092,46.98471],[8.93225,46.9823],[8.9457,46.96716],[8.94985,46.96953],[8.94873,46.96821],[8.95567,46.96294],[8.97164,46.95986],[8.96237,46.95381],[8.96127,46.94725],[8.95533,46.93892],[8.95721,46.93382],[8.964,46.92901],[8.96319,46.92672],[8.9482,46.92538],[8.93554,46.9199],[8.93538,46.91985]]]}},{"type":"Feature","properties":{"name":"Solothurn","cantonId":"solothurn"},"geometry":{"type":"MultiPolygon","coordinates":[[[[7.55836,47.32236],[7.56172,47.32143],[7.56874,47.32434],[7.57193,47.32935],[7.56047,47.34249],[7.53892,47.34763],[7.53688,47.35019],[7.54147,47.35574],[7.53967,47.36012],[7.53384,47.35966],[7.53324,47.36221],[7.52176,47.36515],[7.52465,47.36981],[7.52374,47.37207],[7.46329,47.3703],[7.45484,47.37222],[7.44019,47.38028],[7.43614,47.37811],[7.43906,47.38602],[7.44363,47.38897],[7.44133,47.40018],[7.44347,47.40232],[7.44966,47.3998],[7.44973,47.40363],[7.45464,47.4042],[7.45765,47.40121],[7.47739,47.40121],[7.47912,47.38974],[7.50083,47.38459],[7.51131,47.38975],[7.51863,47.38823],[7.52138,47.39121],[7.53119,47.40353],[7.52525,47.41164],[7.5431,47.41404],[7.58076,47.41471],[7.56824,47.42238],[7.5689,47.4369],[7.57844,47.43491],[7.57767,47.43244],[7.58012,47.43205],[7.58122,47.42878],[7.59209,47.43271],[7.60217,47.43125],[7.61582,47.43275],[7.61648,47.44524],[7.62262,47.45715],[7.62219,47.46195],[7.62609,47.46292],[7.61889,47.46746],[7.60451,47.47045],[7.60817,47.47522],[7.60621,47.47556],[7.60566,47.4792],[7.60885,47.4834],[7.60732,47.4894],[7.64098,47.48274],[7.64444,47.48564],[7.65594,47.4874],[7.65053,47.48826],[7.65541,47.49021],[7.64866,47.49183],[7.65219,47.49582],[7.66614,47.49687],[7.66544,47.49149],[7.66834,47.48635],[7.69978,47.48063],[7.70989,47.46939],[7.69994,47.46193],[7.69826,47.45535],[7.6922,47.45416],[7.68487,47.44785],[7.68299,47.43872],[7.68659,47.43367],[7.67982,47.41752],[7.66407,47.41002],[7.63274,47.41003],[7.63727,47.38607],[7.63332,47.38534],[7.63333,47.38292],[7.6356,47.38059],[7.64178,47.38047],[7.64422,47.36721],[7.70197,47.37245],[7.72793,47.36886],[7.73417,47.35776],[7.75153,47.34433],[7.76643,47.34273],[7.76924,47.34145],[7.76898,47.33891],[7.79357,47.33905],[7.79638,47.35347],[7.80218,47.36109],[7.83056,47.36512],[7.84013,47.37476],[7.86266,47.38198],[7.87883,47.38351],[7.87945,47.38799],[7.87196,47.39125],[7.86915,47.39551],[7.87529,47.39759],[7.87772,47.40126],[7.88346,47.4012],[7.88335,47.4061],[7.89023,47.40714],[7.90084,47.40074],[7.90385,47.40246],[7.90975,47.39852],[7.93267,47.40527],[7.93674,47.40806],[7.93494,47.41177],[7.93889,47.41364],[7.9484,47.41626],[7.95505,47.4156],[7.95658,47.41968],[7.96185,47.42183],[7.95005,47.43172],[7.95195,47.43278],[7.9468,47.44319],[7.94754,47.44555],[7.95786,47.45128],[7.95838,47.45368],[7.95625,47.45493],[7.96073,47.45546],[7.96065,47.45778],[7.96856,47.4628],[7.975,47.45867],[7.97662,47.4542],[7.97489,47.452],[7.98101,47.44848],[7.98728,47.42874],[7.98548,47.42276],[7.98272,47.42833],[7.96321,47.42235],[7.97423,47.41946],[7.98191,47.41361],[7.98949,47.41415],[7.99148,47.4112],[8.00728,47.40658],[8.01048,47.40042],[8.01002,47.39542],[8.01998,47.39399],[8.02034,47.3958],[8.02657,47.39562],[8.03138,47.38368],[8.0268,47.36877],[8.01049,47.35695],[8.01283,47.35433],[8.01183,47.34981],[8.00385,47.34531],[8.00737,47.3393],[8.0052,47.33675],[7.99096,47.33281],[7.98742,47.32866],[7.97783,47.32598],[7.97652,47.32344],[7.94798,47.31714],[7.94784,47.33251],[7.91922,47.33395],[7.90782,47.34172],[7.90791,47.33948],[7.89686,47.32766],[7.89792,47.31963],[7.88867,47.31127],[7.87366,47.31173],[7.86076,47.30585],[7.85287,47.29149],[7.8448,47.28201],[7.8436,47.27658],[7.83319,47.26787],[7.81478,47.26131],[7.80705,47.26325],[7.80526,47.26801],[7.80216,47.26827],[7.78616,47.2561],[7.77582,47.26144],[7.77461,47.26787],[7.76485,47.26669],[7.75683,47.25809],[7.74467,47.25702],[7.73833,47.2599],[7.73268,47.25911],[7.72484,47.26624],[7.72515,47.26931],[7.71752,47.27512],[7.71563,47.2764],[7.71235,47.27377],[7.70086,47.28655],[7.68857,47.29045],[7.68478,47.29399],[7.6772,47.28911],[7.6688,47.28878],[7.64829,47.28199],[7.61422,47.28115],[7.58012,47.27635],[7.59371,47.26622],[7.59774,47.25413],[7.59595,47.24557],[7.6046,47.24267],[7.6064,47.23905],[7.60952,47.23955],[7.61706,47.23386],[7.61912,47.22905],[7.62353,47.22936],[7.62619,47.22631],[7.64057,47.22979],[7.64396,47.22545],[7.63919,47.22339],[7.64848,47.21895],[7.64596,47.21502],[7.65123,47.2067],[7.64724,47.20178],[7.66234,47.20096],[7.66914,47.1941],[7.67154,47.19497],[7.67464,47.1909],[7.67111,47.18452],[7.678,47.18193],[7.67287,47.16839],[7.66009,47.1684],[7.65166,47.16159],[7.65356,47.16083],[7.65076,47.15735],[7.65261,47.1515],[7.64511,47.14892],[7.63997,47.15356],[7.62459,47.15246],[7.61554,47.15657],[7.61455,47.15453],[7.60786,47.15285],[7.59245,47.15268],[7.58615,47.14755],[7.58355,47.15488],[7.58111,47.1556],[7.58106,47.16013],[7.57492,47.16445],[7.56733,47.16319],[7.56348,47.16836],[7.55785,47.16803],[7.54434,47.16037],[7.54068,47.16364],[7.52578,47.16221],[7.52035,47.15889],[7.52976,47.14874],[7.52343,47.14584],[7.52289,47.14248],[7.51583,47.13677],[7.5138,47.13001],[7.50973,47.12554],[7.49225,47.11706],[7.46134,47.10823],[7.46425,47.09905],[7.47481,47.08622],[7.46657,47.07866],[7.44587,47.07434],[7.44046,47.0745],[7.43543,47.08017],[7.43289,47.08798],[7.43505,47.09366],[7.43744,47.09421],[7.43401,47.1005],[7.42327,47.09746],[7.42028,47.09967],[7.4092,47.09486],[7.39012,47.09225],[7.38946,47.09513],[7.38204,47.09574],[7.37925,47.10621],[7.36972,47.11596],[7.37198,47.11734],[7.3705,47.12093],[7.37894,47.1241],[7.38274,47.12302],[7.38675,47.1259],[7.38998,47.11952],[7.39501,47.1217],[7.40376,47.11768],[7.42904,47.12437],[7.44019,47.12373],[7.43327,47.12618],[7.43636,47.12956],[7.43542,47.13128],[7.43066,47.12924],[7.4309,47.13085],[7.42647,47.13134],[7.4218,47.13586],[7.42669,47.13847],[7.42664,47.1411],[7.43963,47.14399],[7.44117,47.14588],[7.43996,47.1505],[7.44988,47.15567],[7.45464,47.15633],[7.46764,47.15128],[7.47817,47.15425],[7.4927,47.16327],[7.4902,47.16577],[7.49705,47.17009],[7.48642,47.1736],[7.48057,47.17168],[7.47853,47.17753],[7.47683,47.1766],[7.47493,47.18016],[7.47087,47.18133],[7.47521,47.18302],[7.47262,47.18555],[7.47659,47.18809],[7.47574,47.19065],[7.44978,47.18957],[7.44958,47.18289],[7.44326,47.17925],[7.44065,47.17979],[7.43744,47.18504],[7.4333,47.18473],[7.43092,47.18245],[7.4316,47.17605],[7.41841,47.17116],[7.41596,47.16538],[7.41183,47.16242],[7.38426,47.16013],[7.38219,47.16512],[7.39192,47.16628],[7.38353,47.1803],[7.37933,47.18573],[7.36772,47.19103],[7.36548,47.19446],[7.35449,47.19154],[7.34043,47.21757],[7.35561,47.22097],[7.36225,47.21961],[7.37451,47.22685],[7.3981,47.23349],[7.41184,47.24056],[7.4155,47.24021],[7.42089,47.24289],[7.4162,47.2506],[7.41738,47.2538],[7.44102,47.26292],[7.46586,47.26466],[7.47831,47.27868],[7.48536,47.28428],[7.49531,47.28686],[7.49469,47.28823],[7.52006,47.29385],[7.53288,47.29454],[7.53955,47.29861],[7.53908,47.30198],[7.54695,47.30608],[7.54835,47.31636],[7.55554,47.32068],[7.55836,47.32236]]],[[[7.51047,47.50263],[7.51477,47.49777],[7.53181,47.4974],[7.53262,47.49097],[7.53625,47.49106],[7.53634,47.48384],[7.53314,47.47829],[7.52913,47.47796],[7.52746,47.47391],[7.5307,47.46119],[7.49237,47.45898],[7.46816,47.45391],[7.45653,47.44926],[7.44719,47.45696],[7.44523,47.46238],[7.45584,47.4707],[7.45576,47.47338],[7.45019,47.47533],[7.44842,47.47379],[7.44363,47.47852],[7.42941,47.48295],[7.42084,47.48037],[7.43149,47.49563],[7.435,47.49811],[7.45085,47.49032],[7.4624,47.48906],[7.47078,47.48074],[7.47709,47.48008],[7.48764,47.48214],[7.49381,47.48842],[7.50247,47.49077],[7.50116,47.49352],[7.51109,47.49703],[7.50966,47.50251],[7.51047,47.50263]]],[[[7.37597,47.4141],[7.37965,47.4276],[7.38303,47.42998],[7.38212,47.43305],[7.3856,47.43186],[7.39394,47.43517],[7.40307,47.43549],[7.40322,47.43868],[7.42092,47.44595],[7.42544,47.44329],[7.43786,47.44633],[7.44843,47.43773],[7.4556,47.42792],[7.44751,47.41449],[7.43818,47.41274],[7.4275,47.41448],[7.42076,47.4111],[7.41373,47.41093],[7.37661,47.41403],[7.37597,47.4141]]],[[[7.70081,47.16177],[7.69567,47.15751],[7.69379,47.15813],[7.68998,47.15256],[7.67528,47.15324],[7.67812,47.16162],[7.68852,47.16673],[7.68791,47.16525],[7.69697,47.16191],[7.70081,47.16177]]]]}},{"type":"Feature","properties":{"name":"St. Gallen","cantonId":"st-gallen"},"geometry":{"type":"MultiPolygon","coordinates":[[[[9.4758,47.05175],[9.50711,47.01743],[9.51157,47.00805],[9.54558,46.97657],[9.52028,46.97141],[9.51741,46.96839],[9.51849,46.95586],[9.50461,46.95366],[9.50316,46.94947],[9.50022,46.94959],[9.49858,46.94703],[9.49611,46.94033],[9.49287,46.93921],[9.49372,46.93771],[9.48653,46.93552],[9.48573,46.93037],[9.4778,46.92056],[9.47858,46.91568],[9.488,46.91229],[9.47543,46.90642],[9.46726,46.89988],[9.46975,46.89147],[9.46778,46.88726],[9.45426,46.88605],[9.45595,46.8812],[9.45255,46.87461],[9.44887,46.87288],[9.43326,46.88457],[9.4199,46.88956],[9.39942,46.89213],[9.3817,46.89763],[9.36551,46.89691],[9.34704,46.89967],[9.34314,46.89828],[9.33868,46.90202],[9.32191,46.90059],[9.30994,46.90576],[9.29331,46.90708],[9.28692,46.90506],[9.2769,46.90734],[9.26693,46.90321],[9.2489,46.91626],[9.25259,46.92702],[9.25026,46.93462],[9.23914,46.93938],[9.23631,46.94484],[9.23676,46.95456],[9.24471,46.95646],[9.24603,46.95858],[9.24274,46.96578],[9.24681,46.97564],[9.24364,46.98237],[9.24658,46.98703],[9.24556,46.99219],[9.24988,46.99521],[9.24283,47.00726],[9.2427,47.01519],[9.23636,47.02398],[9.23005,47.02581],[9.22194,47.03258],[9.20898,47.03573],[9.20166,47.03512],[9.18053,47.02592],[9.17522,47.0288],[9.16567,47.02687],[9.13807,47.03913],[9.15336,47.04727],[9.1674,47.04939],[9.17454,47.05292],[9.18375,47.05962],[9.1903,47.06989],[9.19203,47.07353],[9.18879,47.08547],[9.19123,47.09095],[9.18765,47.09381],[9.18625,47.09991],[9.19002,47.10991],[9.18988,47.12369],[9.13592,47.13198],[9.10816,47.13131],[9.10133,47.13325],[9.06813,47.12996],[9.0056,47.17398],[8.99635,47.17652],[8.9976,47.17785],[8.99551,47.17888],[8.98011,47.18332],[8.97397,47.18228],[8.97037,47.1788],[8.96198,47.17946],[8.95749,47.19944],[8.96534,47.19816],[8.96922,47.21182],[8.9743,47.2128],[8.97042,47.21691],[8.93673,47.21794],[8.83491,47.2086],[8.82166,47.21191],[8.81124,47.21777],[8.79572,47.23911],[8.79653,47.24252],[8.79928,47.24211],[8.80251,47.24667],[8.82682,47.25151],[8.83837,47.24695],[8.84473,47.24697],[8.84475,47.24862],[8.85172,47.25111],[8.85524,47.24438],[8.86661,47.24396],[8.87377,47.24766],[8.8735,47.25199],[8.9083,47.25674],[8.90919,47.25446],[8.92907,47.26004],[8.93311,47.25888],[8.94073,47.26553],[8.9403,47.26735],[8.94294,47.26738],[8.94446,47.26949],[8.94091,47.27166],[8.94714,47.27494],[8.94883,47.28094],[8.94563,47.28204],[8.94144,47.27986],[8.94058,47.28436],[8.93372,47.2883],[8.94891,47.29217],[8.95697,47.30448],[8.97496,47.30702],[8.98495,47.31938],[8.97733,47.32718],[8.97929,47.33794],[8.97311,47.33987],[8.97442,47.34738],[8.9718,47.35252],[8.96026,47.35369],[8.95123,47.37172],[8.94353,47.37591],[8.94476,47.37801],[8.95493,47.38148],[8.95745,47.38643],[8.96593,47.38532],[8.96745,47.39047],[8.97149,47.39128],[8.97567,47.39924],[8.97217,47.40432],[8.97657,47.41067],[8.9818,47.41249],[8.98873,47.41126],[8.99116,47.4209],[8.99425,47.42233],[8.98945,47.42496],[8.99082,47.42811],[8.98748,47.4297],[8.99986,47.43213],[8.99885,47.43504],[9.01011,47.43528],[9.01198,47.43346],[9.01875,47.43676],[9.02216,47.44167],[9.02647,47.43723],[9.03502,47.43925],[9.03682,47.43755],[9.03401,47.43548],[9.03832,47.43712],[9.03662,47.4395],[9.0381,47.44145],[9.04513,47.44065],[9.04746,47.44423],[9.05896,47.44318],[9.05704,47.44563],[9.06256,47.44624],[9.05459,47.44852],[9.05041,47.45286],[9.0275,47.4576],[9.02642,47.46014],[9.03073,47.46179],[9.02844,47.46389],[9.02949,47.46666],[9.00822,47.47237],[9.01197,47.47534],[9.00874,47.47579],[9.0088,47.47975],[9.00359,47.48119],[9.01079,47.48546],[9.01248,47.48997],[9.02831,47.48867],[9.04209,47.49579],[9.04422,47.49279],[9.05109,47.49218],[9.05582,47.48741],[9.06265,47.49246],[9.06432,47.4908],[9.08236,47.49524],[9.08509,47.49024],[9.0836,47.48903],[9.08639,47.4883],[9.08987,47.48277],[9.09855,47.4856],[9.11285,47.48441],[9.116,47.47973],[9.11846,47.47972],[9.12414,47.48135],[9.12541,47.48414],[9.13726,47.48579],[9.14203,47.48439],[9.1554,47.48765],[9.1626,47.4965],[9.16072,47.49998],[9.16587,47.50408],[9.16802,47.50127],[9.16922,47.504],[9.17196,47.50332],[9.16918,47.4983],[9.17372,47.49451],[9.181,47.49737],[9.18286,47.49134],[9.18878,47.4931],[9.19338,47.49122],[9.19307,47.48894],[9.19675,47.49052],[9.20989,47.48932],[9.20641,47.48668],[9.20789,47.48321],[9.20638,47.48247],[9.2132,47.47891],[9.21829,47.48381],[9.22471,47.48455],[9.23232,47.48323],[9.2322,47.48105],[9.24461,47.48028],[9.24705,47.47583],[9.25116,47.47449],[9.26354,47.47467],[9.27837,47.47939],[9.28118,47.48307],[9.29865,47.47723],[9.32097,47.49083],[9.31742,47.50042],[9.30813,47.49823],[9.30807,47.50478],[9.31015,47.50764],[9.31505,47.50689],[9.31661,47.50959],[9.30336,47.51566],[9.30258,47.51234],[9.29157,47.50666],[9.27452,47.5068],[9.26877,47.51167],[9.27539,47.51315],[9.28036,47.51008],[9.27948,47.51397],[9.28267,47.51465],[9.28483,47.51851],[9.28229,47.52068],[9.30137,47.52412],[9.30275,47.52643],[9.31276,47.52212],[9.31234,47.52756],[9.3166,47.52869],[9.31534,47.53027],[9.31849,47.5317],[9.32292,47.53192],[9.32399,47.52938],[9.32875,47.52839],[9.3383,47.52887],[9.33958,47.53145],[9.33899,47.52485],[9.34382,47.51997],[9.3564,47.5195],[9.35466,47.51535],[9.35047,47.5154],[9.34577,47.51185],[9.3485,47.51125],[9.34617,47.50802],[9.33831,47.50683],[9.33692,47.50128],[9.3418,47.50372],[9.35591,47.50087],[9.35694,47.50341],[9.37405,47.50038],[9.37408,47.49536],[9.36891,47.49403],[9.36844,47.49208],[9.37279,47.49046],[9.36653,47.48546],[9.38083,47.48731],[9.37961,47.48547],[9.38879,47.48156],[9.39116,47.47733],[9.39692,47.47497],[9.39636,47.47783],[9.39931,47.47792],[9.4012,47.48078],[9.40208,47.48495],[9.40041,47.4861],[9.40359,47.4876],[9.4065,47.49406],[9.40957,47.49338],[9.41353,47.49752],[9.42128,47.49617],[9.42511,47.5015],[9.44696,47.51131],[9.50695,47.54974],[9.55872,47.5419],[9.562,47.4963],[9.58188,47.48307],[9.59508,47.46337],[9.60304,47.46208],[9.60662,47.46981],[9.60915,47.47052],[9.62215,47.45754],[9.64482,47.45578],[9.65898,47.4522],[9.65799,47.44779],[9.64591,47.43888],[9.64446,47.43373],[9.6503,47.42108],[9.65162,47.40463],[9.65438,47.4044],[9.6601,47.39755],[9.67246,47.39262],[9.67385,47.38387],[9.67062,47.37779],[9.66043,47.37013],[9.65054,47.36754],[9.62447,47.36614],[9.60577,47.35186],[9.59957,47.34532],[9.58815,47.3174],[9.58162,47.31116],[9.55675,47.29861],[9.54616,47.28001],[9.53096,47.27101],[9.53012,47.26249],[9.52046,47.24396],[9.50165,47.22017],[9.49961,47.21128],[9.48976,47.19649],[9.48585,47.18144],[9.49131,47.16297],[9.49973,47.14977],[9.50721,47.14238],[9.51185,47.13201],[9.51887,47.1055],[9.51932,47.09655],[9.51354,47.08563],[9.4741,47.06639],[9.47187,47.0642],[9.47243,47.05978],[9.4758,47.05175]],[[9.44943,47.4922],[9.46573,47.48801],[9.46438,47.48414],[9.48355,47.49377],[9.47196,47.50173],[9.45756,47.50725],[9.44847,47.50074],[9.44809,47.49802],[9.45037,47.49699],[9.44817,47.49361],[9.44948,47.49235],[9.44943,47.4922]],[[9.34327,47.24939],[9.351,47.24436],[9.36489,47.24331],[9.38202,47.23399],[9.40244,47.23769],[9.41481,47.24653],[9.42624,47.24711],[9.4378,47.25072],[9.47295,47.27121],[9.48777,47.28829],[9.48685,47.29071],[9.49069,47.30077],[9.48887,47.3018],[9.49626,47.30601],[9.49252,47.3129],[9.49841,47.3187],[9.50289,47.33375],[9.50313,47.35086],[9.50104,47.36086],[9.49897,47.36168],[9.50108,47.36813],[9.49901,47.36933],[9.50541,47.37446],[9.50304,47.37499],[9.50414,47.38262],[9.50261,47.38403],[9.50907,47.39459],[9.54258,47.40027],[9.54536,47.39846],[9.54318,47.39501],[9.55328,47.39401],[9.55538,47.39683],[9.57643,47.40419],[9.57443,47.40563],[9.58352,47.40985],[9.60458,47.41401],[9.58969,47.42089],[9.58825,47.42543],[9.60735,47.43166],[9.61784,47.43768],[9.62974,47.43984],[9.62971,47.44437],[9.61298,47.44878],[9.596,47.45867],[9.58927,47.45741],[9.58879,47.45966],[9.58056,47.46254],[9.56209,47.46288],[9.55721,47.46486],[9.54656,47.4629],[9.5472,47.467],[9.5424,47.46904],[9.53249,47.46784],[9.52564,47.46137],[9.53052,47.45345],[9.50846,47.44925],[9.4951,47.4423],[9.46971,47.43868],[9.45264,47.4311],[9.43501,47.43429],[9.43252,47.42951],[9.43504,47.42083],[9.42998,47.41784],[9.43297,47.41397],[9.43054,47.41149],[9.42864,47.41271],[9.42788,47.41045],[9.42989,47.40961],[9.42462,47.40683],[9.39745,47.40059],[9.39193,47.40127],[9.38693,47.4056],[9.37168,47.40771],[9.35857,47.40204],[9.35434,47.40342],[9.33584,47.3991],[9.32776,47.40126],[9.31836,47.39734],[9.30199,47.39515],[9.27188,47.40103],[9.25755,47.39873],[9.25605,47.40086],[9.2519,47.40071],[9.23616,47.39615],[9.23294,47.39602],[9.23258,47.39802],[9.2305,47.39702],[9.23259,47.39452],[9.23183,47.38777],[9.22307,47.38764],[9.21877,47.38483],[9.22201,47.37829],[9.21979,47.37678],[9.221,47.37325],[9.21323,47.36823],[9.21304,47.36512],[9.19913,47.36144],[9.1911,47.36254],[9.19563,47.35346],[9.20473,47.35761],[9.20747,47.3561],[9.19864,47.34778],[9.20569,47.3423],[9.20629,47.33913],[9.22233,47.34334],[9.23333,47.33214],[9.20983,47.3209],[9.21301,47.3197],[9.21776,47.30801],[9.21705,47.29969],[9.22432,47.29287],[9.21711,47.2845],[9.20822,47.28014],[9.20626,47.27639],[9.21735,47.27067],[9.23879,47.26464],[9.2475,47.26608],[9.25733,47.26322],[9.27378,47.27001],[9.2791,47.26667],[9.27511,47.26574],[9.2841,47.26565],[9.28971,47.26033],[9.29718,47.25741],[9.30798,47.25961],[9.30785,47.2553],[9.31864,47.24787],[9.34311,47.24938],[9.34327,47.24939]]],[[[9.35386,47.51181],[9.3591,47.51053],[9.35812,47.50814],[9.35394,47.51175],[9.35386,47.51181]]]]}},{"type":"Feature","properties":{"name":"Thurgau","cantonId":"thurgau"},"geometry":{"type":"MultiPolygon","coordinates":[[[[8.87539,47.65495],[8.89821,47.64816],[8.92634,47.65513],[8.94106,47.65616],[8.97484,47.66898],[8.98014,47.67351],[8.99989,47.67845],[9.01646,47.68583],[9.02559,47.68683],[9.07607,47.6786],[9.09457,47.67935],[9.11798,47.6687],[9.13905,47.66419],[9.15077,47.66764],[9.15783,47.66576],[9.1703,47.65496],[9.17548,47.65577],[9.17596,47.65399],[9.18709,47.65745],[9.21482,47.6551],[9.25655,47.65871],[9.39471,47.62033],[9.4956,47.55146],[9.50695,47.54974],[9.44696,47.51131],[9.42511,47.5015],[9.42128,47.49617],[9.41353,47.49752],[9.40957,47.49338],[9.4065,47.49406],[9.40359,47.4876],[9.40041,47.4861],[9.40208,47.48495],[9.4012,47.48078],[9.39931,47.47792],[9.39636,47.47783],[9.39699,47.47498],[9.37961,47.48547],[9.38083,47.48731],[9.36653,47.48546],[9.37279,47.49046],[9.36844,47.49208],[9.36891,47.49403],[9.37408,47.49536],[9.37405,47.50038],[9.35694,47.50341],[9.35591,47.50087],[9.3418,47.50372],[9.33692,47.50128],[9.33831,47.50683],[9.34617,47.50802],[9.3485,47.51125],[9.34577,47.51185],[9.35047,47.5154],[9.35466,47.51535],[9.3564,47.5195],[9.34382,47.51997],[9.33899,47.52485],[9.33958,47.53145],[9.3383,47.52887],[9.32875,47.52839],[9.32399,47.52938],[9.32292,47.53192],[9.31849,47.5317],[9.31534,47.53027],[9.3166,47.52869],[9.31234,47.52756],[9.31276,47.52212],[9.30275,47.52643],[9.30137,47.52412],[9.28229,47.52068],[9.28483,47.51851],[9.28267,47.51465],[9.27948,47.51397],[9.28036,47.51008],[9.27539,47.51315],[9.26877,47.51167],[9.27452,47.5068],[9.29157,47.50666],[9.30258,47.51234],[9.30336,47.51566],[9.31661,47.50959],[9.31505,47.50689],[9.31015,47.50764],[9.30807,47.50478],[9.30813,47.49823],[9.31742,47.50042],[9.32097,47.49083],[9.29865,47.47723],[9.28118,47.48307],[9.27837,47.47939],[9.26354,47.47467],[9.25116,47.47449],[9.24705,47.47583],[9.24461,47.48028],[9.2322,47.48105],[9.23232,47.48323],[9.22471,47.48455],[9.21829,47.48381],[9.2132,47.47891],[9.20638,47.48247],[9.20789,47.48321],[9.20641,47.48668],[9.20989,47.48932],[9.19675,47.49052],[9.19307,47.48894],[9.19338,47.49122],[9.18878,47.4931],[9.18286,47.49134],[9.181,47.49737],[9.17372,47.49451],[9.16918,47.4983],[9.17196,47.50332],[9.16922,47.504],[9.16802,47.50127],[9.16587,47.50408],[9.16072,47.49998],[9.1626,47.4965],[9.1554,47.48765],[9.14203,47.48439],[9.13726,47.48579],[9.12541,47.48414],[9.12414,47.48135],[9.11846,47.47972],[9.116,47.47973],[9.11285,47.48441],[9.09855,47.4856],[9.08987,47.48277],[9.08639,47.4883],[9.0836,47.48903],[9.08509,47.49024],[9.08236,47.49524],[9.06432,47.4908],[9.06265,47.49246],[9.05582,47.48741],[9.05109,47.49218],[9.04422,47.49279],[9.04209,47.49579],[9.02831,47.48867],[9.01248,47.48997],[9.01079,47.48546],[9.00359,47.48119],[9.0088,47.47975],[9.00874,47.47579],[9.01197,47.47534],[9.00822,47.47237],[9.02949,47.46666],[9.02844,47.46389],[9.03073,47.46179],[9.02642,47.46014],[9.0275,47.4576],[9.05041,47.45286],[9.05459,47.44852],[9.06256,47.44624],[9.05704,47.44563],[9.05896,47.44318],[9.04746,47.44423],[9.04513,47.44065],[9.0381,47.44145],[9.03662,47.4395],[9.03832,47.43712],[9.03401,47.43548],[9.03682,47.43755],[9.03502,47.43925],[9.02647,47.43723],[9.02216,47.44167],[9.01875,47.43676],[9.01198,47.43346],[9.01011,47.43528],[8.99885,47.43504],[8.99986,47.43213],[8.98748,47.4297],[8.99082,47.42811],[8.98945,47.42496],[8.99425,47.42233],[8.99116,47.4209],[8.98873,47.41126],[8.9818,47.41249],[8.97657,47.41067],[8.97217,47.40432],[8.97567,47.39924],[8.97149,47.39128],[8.96745,47.39047],[8.96635,47.3857],[8.95745,47.38643],[8.95493,47.38148],[8.94487,47.37814],[8.94353,47.37591],[8.94013,47.37975],[8.94367,47.38412],[8.94155,47.38731],[8.92082,47.39946],[8.90347,47.40205],[8.91269,47.41284],[8.91394,47.41827],[8.91116,47.42357],[8.91462,47.42772],[8.90775,47.43133],[8.91132,47.43377],[8.91362,47.43153],[8.917,47.43317],[8.93004,47.43159],[8.93272,47.43554],[8.92165,47.43487],[8.90682,47.43879],[8.90266,47.44424],[8.90881,47.44834],[8.89544,47.45972],[8.89562,47.46277],[8.89172,47.46437],[8.89374,47.46512],[8.89073,47.4693],[8.88431,47.46967],[8.88472,47.47347],[8.88099,47.47475],[8.88488,47.47701],[8.8853,47.48171],[8.8977,47.48511],[8.89679,47.4879],[8.89281,47.48841],[8.89258,47.49751],[8.89267,47.50057],[8.89711,47.50501],[8.8971,47.51768],[8.89531,47.51925],[8.89834,47.52417],[8.88345,47.52941],[8.8804,47.52703],[8.86962,47.5303],[8.84084,47.53267],[8.83994,47.53933],[8.83441,47.54291],[8.82789,47.55598],[8.85109,47.5608],[8.85097,47.56361],[8.84429,47.56325],[8.84484,47.56613],[8.83919,47.56535],[8.83881,47.57119],[8.83123,47.57339],[8.83002,47.5711],[8.82249,47.57306],[8.81659,47.57017],[8.80741,47.57157],[8.8081,47.57433],[8.80475,47.57506],[8.80621,47.5795],[8.80107,47.58054],[8.8024,47.58285],[8.80605,47.58315],[8.76528,47.59255],[8.74823,47.59231],[8.74566,47.59649],[8.74878,47.60004],[8.7394,47.60804],[8.74017,47.6119],[8.74581,47.61294],[8.74591,47.62116],[8.74813,47.62304],[8.75632,47.61662],[8.76219,47.61808],[8.7898,47.6094],[8.78879,47.60344],[8.80282,47.60114],[8.80168,47.60296],[8.80471,47.61332],[8.814,47.61721],[8.81155,47.61897],[8.8143,47.62108],[8.81171,47.62264],[8.81314,47.62744],[8.82023,47.6293],[8.8274,47.63906],[8.82644,47.64674],[8.80486,47.65223],[8.80493,47.6604],[8.80341,47.66064],[8.80526,47.66472],[8.78854,47.66536],[8.78601,47.6552],[8.78227,47.65236],[8.77619,47.64884],[8.76485,47.64882],[8.7472,47.63864],[8.74337,47.63977],[8.74346,47.64303],[8.73492,47.64117],[8.72466,47.64305],[8.71979,47.64109],[8.71419,47.64438],[8.70866,47.64191],[8.70035,47.64703],[8.68806,47.64997],[8.67769,47.66258],[8.67905,47.6678],[8.67688,47.67177],[8.66798,47.67714],[8.66943,47.68485],[8.67861,47.68758],[8.6897,47.69532],[8.70856,47.68947],[8.73476,47.69279],[8.75896,47.68902],[8.78934,47.67531],[8.80387,47.67836],[8.83044,47.67451],[8.8384,47.67023],[8.8415,47.66446],[8.85457,47.66067],[8.84563,47.65306],[8.84937,47.65101],[8.85794,47.65008],[8.86532,47.6561],[8.87244,47.65394],[8.87539,47.65495]],[[9.35386,47.51181],[9.35812,47.50814],[9.3591,47.51053],[9.35434,47.51191],[9.35386,47.51181]]],[[[9.44943,47.4922],[9.44817,47.49361],[9.45037,47.49699],[9.44809,47.49802],[9.44847,47.50074],[9.45756,47.50725],[9.47196,47.50173],[9.48355,47.49377],[9.46438,47.48414],[9.46573,47.48801],[9.45084,47.49197],[9.44943,47.4922]]]]}},{"type":"Feature","properties":{"name":"Ticino","cantonId":"ticino"},"geometry":{"type":"Polygon","coordinates":[[[8.47764,46.52761],[8.48264,46.53239],[8.51947,46.53891],[8.52044,46.54249],[8.51446,46.55152],[8.51587,46.55447],[8.51358,46.55922],[8.52101,46.56691],[8.52119,46.57724],[8.52502,46.57782],[8.52633,46.58152],[8.53139,46.58456],[8.53921,46.58677],[8.55092,46.58068],[8.5737,46.58371],[8.58139,46.57705],[8.59054,46.5734],[8.61126,46.57499],[8.61496,46.57815],[8.62535,46.57693],[8.62955,46.57373],[8.63088,46.5658],[8.63466,46.56437],[8.65607,46.56841],[8.65996,46.57365],[8.67264,46.57849],[8.69692,46.58107],[8.7038,46.57811],[8.7053,46.57379],[8.71538,46.57123],[8.72794,46.57709],[8.73921,46.57215],[8.74422,46.57231],[8.75074,46.57621],[8.80074,46.56327],[8.82968,46.57136],[8.83175,46.56392],[8.84323,46.56335],[8.86295,46.57304],[8.87695,46.57466],[8.87944,46.57762],[8.90368,46.5841],[8.91125,46.5887],[8.91626,46.59268],[8.91537,46.59582],[8.91709,46.5966],[8.9072,46.6062],[8.90542,46.612],[8.9073,46.6157],[8.92302,46.62303],[8.94146,46.61849],[8.95038,46.62396],[8.95279,46.63248],[8.95783,46.62987],[8.963,46.61814],[8.9597,46.6107],[8.96221,46.60264],[8.9731,46.60266],[8.98375,46.60881],[8.99535,46.61173],[9.00625,46.61094],[9.01623,46.60321],[9.0208,46.60325],[9.0272,46.59941],[9.0341,46.60002],[9.03354,46.59409],[9.04281,46.58879],[9.04389,46.58337],[9.0375,46.58219],[9.0354,46.5752],[9.02991,46.57133],[9.02669,46.56181],[9.02324,46.55824],[9.02465,46.55533],[9.01926,46.54754],[9.02296,46.53788],[9.02157,46.53387],[9.01664,46.53204],[9.01719,46.52903],[9.02059,46.52781],[9.02316,46.51908],[9.02209,46.51226],[9.0284,46.50358],[9.03715,46.49824],[9.04025,46.48955],[9.04609,46.48706],[9.04789,46.4838],[9.04646,46.48067],[9.05401,46.4768],[9.06055,46.4763],[9.07374,46.48024],[9.08543,46.47539],[9.08506,46.47094],[9.09508,46.46038],[9.09211,46.44879],[9.08702,46.44368],[9.08902,46.43215],[9.10309,46.4127],[9.08995,46.40542],[9.09622,46.39987],[9.08726,46.38882],[9.09563,46.373],[9.09296,46.37082],[9.09445,46.36407],[9.09259,46.3574],[9.08827,46.34919],[9.08193,46.34901],[9.06932,46.34356],[9.06645,46.33636],[9.06965,46.33253],[9.06433,46.32537],[9.07339,46.31786],[9.07469,46.31283],[9.06048,46.29739],[9.05403,46.2948],[9.05392,46.2922],[9.06365,46.27305],[9.07222,46.2677],[9.07777,46.26029],[9.07603,46.23786],[9.07115,46.23574],[9.07457,46.23172],[9.07961,46.23327],[9.08689,46.21428],[9.11623,46.20215],[9.13109,46.18839],[9.1313,46.1848],[9.13555,46.18037],[9.15288,46.17035],[9.15969,46.16923],[9.1565,46.16211],[9.13449,46.15331],[9.1215,46.1348],[9.11221,46.1347],[9.10471,46.13196],[9.09978,46.12671],[9.08945,46.12541],[9.07251,46.1181],[9.08962,46.08701],[9.0842,46.07874],[9.07907,46.07591],[9.07714,46.06412],[9.06042,46.06066],[9.05023,46.06236],[9.02876,46.05302],[9.02267,46.05269],[9.01721,46.04973],[9.01689,46.0431],[9.00953,46.03729],[9.0076,46.0298],[9.02255,46.01685],[9.02451,46.00076],[9.02846,45.99362],[9.02289,45.99275],[9.02251,45.98954],[9.01808,45.98765],[9.01136,45.9879],[9.01116,45.98317],[9.00735,45.9803],[8.9953,45.98049],[8.99583,45.97283],[8.9905,45.97123],[8.98848,45.97283],[8.989,45.97034],[8.99403,45.96655],[9.01397,45.96055],[9.01713,45.94901],[9.0122,45.94378],[9.02247,45.93715],[9.01936,45.92837],[9.02652,45.9287],[9.02985,45.9265],[9.04272,45.9275],[9.04909,45.92042],[9.0599,45.92094],[9.05907,45.91648],[9.0682,45.91291],[9.06781,45.91063],[9.07264,45.91284],[9.07658,45.91142],[9.07694,45.8993],[9.08685,45.90221],[9.089,45.90065],[9.08745,45.89931],[9.08881,45.8969],[9.08165,45.8918],[9.07796,45.89203],[9.07946,45.88866],[9.07785,45.88507],[9.07143,45.88174],[9.06639,45.87539],[9.05479,45.87355],[9.0537,45.86799],[9.04916,45.86261],[9.05183,45.85443],[9.04824,45.85318],[9.05078,45.85221],[9.04382,45.84659],[9.04063,45.84649],[9.03866,45.84203],[9.03571,45.84102],[9.03786,45.83547],[9.03094,45.82469],[9.03447,45.82302],[9.0314,45.82084],[9.02212,45.82187],[9.01734,45.81796],[8.99844,45.82292],[8.99388,45.82196],[8.99749,45.83495],[8.98989,45.83532],[8.98668,45.83852],[8.98167,45.83574],[8.97618,45.83663],[8.97336,45.83245],[8.96999,45.83235],[8.96147,45.83637],[8.96202,45.83903],[8.95619,45.8416],[8.95625,45.84338],[8.9391,45.84127],[8.93298,45.83901],[8.92904,45.83338],[8.92048,45.8342],[8.91215,45.83045],[8.91423,45.84223],[8.93254,45.86096],[8.94531,45.86698],[8.94206,45.87034],[8.93703,45.86731],[8.93378,45.87033],[8.93156,45.88581],[8.92154,45.89577],[8.92494,45.90085],[8.92413,45.90564],[8.91429,45.9178],[8.90745,45.91779],[8.89332,45.93118],[8.8935,45.93739],[8.8986,45.94626],[8.89366,45.95898],[8.87822,45.95664],[8.8683,45.96062],[8.86474,45.96546],[8.84931,45.97309],[8.84343,45.97761],[8.8427,45.98147],[8.83133,45.98801],[8.82014,45.98741],[8.81383,45.99097],[8.79578,45.99207],[8.79243,45.99189],[8.79083,45.98858],[8.78589,45.98907],[8.79309,46.0081],[8.80592,46.02193],[8.81968,46.02548],[8.82715,46.03227],[8.83003,46.0416],[8.83272,46.04056],[8.83547,46.04379],[8.82849,46.04653],[8.83454,46.05136],[8.84419,46.0485],[8.85459,46.06158],[8.85211,46.07563],[8.84752,46.07575],[8.83377,46.08285],[8.81529,46.09731],[8.80604,46.10127],[8.79978,46.0947],[8.78304,46.09417],[8.76825,46.10074],[8.76002,46.10156],[8.74234,46.12231],[8.72427,46.1102],[8.71399,46.09723],[8.69657,46.10201],[8.68575,46.10203],[8.6794,46.11038],[8.67006,46.10885],[8.65771,46.11269],[8.64758,46.12349],[8.61184,46.12165],[8.60971,46.13287],[8.59273,46.14286],[8.59306,46.14598],[8.59998,46.1496],[8.60017,46.15329],[8.60373,46.1536],[8.60318,46.15533],[8.58812,46.15656],[8.58915,46.15897],[8.58712,46.16164],[8.57822,46.16166],[8.57364,46.16431],[8.56985,46.17689],[8.5637,46.18394],[8.55404,46.18614],[8.55359,46.19203],[8.54048,46.19781],[8.5364,46.20426],[8.53244,46.21828],[8.52169,46.22185],[8.51514,46.22015],[8.49238,46.2291],[8.47024,46.23232],[8.46656,46.23545],[8.46411,46.24455],[8.44338,46.25024],[8.44228,46.25415],[8.44789,46.25801],[8.44827,46.26121],[8.45588,46.26375],[8.44977,46.27432],[8.4363,46.28566],[8.43399,46.29181],[8.42774,46.29829],[8.44053,46.30411],[8.43912,46.30804],[8.44179,46.31013],[8.44141,46.31563],[8.44372,46.31949],[8.45385,46.32126],[8.45566,46.32724],[8.46042,46.3284],[8.46542,46.33391],[8.46329,46.33681],[8.46454,46.34723],[8.46156,46.35325],[8.47023,46.36255],[8.46681,46.36831],[8.46651,46.38005],[8.46082,46.38651],[8.47117,46.39592],[8.46305,46.40486],[8.46832,46.41174],[8.45687,46.42317],[8.46076,46.42839],[8.45753,46.43475],[8.46398,46.43919],[8.46594,46.44436],[8.46239,46.44513],[8.46199,46.4507],[8.4528,46.45534],[8.45315,46.45816],[8.4461,46.46365],[8.43386,46.46377],[8.4171,46.45876],[8.40842,46.45873],[8.40232,46.45477],[8.39595,46.45455],[8.39296,46.45157],[8.38472,46.45215],[8.38219,46.45958],[8.38574,46.46181],[8.38546,46.46556],[8.39247,46.46796],[8.38599,46.47567],[8.39429,46.4837],[8.39238,46.49464],[8.40142,46.49244],[8.41442,46.49473],[8.41968,46.49261],[8.43167,46.49697],[8.44307,46.49538],[8.4517,46.50779],[8.46041,46.51128],[8.47282,46.52323],[8.47797,46.52494],[8.47745,46.5274],[8.47764,46.52761]],[[8.96253,45.97385],[8.95855,45.96482],[8.97564,45.96163],[8.97936,45.97104],[8.97633,45.97586],[8.97742,45.98288],[8.96708,45.98415],[8.96415,45.97615],[8.96253,45.97385]]]}},{"type":"Feature","properties":{"name":"Uri","cantonId":"uri"},"geometry":{"type":"Polygon","coordinates":[[[8.47764,46.52761],[8.47351,46.52855],[8.46554,46.53548],[8.45741,46.53365],[8.42926,46.5433],[8.42414,46.55179],[8.42326,46.56015],[8.41963,46.56357],[8.41703,46.57109],[8.40996,46.57747],[8.40614,46.58596],[8.41031,46.59637],[8.40764,46.59951],[8.41614,46.60682],[8.41698,46.61256],[8.42041,46.61634],[8.4204,46.62557],[8.42236,46.62726],[8.41881,46.63591],[8.42199,46.64787],[8.41823,46.65219],[8.41027,46.65293],[8.40843,46.66562],[8.40234,46.66866],[8.39806,46.67422],[8.39873,46.69165],[8.41223,46.69071],[8.41481,46.68743],[8.42819,46.68605],[8.44081,46.6855],[8.45229,46.68874],[8.45507,46.69751],[8.45215,46.7042],[8.45408,46.71084],[8.44743,46.71415],[8.44708,46.72705],[8.44972,46.72983],[8.4407,46.73804],[8.44071,46.74443],[8.44377,46.74709],[8.43911,46.753],[8.44356,46.75387],[8.44735,46.75791],[8.44833,46.76341],[8.46036,46.76909],[8.47409,46.7677],[8.49144,46.77252],[8.4883,46.78146],[8.47856,46.78927],[8.48194,46.79389],[8.48114,46.79842],[8.47133,46.79552],[8.46427,46.80053],[8.47232,46.79937],[8.48198,46.80325],[8.48324,46.80875],[8.47813,46.81371],[8.48369,46.81986],[8.48342,46.82701],[8.48632,46.83203],[8.48897,46.83565],[8.50437,46.84117],[8.50689,46.84547],[8.49788,46.85372],[8.4902,46.85303],[8.48005,46.85724],[8.47084,46.85484],[8.46791,46.86064],[8.47135,46.86812],[8.4672,46.87624],[8.4791,46.88251],[8.47298,46.89147],[8.47407,46.89342],[8.46767,46.89755],[8.45831,46.89877],[8.46427,46.90473],[8.48127,46.90852],[8.4861,46.91847],[8.49812,46.91875],[8.50279,46.91442],[8.51533,46.91797],[8.51984,46.92283],[8.53172,46.92353],[8.54406,46.92785],[8.54768,46.93481],[8.54358,46.93934],[8.55883,46.9404],[8.55564,46.94111],[8.55734,46.94752],[8.55483,46.96263],[8.56024,46.96558],[8.56306,46.97021],[8.56222,46.97292],[8.56852,46.97557],[8.57454,46.98235],[8.57105,46.99015],[8.58243,46.9934],[8.60315,46.98683],[8.60414,46.98232],[8.60119,46.97523],[8.6044,46.95196],[8.6224,46.95272],[8.62739,46.94981],[8.64544,46.94903],[8.66958,46.94407],[8.69296,46.94697],[8.69981,46.9348],[8.70032,46.93264],[8.69654,46.92879],[8.69856,46.92428],[8.70775,46.91716],[8.71768,46.91848],[8.72853,46.92835],[8.73743,46.93237],[8.74363,46.93236],[8.74597,46.93534],[8.74913,46.93367],[8.77093,46.9415],[8.77448,46.93967],[8.77785,46.93313],[8.78775,46.93035],[8.79197,46.93077],[8.79797,46.93673],[8.8107,46.94145],[8.81419,46.93862],[8.82677,46.93571],[8.83008,46.93046],[8.82779,46.91934],[8.83612,46.90767],[8.84269,46.90945],[8.84708,46.91377],[8.84881,46.91276],[8.84784,46.89099],[8.85362,46.88528],[8.86145,46.89163],[8.86184,46.89474],[8.87443,46.89497],[8.88698,46.90235],[8.89518,46.90292],[8.90166,46.90779],[8.90746,46.90747],[8.91132,46.91072],[8.93538,46.91985],[8.94357,46.90616],[8.94859,46.9016],[8.95342,46.90069],[8.95781,46.87949],[8.95592,46.87532],[8.94172,46.87088],[8.93338,46.86533],[8.91782,46.86047],[8.90925,46.86097],[8.89567,46.84956],[8.87124,46.84203],[8.87368,46.84054],[8.87437,46.8352],[8.88164,46.82906],[8.88017,46.82007],[8.87557,46.81596],[8.87705,46.81291],[8.87393,46.80863],[8.85989,46.80569],[8.8473,46.798],[8.84822,46.79343],[8.83447,46.79521],[8.82769,46.79163],[8.82631,46.78834],[8.82895,46.78353],[8.82791,46.77919],[8.83036,46.77114],[8.83458,46.76685],[8.83172,46.76433],[8.82542,46.76603],[8.81855,46.76247],[8.81857,46.7584],[8.81453,46.75526],[8.81394,46.74936],[8.81044,46.74492],[8.81298,46.73731],[8.79953,46.73144],[8.78199,46.7283],[8.77278,46.73975],[8.76966,46.74057],[8.76959,46.74434],[8.76516,46.74446],[8.74764,46.7359],[8.7444,46.72887],[8.74907,46.72073],[8.74303,46.71551],[8.7261,46.70686],[8.71771,46.70608],[8.7172,46.70258],[8.70899,46.69895],[8.69857,46.70347],[8.69259,46.70184],[8.68629,46.69417],[8.67831,46.69494],[8.67436,46.69213],[8.67361,46.6714],[8.67861,46.66426],[8.66622,46.65596],[8.6614,46.65601],[8.65488,46.64996],[8.65842,46.64715],[8.65748,46.64162],[8.65188,46.63793],[8.65107,46.63458],[8.65659,46.63132],[8.65796,46.62615],[8.66403,46.62167],[8.67668,46.61996],[8.67875,46.61599],[8.67775,46.60935],[8.67961,46.60534],[8.67672,46.59937],[8.68061,46.59504],[8.68192,46.58852],[8.67875,46.57918],[8.65996,46.57365],[8.65729,46.56907],[8.65129,46.56668],[8.63466,46.56437],[8.63088,46.5658],[8.62955,46.57373],[8.62535,46.57693],[8.61496,46.57815],[8.61126,46.57499],[8.59054,46.5734],[8.58139,46.57705],[8.5737,46.58371],[8.55092,46.58068],[8.53921,46.58677],[8.53139,46.58456],[8.52633,46.58152],[8.52502,46.57782],[8.52119,46.57724],[8.52101,46.56691],[8.51358,46.55922],[8.51587,46.55447],[8.51446,46.55152],[8.52044,46.54249],[8.51947,46.53891],[8.48264,46.53239],[8.47841,46.52801],[8.47764,46.52761]]]}},{"type":"Feature","properties":{"name":"Valais","cantonId":"valais"},"geometry":{"type":"Polygon","coordinates":[[[8.47764,46.52761],[8.47797,46.52494],[8.47282,46.52323],[8.46041,46.51128],[8.4517,46.50779],[8.44307,46.49538],[8.43167,46.49697],[8.41968,46.49261],[8.41442,46.49473],[8.40142,46.49244],[8.39238,46.49464],[8.39429,46.4837],[8.38599,46.47567],[8.39247,46.46796],[8.38546,46.46556],[8.38574,46.46181],[8.38233,46.45991],[8.38474,46.4523],[8.38332,46.45125],[8.37783,46.45093],[8.37529,46.45312],[8.36694,46.45192],[8.35576,46.44696],[8.35246,46.44164],[8.32544,46.42571],[8.31496,46.42363],[8.30774,46.42589],[8.30377,46.42334],[8.2989,46.41743],[8.29895,46.41424],[8.28893,46.4081],[8.30355,46.40244],[8.30967,46.40402],[8.31573,46.39896],[8.31729,46.39399],[8.31416,46.38982],[8.31874,46.38612],[8.31495,46.38394],[8.3129,46.37706],[8.30001,46.37407],[8.28979,46.36913],[8.28428,46.36362],[8.27307,46.36686],[8.26377,46.36402],[8.26074,46.36047],[8.26503,46.3571],[8.26588,46.35184],[8.25993,46.34866],[8.26288,46.34596],[8.25294,46.34644],[8.25004,46.34075],[8.23542,46.34036],[8.22399,46.33444],[8.22502,46.33285],[8.22161,46.33024],[8.22507,46.3264],[8.21465,46.31966],[8.21493,46.31622],[8.21124,46.31258],[8.21201,46.30927],[8.19875,46.30224],[8.19444,46.30344],[8.1789,46.29738],[8.16095,46.29592],[8.147,46.30153],[8.13737,46.3017],[8.12885,46.29475],[8.12086,46.29187],[8.11356,46.28114],[8.10545,46.27964],[8.1005,46.2737],[8.08593,46.26661],[8.08606,46.26211],[8.08041,46.26062],[8.08261,46.25653],[8.08774,46.25376],[8.10135,46.25241],[8.10162,46.24946],[8.11015,46.2495],[8.11152,46.24114],[8.11533,46.236],[8.12048,46.23603],[8.12732,46.22827],[8.13888,46.22614],[8.14352,46.21159],[8.15139,46.20282],[8.15329,46.1911],[8.16551,46.18222],[8.16528,46.17691],[8.15858,46.17406],[8.14988,46.1625],[8.14974,46.15693],[8.15534,46.14763],[8.14439,46.13682],[8.12519,46.13527],[8.11541,46.13034],[8.11381,46.11743],[8.10823,46.11162],[8.0818,46.10544],[8.06922,46.10599],[8.05431,46.10129],[8.03476,46.10083],[8.0339,46.09525],[8.02958,46.0896],[8.0291,46.08092],[8.02253,46.0747],[8.02166,46.06936],[8.02456,46.06754],[8.02387,46.06298],[8.03541,46.04404],[8.02205,46.03896],[8.01189,46.03121],[8.0175,46.0247],[8.01076,46.01885],[8.01324,46.01586],[8.01241,46.01197],[8.00108,46.01221],[7.99393,45.99987],[7.98908,45.99593],[7.97711,45.99945],[7.95733,45.99607],[7.90867,45.99693],[7.89384,45.97863],[7.87742,45.97386],[7.88181,45.964],[7.87494,45.95807],[7.87889,45.95428],[7.87713,45.94904],[7.87037,45.94736],[7.8684,45.93671],[7.87705,45.92719],[7.87213,45.91978],[7.86633,45.91957],[7.86407,45.91675],[7.85849,45.92087],[7.83671,45.92172],[7.83144,45.92496],[7.82038,45.92696],[7.79951,45.91712],[7.79398,45.92],[7.79081,45.92494],[7.77655,45.93106],[7.76926,45.93711],[7.74774,45.941],[7.74582,45.93487],[7.73686,45.9283],[7.73509,45.92397],[7.72123,45.92363],[7.71267,45.92822],[7.71127,45.93291],[7.70731,45.93489],[7.70987,45.94809],[7.69881,45.9545],[7.68112,45.95693],[7.67831,45.95883],[7.67704,45.96508],[7.66427,45.97566],[7.65699,45.97656],[7.63953,45.97011],[7.61957,45.97237],[7.61034,45.96934],[7.58862,45.9705],[7.58169,45.97437],[7.58227,45.97788],[7.5786,45.98601],[7.56846,45.98771],[7.56199,45.98568],[7.55012,45.98655],[7.54569,45.98376],[7.54147,45.97616],[7.54657,45.96303],[7.54271,45.95696],[7.53842,45.95494],[7.53545,45.95686],[7.52797,45.95649],[7.51805,45.96269],[7.50752,45.95797],[7.49917,45.96242],[7.49343,45.95569],[7.47766,45.95227],[7.47137,45.94719],[7.47471,45.93583],[7.46954,45.93379],[7.45871,45.93552],[7.4564,45.93241],[7.44436,45.9316],[7.43443,45.92026],[7.42712,45.91545],[7.41082,45.90864],[7.40174,45.91151],[7.39781,45.90845],[7.39708,45.90476],[7.38632,45.89715],[7.38237,45.89645],[7.36605,45.90414],[7.3612,45.9033],[7.35644,45.9072],[7.35645,45.91064],[7.34429,45.91524],[7.32389,45.91021],[7.31807,45.91164],[7.31628,45.91652],[7.3013,45.91727],[7.29442,45.92182],[7.28526,45.91567],[7.27687,45.90074],[7.27146,45.89997],[7.25682,45.88816],[7.25308,45.88851],[7.24947,45.89313],[7.23982,45.88996],[7.22829,45.892],[7.2258,45.88975],[7.21636,45.8888],[7.21568,45.88387],[7.2001,45.87551],[7.19762,45.87032],[7.20079,45.86308],[7.19647,45.86026],[7.19058,45.85868],[7.17896,45.86367],[7.1753,45.86291],[7.16157,45.87163],[7.16419,45.87363],[7.16413,45.87681],[7.15352,45.87925],[7.13518,45.87268],[7.13226,45.86744],[7.11843,45.85944],[7.10879,45.85819],[7.09814,45.86168],[7.09635,45.86818],[7.09206,45.87207],[7.09541,45.87587],[7.08007,45.88514],[7.07641,45.8903],[7.07659,45.89519],[7.06418,45.90008],[7.06446,45.90928],[7.06055,45.91339],[7.05307,45.91561],[7.04371,45.92316],[7.04264,45.92968],[7.03571,45.93831],[7.03855,45.94557],[7.03742,45.95488],[7.01741,45.96043],[7.00847,45.96903],[7.01013,45.97323],[7.02146,45.97638],[7.0236,45.97906],[7.01988,45.98391],[7.01219,45.98726],[7.01052,45.99736],[7.00536,46.00125],[7.00056,45.99893],[6.98496,46.00461],[6.98066,46.02023],[6.971,46.02553],[6.96651,46.03115],[6.96287,46.03044],[6.95012,46.0516],[6.94391,46.05061],[6.93503,46.05597],[6.9373,46.06429],[6.93397,46.066],[6.92457,46.06525],[6.90962,46.05076],[6.8944,46.04794],[6.89125,46.0427],[6.87783,46.04637],[6.87171,46.05115],[6.88027,46.06929],[6.89178,46.07374],[6.88812,46.0791],[6.89187,46.08513],[6.8822,46.09517],[6.89513,46.10815],[6.89311,46.11362],[6.89992,46.12388],[6.8907,46.12557],[6.88241,46.12288],[6.87363,46.12596],[6.85125,46.12666],[6.84434,46.12836],[6.842,46.13198],[6.83817,46.13295],[6.8151,46.12927],[6.80721,46.13653],[6.79888,46.1357],[6.79652,46.13869],[6.79459,46.14759],[6.79025,46.15402],[6.79263,46.15973],[6.7917,46.16294],[6.80551,46.17275],[6.80694,46.17853],[6.81258,46.18155],[6.80353,46.20461],[6.80986,46.21384],[6.82158,46.22312],[6.82119,46.23232],[6.83064,46.2344],[6.83714,46.2408],[6.83978,46.24822],[6.8554,46.25521],[6.85444,46.2593],[6.86017,46.26624],[6.85889,46.27388],[6.86492,46.2802],[6.85741,46.29151],[6.8521,46.29222],[6.84736,46.28988],[6.83476,46.2998],[6.82995,46.30018],[6.82809,46.30251],[6.83027,46.30613],[6.8198,46.31557],[6.80703,46.32075],[6.80036,46.32005],[6.79638,46.33301],[6.7843,46.33281],[6.78451,46.33684],[6.77101,46.35377],[6.77143,46.36111],[6.77553,46.36437],[6.79253,46.36751],[6.80553,46.37852],[6.8065,46.38296],[6.80185,46.38584],[6.80192,46.3889],[6.82106,46.42716],[6.86246,46.39096],[6.88477,46.37607],[6.88682,46.36533],[6.88181,46.35449],[6.89449,46.3416],[6.90172,46.33858],[6.91835,46.33927],[6.92989,46.33022],[6.93701,46.29758],[6.95993,46.284],[6.96557,46.26824],[6.98702,46.25284],[6.98953,46.24403],[7.00205,46.23296],[7.00267,46.22496],[7.00798,46.22052],[7.01178,46.2056],[7.02495,46.19771],[7.03317,46.18707],[7.05186,46.19297],[7.06452,46.19962],[7.07123,46.20101],[7.07696,46.19897],[7.08842,46.20159],[7.09624,46.20754],[7.11108,46.21392],[7.12251,46.22348],[7.12121,46.22932],[7.12416,46.23593],[7.14095,46.2379],[7.15016,46.24313],[7.15522,46.25275],[7.16188,46.25391],[7.17814,46.26858],[7.18841,46.27067],[7.1863,46.28284],[7.19483,46.28568],[7.19387,46.28838],[7.19694,46.28913],[7.18924,46.29517],[7.18905,46.3039],[7.22148,46.32925],[7.23242,46.32647],[7.24642,46.328],[7.25453,46.33137],[7.26271,46.33865],[7.26017,46.3444],[7.26246,46.3496],[7.26017,46.35442],[7.2623,46.35824],[7.29051,46.36714],[7.29905,46.36645],[7.31028,46.37516],[7.31276,46.37088],[7.31254,46.36321],[7.30822,46.35877],[7.30999,46.35567],[7.30783,46.35209],[7.31583,46.34379],[7.35492,46.35074],[7.36263,46.35666],[7.38153,46.36439],[7.39939,46.37646],[7.40099,46.3742],[7.41685,46.38017],[7.42741,46.38058],[7.43863,46.38615],[7.4424,46.38327],[7.45433,46.38321],[7.45911,46.381],[7.45902,46.37818],[7.46213,46.37642],[7.46973,46.37812],[7.47329,46.38363],[7.4794,46.38527],[7.48461,46.37915],[7.48531,46.37194],[7.48926,46.37034],[7.49472,46.37198],[7.50245,46.37045],[7.5074,46.37591],[7.52695,46.37462],[7.53877,46.3776],[7.54074,46.38375],[7.55526,46.38898],[7.54699,46.39401],[7.5286,46.40029],[7.53389,46.40969],[7.55458,46.41367],[7.56237,46.41243],[7.58155,46.41756],[7.58644,46.4137],[7.59575,46.41121],[7.60019,46.41597],[7.59739,46.42068],[7.6075,46.42487],[7.61023,46.42858],[7.60835,46.43455],[7.60965,46.43674],[7.62115,46.43929],[7.62608,46.44508],[7.69361,46.42493],[7.69882,46.41923],[7.70852,46.41389],[7.71559,46.41481],[7.72186,46.42101],[7.73509,46.42334],[7.76596,46.43996],[7.77848,46.44333],[7.77941,46.44672],[7.79833,46.45881],[7.82546,46.46708],[7.8285,46.47094],[7.84466,46.4785],[7.86992,46.47783],[7.88706,46.48086],[7.89084,46.48333],[7.89766,46.48243],[7.90584,46.4871],[7.91197,46.48692],[7.91679,46.49155],[7.92363,46.49189],[7.92346,46.49507],[7.93264,46.49822],[7.93452,46.50328],[7.94177,46.50771],[7.95349,46.50797],[7.96759,46.51279],[7.97306,46.52377],[7.96337,46.53526],[7.963,46.53939],[7.97413,46.54651],[7.98588,46.54773],[7.9973,46.5585],[8.00144,46.55795],[8.01607,46.56331],[8.03259,46.56218],[8.04313,46.55686],[8.05467,46.55571],[8.06146,46.55133],[8.0758,46.55555],[8.08697,46.55129],[8.09367,46.55143],[8.09538,46.54889],[8.11417,46.54668],[8.1264,46.53716],[8.14976,46.53164],[8.17451,46.53141],[8.17449,46.52421],[8.18072,46.52034],[8.1993,46.52392],[8.20545,46.52296],[8.21689,46.52629],[8.24176,46.52654],[8.25806,46.5294],[8.26298,46.53347],[8.27959,46.53609],[8.28738,46.54308],[8.30446,46.54627],[8.31272,46.5525],[8.31663,46.55902],[8.33661,46.56111],[8.35064,46.56835],[8.35152,46.57173],[8.36468,46.58247],[8.3606,46.58629],[8.36346,46.59248],[8.36138,46.59804],[8.3619,46.60178],[8.37052,46.61393],[8.37096,46.61886],[8.36851,46.62393],[8.37142,46.6341],[8.38015,46.63415],[8.39475,46.64605],[8.39898,46.65404],[8.41823,46.65219],[8.42199,46.64787],[8.41881,46.63591],[8.42236,46.62726],[8.4204,46.62557],[8.42041,46.61634],[8.41698,46.61256],[8.41614,46.60682],[8.40799,46.60118],[8.41031,46.59637],[8.40614,46.58596],[8.40996,46.57747],[8.41703,46.57109],[8.41963,46.56357],[8.42326,46.56015],[8.42632,46.54732],[8.43557,46.54013],[8.45741,46.53365],[8.46442,46.53583],[8.47763,46.52761],[8.47764,46.52761]]]}},{"type":"Feature","properties":{"name":"Vaud","cantonId":"vaud"},"geometry":{"type":"MultiPolygon","coordinates":[[[[6.77983,46.85297],[6.74187,46.82788],[6.77881,46.80058],[6.78353,46.80283],[6.78728,46.79961],[6.77858,46.79389],[6.77599,46.78976],[6.78301,46.79339],[6.79794,46.78288],[6.80466,46.78565],[6.81344,46.78027],[6.81303,46.77834],[6.81849,46.77822],[6.8254,46.77284],[6.82807,46.77663],[6.83308,46.77455],[6.8395,46.78096],[6.84411,46.77887],[6.85049,46.78236],[6.84923,46.78406],[6.8516,46.78588],[6.85909,46.78801],[6.8638,46.78529],[6.86189,46.78317],[6.8638,46.78113],[6.87955,46.7753],[6.88813,46.77828],[6.89421,46.7773],[6.89983,46.78006],[6.89912,46.7816],[6.90505,46.78155],[6.90734,46.78382],[6.90971,46.78355],[6.90824,46.78202],[6.911,46.77971],[6.91711,46.78471],[6.91654,46.78868],[6.92112,46.79681],[6.93102,46.80355],[6.93137,46.80586],[6.92742,46.80906],[6.92,46.81057],[6.91135,46.80314],[6.90489,46.80561],[6.91085,46.81253],[6.90489,46.82498],[6.9074,46.8342],[6.92041,46.84808],[6.93063,46.85325],[6.91288,46.86594],[6.89436,46.86217],[6.89188,46.86496],[6.90953,46.86951],[6.91177,46.86715],[6.92101,46.87133],[6.9108,46.88063],[6.90696,46.87863],[6.89923,46.88339],[6.89642,46.88304],[6.8657,46.90958],[6.89624,46.92549],[6.93033,46.89953],[6.92373,46.89533],[6.92444,46.89342],[6.93314,46.89255],[6.93601,46.88879],[6.93837,46.88997],[6.9419,46.88413],[6.95171,46.87762],[6.95109,46.87481],[6.95396,46.87539],[6.95791,46.87079],[6.96023,46.87145],[6.96489,46.86539],[6.96944,46.86734],[6.95909,46.87866],[6.95812,46.88146],[6.96176,46.88398],[6.96638,46.8834],[6.97376,46.88732],[6.9889,46.87346],[6.97923,46.86577],[6.97695,46.86053],[6.98059,46.85802],[6.97782,46.85496],[6.97929,46.84696],[6.98442,46.84672],[6.98866,46.84358],[6.986,46.84007],[6.98308,46.83983],[6.98699,46.83718],[6.98614,46.83473],[6.99281,46.83248],[6.9897,46.82641],[6.98345,46.82198],[6.97102,46.82406],[6.96515,46.82824],[6.95785,46.81874],[6.96022,46.81776],[6.95651,46.81494],[6.95885,46.80987],[6.96667,46.80271],[6.956,46.79343],[6.95644,46.79053],[6.95863,46.79031],[6.95709,46.7876],[6.95012,46.78278],[6.94571,46.78454],[6.9411,46.7831],[6.93154,46.77541],[6.93307,46.7747],[6.93125,46.77251],[6.93531,46.77154],[6.92011,46.75986],[6.91443,46.76273],[6.90828,46.75747],[6.91055,46.75327],[6.91668,46.75462],[6.92006,46.75131],[6.93034,46.75422],[6.93796,46.74948],[6.94111,46.74514],[6.93501,46.7359],[6.93634,46.73395],[6.91773,46.71872],[6.91648,46.72004],[6.91139,46.71791],[6.90103,46.71141],[6.89231,46.70259],[6.8944,46.70124],[6.88959,46.69389],[6.88101,46.69006],[6.87312,46.68333],[6.8684,46.68573],[6.86533,46.68128],[6.86269,46.68095],[6.86412,46.67678],[6.87171,46.67326],[6.86439,46.66477],[6.86833,46.66297],[6.86587,46.65895],[6.85938,46.65996],[6.85352,46.65547],[6.84294,46.65837],[6.84411,46.66085],[6.83338,46.66223],[6.83139,46.65983],[6.82741,46.65983],[6.81728,46.64924],[6.8185,46.64781],[6.80694,46.65061],[6.79855,46.64861],[6.80367,46.64568],[6.79692,46.63315],[6.80228,46.62776],[6.80354,46.62125],[6.80184,46.61556],[6.80389,46.60904],[6.80238,46.60143],[6.79833,46.59987],[6.80123,46.59251],[6.79893,46.58206],[6.7949,46.57532],[6.79948,46.57408],[6.80489,46.57793],[6.81322,46.57823],[6.81152,46.58099],[6.8141,46.58567],[6.82059,46.58369],[6.82371,46.57748],[6.83484,46.57534],[6.84644,46.58395],[6.85087,46.58114],[6.85996,46.57987],[6.86789,46.57516],[6.87445,46.56497],[6.87943,46.56713],[6.8845,46.56196],[6.88816,46.5677],[6.89797,46.5706],[6.90164,46.56973],[6.89884,46.565],[6.90227,46.56139],[6.89392,46.55992],[6.89167,46.55733],[6.88821,46.55815],[6.86923,46.54335],[6.86107,46.53069],[6.85884,46.53099],[6.86014,46.53598],[6.85643,46.53705],[6.855,46.54144],[6.83027,46.53746],[6.82518,46.53802],[6.82784,46.54296],[6.82549,46.54357],[6.81827,46.5365],[6.81737,46.53187],[6.81087,46.52513],[6.82428,46.51208],[6.83079,46.51205],[6.83238,46.50545],[6.84172,46.49676],[6.84553,46.49667],[6.8489,46.49338],[6.86275,46.49385],[6.86633,46.5008],[6.88167,46.51258],[6.89669,46.52045],[6.89571,46.50775],[6.90113,46.51328],[6.91138,46.51325],[6.9346,46.5014],[6.95419,46.50191],[6.96558,46.49316],[6.97209,46.4912],[6.9738,46.48119],[6.98131,46.47539],[6.97782,46.47289],[6.97905,46.46107],[6.9921,46.44891],[6.9836,46.43873],[6.98878,46.43808],[7.01785,46.44707],[7.02197,46.46112],[7.03851,46.47432],[7.06108,46.48728],[7.06582,46.48904],[7.07239,46.4864],[7.07758,46.48884],[7.10036,46.48699],[7.11029,46.4948],[7.12278,46.4987],[7.12634,46.50316],[7.13625,46.50861],[7.145,46.52686],[7.14835,46.52846],[7.15794,46.52679],[7.16343,46.52854],[7.18233,46.53837],[7.19217,46.54656],[7.20081,46.54169],[7.20765,46.53291],[7.22342,46.54787],[7.23707,46.55379],[7.23715,46.54635],[7.24593,46.53783],[7.24473,46.53319],[7.24918,46.52113],[7.24526,46.50218],[7.23956,46.49579],[7.23258,46.49478],[7.23556,46.49279],[7.23619,46.48803],[7.22414,46.48689],[7.22498,46.47748],[7.23091,46.4662],[7.22889,46.45892],[7.22636,46.45747],[7.23232,46.45394],[7.22597,46.45165],[7.22694,46.44918],[7.22256,46.44201],[7.21313,46.43951],[7.19513,46.44067],[7.19254,46.43522],[7.20986,46.41628],[7.20693,46.40839],[7.20778,46.40298],[7.19438,46.38396],[7.19371,46.37893],[7.20831,46.37867],[7.20722,46.37349],[7.21629,46.36177],[7.22631,46.36501],[7.23006,46.36194],[7.21884,46.35754],[7.22269,46.34857],[7.22148,46.32925],[7.18905,46.3039],[7.18924,46.29517],[7.19694,46.28913],[7.19387,46.28838],[7.19483,46.28568],[7.1863,46.28284],[7.18841,46.27067],[7.17814,46.26858],[7.16188,46.25391],[7.15522,46.25275],[7.15016,46.24313],[7.14095,46.2379],[7.12416,46.23593],[7.12121,46.22932],[7.12251,46.22348],[7.10627,46.21102],[7.09624,46.20754],[7.08842,46.20159],[7.07696,46.19897],[7.07123,46.20101],[7.06452,46.19962],[7.05186,46.19297],[7.03317,46.18707],[7.02495,46.19771],[7.01178,46.2056],[7.00798,46.22052],[7.00267,46.22496],[7.00205,46.23296],[6.98953,46.24403],[6.98702,46.25284],[6.96557,46.26824],[6.95993,46.284],[6.93701,46.29758],[6.92989,46.33022],[6.91835,46.33927],[6.90172,46.33858],[6.89449,46.3416],[6.88181,46.35449],[6.88682,46.36533],[6.88477,46.37607],[6.86246,46.39096],[6.82315,46.42595],[6.68186,46.45434],[6.51911,46.45638],[6.42562,46.41582],[6.33519,46.40373],[6.25296,46.36043],[6.24142,46.34368],[6.21192,46.3538],[6.20205,46.35478],[6.19766,46.36042],[6.18692,46.36055],[6.18024,46.36459],[6.1744,46.3624],[6.17624,46.36006],[6.17109,46.35842],[6.17269,46.35482],[6.18626,46.34955],[6.19487,46.34863],[6.19311,46.34373],[6.20356,46.33884],[6.23231,46.33045],[6.19873,46.28444],[6.15337,46.29917],[6.13467,46.30891],[6.12593,46.3162],[6.12524,46.31932],[6.13608,46.32848],[6.13623,46.33212],[6.13922,46.33342],[6.13721,46.33568],[6.13943,46.33776],[6.13791,46.33875],[6.1494,46.34272],[6.15148,46.3474],[6.15769,46.34992],[6.15926,46.35732],[6.16973,46.36784],[6.16118,46.37484],[6.15932,46.37968],[6.14966,46.37754],[6.13469,46.38872],[6.11297,46.39996],[6.11381,46.39684],[6.10567,46.39943],[6.09762,46.40905],[6.06385,46.41641],[6.07388,46.42838],[6.07456,46.43219],[6.08561,46.44085],[6.0864,46.4439],[6.08438,46.44746],[6.07441,46.45353],[6.07691,46.45761],[6.07344,46.4599],[6.07279,46.46546],[6.09689,46.48132],[6.1126,46.50958],[6.13795,46.53101],[6.14368,46.52775],[6.15347,46.53681],[6.14858,46.53938],[6.15666,46.54531],[6.11047,46.57646],[6.12185,46.58402],[6.12652,46.58994],[6.1396,46.59764],[6.15369,46.60367],[6.1612,46.60998],[6.17896,46.61577],[6.1795,46.62012],[6.1963,46.62826],[6.1995,46.63454],[6.2074,46.63564],[6.21902,46.6451],[6.22757,46.64821],[6.23275,46.65447],[6.26725,46.67622],[6.27045,46.67911],[6.26913,46.68256],[6.28199,46.69069],[6.29706,46.69429],[6.32511,46.70649],[6.35214,46.71487],[6.36016,46.7231],[6.36416,46.72178],[6.3717,46.72413],[6.3713,46.72919],[6.36783,46.72921],[6.38493,46.7314],[6.39202,46.73898],[6.3884,46.74331],[6.3952,46.74848],[6.42462,46.75447],[6.43819,46.76179],[6.43845,46.76669],[6.45226,46.77423],[6.45167,46.77864],[6.45842,46.78879],[6.43479,46.8015],[6.43104,46.81237],[6.44084,46.81583],[6.43952,46.82399],[6.44316,46.83272],[6.46004,46.85131],[6.46537,46.85084],[6.46653,46.84784],[6.48211,46.8466],[6.52332,46.85657],[6.53777,46.86686],[6.55144,46.8728],[6.58764,46.88432],[6.59863,46.88363],[6.61464,46.88892],[6.62711,46.88871],[6.64549,46.90617],[6.64723,46.91071],[6.66852,46.92057],[6.72083,46.9361],[6.72041,46.93333],[6.72371,46.93112],[6.71754,46.91587],[6.71671,46.90608],[6.74012,46.89482],[6.73801,46.88457],[6.74069,46.88333],[6.73251,46.86832],[6.74001,46.87199],[6.75531,46.87044],[6.77983,46.85297]],[[6.97104,46.82657],[6.97106,46.82603],[6.97122,46.82604],[6.97166,46.82628],[6.972,46.82659],[6.97155,46.82702],[6.97096,46.82739],[6.97077,46.82714],[6.97104,46.82657]],[[6.16677,46.3431],[6.17129,46.34058],[6.17452,46.34693],[6.18167,46.3437],[6.18442,46.34586],[6.17555,46.35134],[6.16795,46.34475],[6.16677,46.3431]],[[6.77301,46.75137],[6.76827,46.74449],[6.75905,46.73748],[6.75265,46.73657],[6.7487,46.73181],[6.75173,46.72823],[6.75879,46.72548],[6.76026,46.7231],[6.75855,46.72198],[6.76241,46.71738],[6.7774,46.72612],[6.77756,46.72978],[6.78445,46.73543],[6.78418,46.74583],[6.78626,46.74762],[6.7788,46.75122],[6.77611,46.7494],[6.77301,46.75137]],[[6.80621,46.72694],[6.81128,46.7279],[6.81749,46.73329],[6.82839,46.73551],[6.83787,46.73281],[6.84633,46.72748],[6.86187,46.72459],[6.86717,46.72713],[6.86616,46.73302],[6.88209,46.74981],[6.87564,46.7539],[6.87699,46.75588],[6.86334,46.7636],[6.85883,46.76146],[6.85768,46.76275],[6.86018,46.7664],[6.85442,46.77203],[6.85157,46.77228],[6.85307,46.77472],[6.84894,46.77311],[6.84763,46.77494],[6.84564,46.77171],[6.84882,46.77113],[6.84361,46.76656],[6.84547,46.76586],[6.82932,46.75608],[6.82822,46.75448],[6.83043,46.75382],[6.82647,46.75226],[6.82434,46.7474],[6.81512,46.74064],[6.81533,46.73758],[6.80595,46.7354],[6.80401,46.73687],[6.79811,46.73407],[6.79665,46.73635],[6.79351,46.73575],[6.78846,46.72797],[6.79298,46.72556],[6.80575,46.72704],[6.80621,46.72694]]],[[[7.04035,46.97953],[7.05215,46.97713],[7.06305,46.97111],[7.06024,46.96874],[7.0613,46.96677],[7.05791,46.96541],[7.05964,46.96309],[7.05742,46.95957],[7.05962,46.95582],[7.05646,46.95523],[7.05874,46.9538],[7.06139,46.944],[7.05789,46.93861],[7.09341,46.90579],[7.08624,46.90192],[7.08885,46.89972],[7.0871,46.8971],[7.07439,46.89529],[7.07984,46.89412],[7.07091,46.88976],[7.07208,46.88872],[7.06426,46.8871],[7.06168,46.87962],[7.0673,46.88094],[7.07033,46.87174],[7.06262,46.86714],[7.0532,46.85561],[7.04908,46.85487],[7.04441,46.84796],[7.03959,46.8483],[7.03706,46.84558],[7.02912,46.85087],[7.0341,46.85532],[7.03334,46.85706],[7.03967,46.86061],[7.0299,46.86618],[7.03565,46.87338],[7.02519,46.8778],[7.02129,46.87669],[7.0162,46.88078],[7.01551,46.87703],[7.00842,46.87316],[6.99934,46.87433],[6.9938,46.87897],[7.00951,46.88904],[6.98117,46.90942],[6.98447,46.91199],[6.98177,46.91359],[6.9875,46.91818],[6.98666,46.91962],[6.97811,46.92341],[6.97154,46.92119],[6.96491,46.92439],[6.9282,46.9534],[7.00243,46.98691],[7.03662,46.98025],[7.04035,46.97953]]]]}},{"type":"Feature","properties":{"name":"Zug","cantonId":"zug"},"geometry":{"type":"Polygon","coordinates":[[[8.41008,47.24837],[8.4165,47.24132],[8.41426,47.23894],[8.4165,47.23697],[8.41819,47.22662],[8.4217,47.22332],[8.44113,47.22521],[8.44381,47.22263],[8.44665,47.22337],[8.44781,47.22002],[8.45256,47.21789],[8.45669,47.21857],[8.46141,47.21363],[8.4701,47.2134],[8.47385,47.21062],[8.47331,47.20852],[8.50332,47.21223],[8.50511,47.21477],[8.51234,47.21551],[8.51257,47.21941],[8.52122,47.22018],[8.53109,47.21756],[8.53251,47.22211],[8.53637,47.2206],[8.53934,47.22308],[8.54589,47.22139],[8.55385,47.22323],[8.56036,47.21954],[8.57449,47.21701],[8.57667,47.21873],[8.58261,47.21793],[8.58102,47.21456],[8.58236,47.21083],[8.5945,47.21191],[8.5977,47.20894],[8.59634,47.20489],[8.59859,47.20158],[8.60605,47.20524],[8.61295,47.20186],[8.61815,47.19462],[8.6174,47.19228],[8.62088,47.19037],[8.62064,47.18774],[8.62815,47.17944],[8.62401,47.1747],[8.62485,47.17269],[8.639,47.17157],[8.64168,47.16892],[8.66074,47.1703],[8.66124,47.16095],[8.66614,47.1596],[8.69583,47.16293],[8.69877,47.15286],[8.70117,47.15094],[8.69058,47.14782],[8.68478,47.14192],[8.68752,47.13455],[8.68438,47.13309],[8.68605,47.13126],[8.68183,47.12506],[8.67073,47.11912],[8.67183,47.11568],[8.65981,47.11467],[8.66056,47.11183],[8.64549,47.09962],[8.64492,47.09585],[8.63725,47.09332],[8.60871,47.09445],[8.60746,47.09199],[8.59616,47.09147],[8.59011,47.0864],[8.56862,47.08108],[8.56251,47.0829],[8.56488,47.08726],[8.56247,47.09375],[8.54421,47.09445],[8.53988,47.09199],[8.52195,47.08985],[8.49305,47.10017],[8.49374,47.11373],[8.48038,47.12632],[8.46586,47.11706],[8.45561,47.11344],[8.44956,47.13101],[8.44162,47.12947],[8.43041,47.12331],[8.41785,47.12238],[8.41541,47.12441],[8.41434,47.12655],[8.41677,47.13055],[8.41222,47.14056],[8.41488,47.14683],[8.41196,47.1536],[8.41517,47.15857],[8.41523,47.16459],[8.4112,47.17416],[8.40214,47.1773],[8.40034,47.18587],[8.4053,47.19572],[8.4005,47.20832],[8.40083,47.21509],[8.39683,47.21916],[8.39485,47.22573],[8.39752,47.23093],[8.40584,47.23671],[8.41077,47.24537],[8.41019,47.24826],[8.41008,47.24837]]]}},{"type":"Feature","properties":{"name":"Zürich","cantonId":"zurich"},"geometry":{"type":"Polygon","coordinates":[[[8.94353,47.37591],[8.95123,47.37172],[8.96026,47.35369],[8.9718,47.35252],[8.97442,47.34738],[8.97311,47.33987],[8.97929,47.33794],[8.97733,47.32718],[8.98495,47.31938],[8.97496,47.30702],[8.95697,47.30448],[8.94891,47.29217],[8.93372,47.2883],[8.94058,47.28436],[8.94144,47.27986],[8.94563,47.28204],[8.94883,47.28094],[8.94714,47.27494],[8.94091,47.27166],[8.94446,47.26949],[8.9403,47.26735],[8.93707,47.26123],[8.90919,47.25446],[8.9083,47.25674],[8.8735,47.25199],[8.87377,47.24766],[8.86071,47.24326],[8.85524,47.24438],[8.85172,47.25111],[8.84475,47.24862],[8.84473,47.24697],[8.83767,47.24702],[8.82682,47.25151],[8.80251,47.24667],[8.79928,47.24211],[8.79653,47.24252],[8.79572,47.23911],[8.80861,47.22008],[8.79338,47.22256],[8.74054,47.21157],[8.71311,47.20303],[8.7101,47.20042],[8.70405,47.2023],[8.70234,47.19796],[8.69419,47.19635],[8.68107,47.18407],[8.68034,47.17923],[8.68311,47.17349],[8.69136,47.16901],[8.69221,47.16339],[8.67499,47.15944],[8.66614,47.1596],[8.66124,47.16095],[8.66074,47.1703],[8.64168,47.16892],[8.639,47.17157],[8.62485,47.17269],[8.62401,47.1747],[8.62815,47.17944],[8.62064,47.18774],[8.62088,47.19037],[8.6174,47.19228],[8.61815,47.19462],[8.61295,47.20186],[8.60605,47.20524],[8.59859,47.20158],[8.59634,47.20489],[8.5977,47.20894],[8.5945,47.21191],[8.58236,47.21083],[8.58102,47.21456],[8.58279,47.21789],[8.57667,47.21873],[8.57461,47.217],[8.56036,47.21954],[8.55385,47.22323],[8.54589,47.22139],[8.53934,47.22308],[8.53637,47.2206],[8.53251,47.22211],[8.53109,47.21756],[8.52122,47.22018],[8.51257,47.21941],[8.51234,47.21551],[8.50511,47.21477],[8.50332,47.21223],[8.47331,47.20852],[8.47385,47.21062],[8.4701,47.2134],[8.46141,47.21363],[8.45669,47.21857],[8.45256,47.21789],[8.44781,47.22002],[8.44665,47.22337],[8.44381,47.22263],[8.44113,47.22521],[8.4217,47.22332],[8.41825,47.22651],[8.4165,47.23697],[8.41421,47.23915],[8.4165,47.24132],[8.40276,47.25493],[8.40444,47.26064],[8.40051,47.26523],[8.40224,47.27225],[8.39501,47.27808],[8.38865,47.29002],[8.39271,47.29091],[8.39723,47.2879],[8.40359,47.29176],[8.41723,47.29386],[8.42914,47.30067],[8.43077,47.3052],[8.42928,47.30724],[8.43208,47.30837],[8.43205,47.31154],[8.4458,47.31999],[8.45511,47.33408],[8.43478,47.32532],[8.42944,47.32735],[8.41629,47.32446],[8.41321,47.32639],[8.41663,47.33688],[8.40732,47.34157],[8.40387,47.34656],[8.40928,47.35507],[8.40738,47.35554],[8.40494,47.3641],[8.4082,47.36665],[8.40785,47.36976],[8.40037,47.37051],[8.40078,47.3742],[8.39639,47.37704],[8.39403,47.39116],[8.39657,47.39386],[8.39191,47.39584],[8.38315,47.39458],[8.37935,47.39991],[8.36639,47.39882],[8.36276,47.40161],[8.36583,47.40251],[8.36744,47.40073],[8.36909,47.40331],[8.37609,47.4048],[8.37925,47.4024],[8.38201,47.40351],[8.38462,47.40621],[8.38123,47.41053],[8.38538,47.41448],[8.38176,47.41626],[8.3838,47.41802],[8.38755,47.41636],[8.39227,47.42143],[8.38763,47.42796],[8.37508,47.43066],[8.37618,47.43349],[8.38287,47.4329],[8.38504,47.43594],[8.38102,47.44637],[8.38176,47.44869],[8.38691,47.4496],[8.38291,47.45624],[8.3802,47.45614],[8.37889,47.45927],[8.37284,47.45918],[8.36945,47.46533],[8.36569,47.46621],[8.3678,47.47035],[8.37533,47.47113],[8.3742,47.48045],[8.36328,47.48085],[8.36266,47.4906],[8.35828,47.49748],[8.3631,47.50114],[8.35857,47.50129],[8.35896,47.50593],[8.36165,47.50782],[8.36123,47.5101],[8.37706,47.51239],[8.38037,47.51597],[8.38353,47.52768],[8.38665,47.52887],[8.39332,47.52572],[8.39573,47.52831],[8.39509,47.53176],[8.40443,47.53431],[8.40102,47.54003],[8.40422,47.53821],[8.40511,47.54185],[8.41113,47.5461],[8.41741,47.54588],[8.41445,47.55389],[8.41769,47.55845],[8.41875,47.56516],[8.42568,47.56786],[8.43419,47.56668],[8.45612,47.57242],[8.4649,47.57234],[8.47667,47.5778],[8.48531,47.57715],[8.49475,47.58103],[8.4887,47.58783],[8.46687,47.58425],[8.46482,47.58801],[8.46054,47.58837],[8.46123,47.59266],[8.45704,47.59738],[8.45669,47.60231],[8.46854,47.60386],[8.47139,47.60659],[8.47032,47.60855],[8.47529,47.60793],[8.47921,47.61521],[8.49332,47.61443],[8.50834,47.61752],[8.50744,47.62382],[8.51514,47.62338],[8.5128,47.62531],[8.51535,47.62712],[8.51669,47.63412],[8.53895,47.63096],[8.53869,47.62629],[8.5579,47.62445],[8.56293,47.6167],[8.56933,47.6172],[8.57123,47.61248],[8.5744,47.61229],[8.56639,47.60986],[8.56602,47.60519],[8.56165,47.6013],[8.56308,47.59945],[8.55629,47.59763],[8.55549,47.59396],[8.54667,47.59244],[8.53535,47.58711],[8.537,47.58343],[8.53356,47.58215],[8.54014,47.5782],[8.53498,47.57528],[8.54639,47.57416],[8.54622,47.57131],[8.5416,47.56992],[8.54839,47.56428],[8.55144,47.5555],[8.5552,47.55254],[8.55894,47.55301],[8.56752,47.56255],[8.57194,47.57429],[8.58005,47.577],[8.57717,47.58454],[8.57844,47.58948],[8.58278,47.59293],[8.59422,47.5964],[8.59572,47.60561],[8.60476,47.61289],[8.60495,47.61669],[8.5971,47.63005],[8.59588,47.64308],[8.6077,47.65241],[8.61282,47.64943],[8.61407,47.6447],[8.61079,47.64186],[8.60416,47.64127],[8.60338,47.63883],[8.60703,47.63707],[8.61555,47.63771],[8.62334,47.64092],[8.6287,47.64905],[8.62767,47.65377],[8.6088,47.66342],[8.60614,47.66913],[8.61364,47.67856],[8.61932,47.67505],[8.62633,47.67782],[8.62511,47.69167],[8.64326,47.69435],[8.66022,47.68605],[8.66943,47.68485],[8.66798,47.67714],[8.67688,47.67177],[8.67905,47.6678],[8.67769,47.66258],[8.68461,47.65339],[8.68671,47.65359],[8.68806,47.64997],[8.70035,47.64703],[8.70866,47.64191],[8.71419,47.64438],[8.71979,47.64109],[8.72466,47.64305],[8.73492,47.64117],[8.74346,47.64303],[8.74337,47.63977],[8.7472,47.63864],[8.76485,47.64882],[8.77619,47.64884],[8.78227,47.65236],[8.78601,47.6552],[8.78854,47.66536],[8.80526,47.66472],[8.80341,47.66064],[8.80493,47.6604],[8.80486,47.65223],[8.82644,47.64674],[8.8274,47.63906],[8.82023,47.6293],[8.81314,47.62744],[8.81171,47.62264],[8.8143,47.62108],[8.81155,47.61897],[8.814,47.61721],[8.80471,47.61332],[8.80168,47.60296],[8.80282,47.60114],[8.78879,47.60344],[8.7898,47.6094],[8.76219,47.61808],[8.75632,47.61662],[8.74813,47.62304],[8.74591,47.62116],[8.74581,47.61294],[8.74017,47.6119],[8.7394,47.60804],[8.74878,47.60004],[8.74566,47.59649],[8.74823,47.59231],[8.76528,47.59255],[8.80605,47.58315],[8.8024,47.58285],[8.80107,47.58054],[8.80621,47.5795],[8.80475,47.57506],[8.8081,47.57433],[8.80741,47.57157],[8.81659,47.57017],[8.82249,47.57306],[8.83002,47.5711],[8.83123,47.57339],[8.83881,47.57119],[8.83919,47.56535],[8.84484,47.56613],[8.84429,47.56325],[8.85097,47.56361],[8.85109,47.5608],[8.82789,47.55598],[8.83441,47.54291],[8.83994,47.53933],[8.84084,47.53267],[8.86962,47.5303],[8.8804,47.52703],[8.88345,47.52941],[8.89834,47.52417],[8.89531,47.51925],[8.8971,47.51768],[8.89711,47.50501],[8.89267,47.50057],[8.89258,47.49751],[8.89281,47.48841],[8.89679,47.4879],[8.8977,47.48511],[8.8853,47.48171],[8.88488,47.47701],[8.88099,47.47475],[8.88472,47.47347],[8.88431,47.46967],[8.89073,47.4693],[8.89374,47.46512],[8.89172,47.46437],[8.89562,47.46277],[8.89544,47.45972],[8.90881,47.44834],[8.90266,47.44424],[8.90682,47.43879],[8.92165,47.43487],[8.93272,47.43554],[8.93004,47.43159],[8.917,47.43317],[8.91362,47.43153],[8.91132,47.43377],[8.90775,47.43133],[8.91462,47.42772],[8.91116,47.42357],[8.91394,47.41827],[8.91269,47.41284],[8.90347,47.40205],[8.92082,47.39946],[8.94155,47.38731],[8.94367,47.38412],[8.94013,47.37975],[8.94344,47.37605],[8.94353,47.37591]],[[8.43823,47.40756],[8.43852,47.40761],[8.43881,47.40772],[8.43894,47.40776],[8.4391,47.4078],[8.43924,47.40782],[8.43931,47.40783],[8.43938,47.40786],[8.43944,47.40789],[8.43948,47.40793],[8.43958,47.40809],[8.43964,47.40816],[8.43968,47.40823],[8.43972,47.40828],[8.43975,47.40831],[8.43981,47.40834],[8.43988,47.40837],[8.44014,47.40844],[8.44027,47.40849],[8.44037,47.40852],[8.44014,47.40887],[8.43984,47.40902],[8.4391,47.4088],[8.43884,47.4086],[8.43836,47.40829],[8.43797,47.40807],[8.43792,47.40795],[8.4379,47.40786],[8.43798,47.40763],[8.43794,47.40762],[8.438,47.40751],[8.43823,47.40756]]]}}]}
